1;A BÊNÇÃO;;"A Jesus crianças vinham
Suas bênçãos suplicar;
Pois a mim, que sou criança,
Oh, não há de recusar!

Das crianças de outro tempo
Ele teve compaixão;
Oh, não há de despedir-me
Sem me dar a salvação!

Não mais anda neste mundo,
Mas na glória Cristo está.
Que as crianças inda venham:
Ele as abençoará.

Minhas mãos tão pequeninas
Te suplicam, ó Senhor:
Dá-me, pois, a tua bênção,
Tua graça e teu amor!"
2;A CEIA DO SENHOR;;"Será possível esquecer
O teu amor, Senhor?
A tua graça em conceder
Perdão ao pecador?

Será possível esquecer
O teu sofrer, Senhor?
A vida que vieste ter,
Vivida em tanta dor?

Será possível esquecer
A grande salvação
Que Tu vieste nos trazer,
Que muda o coração?

Nós vamos hoje celebrar,
Em santa comunhão,
O teu sofrer, o teu penar,
Sim, nossa redenção."
3;A CIDADE DO BOM JESUS;;"Que se diz dos teus encantos,
Ó cidade do bom Deus!
Que soberba te levantas
Entre as glórias desses céus,
Desde o mundo preparada
Para Cristo e para os Seus.

São de jaspe adamantino
Os teus muros, ó Sião!
São douradas essas ruas,
Que os remidos pisarão!
De celeste luz banhadas,
Refulgentes sempre estão!

Pelo próprio Deus fundada
Sobre a rocha secular
Quão seguras tuas portas!
Quem as pode ameaçar?
Igualmente, quão seguro
Quem por ela lá entrar!

Quão felizes são teus filhos,
Vendo a face do Senhor!
Nunca mais a fome sentem,
Nunca sentem mais a dor,
Com os anjos desfrutando
Pleno gozo, paz e amor!

O trono do Cordeiro,
Noite e dia, sem cessar
Corre o rio de água viva,
Para todos saciar!
Lá com Cristo, vão teus filhos,
Satisfeitos descansar!

Se, por Teu amor infindo,
De Sião eu filho for,
Zombe o mundo e escarneça,
Nada importa, Salvador,
Pois que do Teu gozo eterno
Mesmo aqui tenho o penhor!"
4;A CIDADE SANTA;;"Palavras verdadeiras, que João testificou
Da Cidade Santa, que Deus lhe mostrou,
O muro e a cidade com doze fundamentos
Estava situada, em quadrado comprimento.

A Santa Cidade, Nova Jerusalém
Ali não haverá maldição contra alguém
Olhai não faças tal, porque sou conservo teu
Guarde as palavras do livro e adorarás a Deus.

O cordeiro e sua lâmpada, Teus servos servirão
Nosso Deus nos ilumina para sempre reinarão
Ali não haverá, maldição nem a mentira
Mas só os que estão escritos no Livro da Vida.

Não haverá mais morte, nem pranto e nem clamor
Jesus é a nossa luz, é nosso Governador
Por isso meus irmãos, olhai não faças tal
Porque água da vida, é clara como cristal.

Então vamos seguir,
A mensagem do Profeta
Pra entrar nesta cidade,
Com as suas portas abertas."
5;A COLHEITA ALÉM;;"Cai a semente no bom frescor,
É semeada, sim, no calor,
É semeada na viração,
É semeada na escuridão.

Oh, qual há de ser, além,
A ceifa do mal ou bem?
Sempre lançada com força ou langor,
Com ousadia, com medo e tremor,
Já, ou nos dias do certo porvir,
Messe bendita e gloriosa tem de vir!

Sobre os rochedos irá murchar,
Ou nas estradas se esperdiçar,
Entre os espinhos vai se perder,
Ou nas campinas há de crescer.

Há sementeira, pois, de amargor,
Há de remorso e de negro horror,
Há de vergonha e de confusão,
Há de miséria e de perdição.

Vale-me tu, grande Semeador!
Faz prosperar todo o meu labor:
Quero servir-te, meu Rei Jesus,
Quero contigo ceifar em luz.

Trad.: Sarah Poulton Kalley (1825-1907)"
6;A CRISTO COROAI;;"A Cristo coroai! Que por nós encarnou,
E Deus, o Santo Deus e Pai, aos homens revelou.
Eis Sua compaixão! Eis Sua mansidão!
Quem vê a Cristo, vê ao Pai; sim, vê Seu coração.

A Cristo coroai! De tudo o Criador,
O Filho do eterno Deus, do mundo, o Salvador, Jesus Emanuel,
o grande Redentor!
Em busca dos perdidos, vem o nosso bom Pastor.

A Cristo coroai! Que sobre a cruz, ganhou
Por nós eterna redenção e para o céu voltou!
Ele é o Rei dos reis! O Príncipe da paz!
Jesus, da morte, o vencedor, que a Salvação nos traz.

A Cristo coroai! De todos o Senhor,
A quem a multidão dos céus aclama com fervor!
Eis o Cordeiro ali, que sobre o trono está!
Que vive e reina lá por nós, e cedo voltará."
7;A CRUZ;;"Cristo, em tua cruz há glória,
dominando o caos maior;
toda a luz da sacra história
se concentra ao seu redor.

Se me abatem vis temores,
e a esperança se desfaz,
é na cruz que encontro flores;
dela vem prazer e paz.

Se o sol brilha da ventura,
alegrando o meu viver,
lá da cruz a luz fulgura
e me traz maior prazer.

Por igual, já são benditas
a ventura e a dor, na cruz;
alegrias inauditas
nela trouxe o bom Jesus."
8;A CRUZ DE CRISTO;;"1. Quero estar ao pé da cruz,
Que tão rica fonte
Corre franca, salutar,
De Sião no monte.

[coro]
Sim, na cruz, sim na cruz,
Na cruz me glorio,
Até que ao fim vá descansar,
Salvo além do rio.

2. A tremer, ao pé da cruz.
Graça, amor achou-me;
Matutina estrela, ali
Raios Seus, mandou-me.

3. Sempre a cruz, Jesus, meu Deus,
Queiras recordar-me
Dela á sombra, Salvador,
Queiras abrigar-me.

4. Junto à cruz, ardendo em fé,
Sem temor vigio,
Até que a terra eu possa ir ver,
Santa além do rio."
9;A DEUS SUPREMO;;"A Deus supremo Benfeitor;
Vós anjos e homens dai louvor,
A Deus o Filho a Deus o Pai,
A Deus Espírito, glória dai!

A Deus supremo Benfeitor;
Vós anjos e homens dai louvor,
A Deus o Filho a Deus o Pai,
A Deus Espírito, glória dai!"
10;A DOCE LUZ;;"Eu nas trevas vagueava
Sem a luz da retidão;
A minha alma estava morta,
E eu, sem fé no coração.

Mas um dia a sua graça
Deus mandou e a doce luz;
Vi então caminho claro,
Sim, ouvi o meu Jesus.

Dentro em mim meu ‘homem velho’
Contra a retidão lutou;
Mas Jesus comigo estava,
Santamente me guiou.

Foi um novo nascimento,
Honra e glória ao Redentor!
Ele deu-me luz e vida,
Santidade e seu amor.

Como é triste andar em trevas,
Sem perdão do Salvador!
Bela é a vida, mas a vida
Dominada pelo amor."
11;A ESPADA DE DEUS;;"[coro]
Eu fui ferido pela espada de Deus
Eu fui ferido pela espada de Deus
Mas em vez de morte, vida ela me deu
Mas em vez de morte, vida ela me deu.

1. Feriu meu pecado, meu erro mostrou
E a vaidade toda ela tirou.

2. Feriu minha carne, mudou a minha mente
De um pecador me fez um fiel crente.

3. Cortou a tristeza, também melancolia,
Despedaçou o tédio e me deu alegria.

4. Abriu-me os olhos, deu-me nova visão
E mostrou-me o caminho de ir para Sião."
12;A ESPERANÇA DA IGREJA;;"Até que volte o Salvador,
Cercando a mesa do Senhor,
A Ceia vimos celebrar,
De Cristo, a morte anunciar,
E com humilde devoção,
Render a Deus adoração.

Até que volte o Salvador,
Aqui mostremos Seu amor;
Com viva fá e gratidão,
Participemos deste pão,
Obedientes a Jesus,
Lembrando assim a Sua cruz!

Até que volte o Salvador,
Bebendo o cálice do Senhor,
Seu nome queremos bendizer,
E mais e mais engrandecer,
O sangue que Ele derramou,
O sangue que nos resgatou!

Se duras são as provações,
Se fortes as perseguições,
Se as lutas fazem-se sentir,
E custa-nos as resistir,
Não nos deixemos perturbar:
São só até Jesus voltar!

Bem prontos para O receber,
Devemos sempre aqui viver;
O tempo foge, o dia vem,
A glória esperamos além,
Pois trabalhemos, com fervor,
Até que volte o Salvador."
13;A ESTATURA DE UM HOMEM PERFEITO;;"1. Para ser um cristão, fiel e verdadeiro
É preciso ter a natureza do cordeiro
Ser manso e humilde de coração
Ter dentro de si a pirâmide, que estas coisas são

[coro]
Fé, virtude, temperança e conhecimento
Paciência, piedade e amor fraternal
Fé, virtude, temperança e conhecimento
Paciência, piedade e amor fraternal

2. O sétimo mensageiro que veio p’ra revelar
Os mistérios de Deus, que o anjo mandou João selar
O irmão Branham é o Elias que veio p’ra nos corrigir
E tornar-nos iguais a Cristo, ele tem essas coisas em si

3. Estas são as sete naturezas do Cordeiro
Que por nós expirou no madeiro
Este cordeiro é Cristo, meu Salvador e Rei.
É ele que nos ensina, todas estas coisas ser."
14;A EXCELÊNCIA DO AMOR;;"Qual o adorno desta vida
É o amor, é o amor
Alegria é concedida,
Pelo amor, pelo amor,
É benigno, é paciente
Não se torna maldizente,
Não se torna maldizente
Este meigo amor.

Com suspeita não se alcança
Vero amor, vero amor;
Onde houver desconfiança,
Ai do amor, ai do amor!
Pois mostremos lealdade;
Muitas vezes a falsidade,
Muitas vezes a falsidade
Murcha e mata o amor.

Não te irrites, mas tolera
Com amor, com amor;
Tudo sofre, tudo espera
Pelo amor, pelo amor.
Sentimentos orgulhosos
Não convém a criminosos,
Não convém a criminosos
Salvos pelo amor.

Ó cristão, ao teu vizinho
Mostra o amor, mostra o amor;
O valor não é mesquinho
Deste amor, deste amor
O supremo Deus nos ama;
Cristo para o céu nos chama,
Cristo para o céu nos chama,
Onde reina o amor!"
15;A FELICIDADE;;"1. Estou seguindo a Cristo,
Um santo caminho que vai para o céu.
Passei por outros caminhos
Mas felicidades não encontrei

[coro]
Não tenho mais saudades
Dos tristes caminhos por onde passei,
Pois a felicidade que eu almejava
Agora encontrei
Não tenho mais saudades
Porque neste mundo só tem ilusão,
Felicidade é Cristo, e hoje ele mora no meu coração.

2. Antigamente eu via
O mundo florido e cheio de cor
Mais era fantasia
E eu logo vi que não tinha valor"
16;A FONTE SALVADORA;;"Ó pecador, vem à fonte,
Com o teu fardo de dor,
Vem Sepultá-lo nas águas;
Paz acharás no Senhor.

Depressa vem, depressa vem!
Um só instante não queiras perder;
Jesus espera salvar-te;
Mercê p’ra ti, Ele tem.

Como estás, vem à fonte,
Jesus esperando está;
E tua alma manchada
Alva e pura será.

O Salvador não despreza
Quem, arrependido, crer.
A vida eterna esperando
De Suas mãos receber.

Vem ser curado na fonte;
Jesus a paz te quer dar;
Vem, humilhado e Contrito,
Tua alma purificar."
17;A FONTE TRANSBORDANTE;;"1. Oh! Que fonte Transbordante!
Mais profunda Que o mar
É de Deus o Amor imenso,
Que Jesus me Veio dar.

[coro]
Ele me abriu a porta, e me reconciliou,
Por seu sangue derramado;
Para Deus me consagrou.

2. Como uma Pomba perseguida
E cansado Estava eu
Mas Jesus Jamais rejeita,
Quem buscar O abrigo Seu.

3. Graça abundantemente
Sobre mim já Derramou;
Onde abundou Pecado,
Graça Superabundou.

4. Quando Alvorecer Meu dia,
Com Jesus, Irei pro céu;
Eu o exaltarei Pra sempre,
Pois salvou Um perdido Réu."
18;A FORMOSA JERUSALÉM;;"Quão glorioso, cristão, é pensares
Na cidade que não tem igual,
Onde os muros são de puro jaspe.
E as ruas de ouro e cristal;
Pensa como será glorioso
Ver-se a triunfal multidão.
Que cantando, aguarda a chegada
Dos que vencem a tribulação.

Pensa como será glorioso
Ver o rio da vida e luz,
Cujas margens juncadas de lírios,
São a glória de nosso Jesus;
Haverá lá perpétua aurora,
Pois Deus mesmo a alumiará;
E o Cordeiro, com Sua esposa,
Noite e dia resplandecerá.

Pensa na celestial melodia
Que a terra encherá, de Beulá;
E das harpas a doce harmonia
Ao passar o Jordão se ouvirá.
Mesmo em dores que levam à morte,
Sê constante, não voltes atrás,
Tua herança, tua eterna sorte,
É Jesus, o Fiel, o Veraz.

Se é glorioso pensar nas grandezas,
Nos prazeres que acodem aqui,
Qual será desfrutar as riquezas
Que esperam os salvos, ali?
Os encantos do mundo não podem
Ofuscar essa glória dalém;
Não almejas viver, ó amigo,
Nessa formosa Jerusalém?"
19;A FÉ CONTEMPLADA;;"Sua fé Jesus contemplará, Sim oque Ele promete dá;
Ele vê o coração, e responde a petição, Sua fé Jesus contemplará!

Deus tem prometido a quem não duvidar,
Dar-lhe tudo quanto a Ele suplicar.
Ele o prometeu e não irá negar, Sua fé Jesus contemplará!

Sua fé Jesus contemplará, Sim oque Ele promete dá;
Ele vê o coração, e responde a petição, Sua fé Jesus contemplará!

Deus já grandes maravilhas operou,
Por alguém que firme nEle confiou.
E que da promessa em nada duvidou,
Jesus Cristo a fé contemplará!

Sua fé Jesus contemplará, Sim oque Ele promete dá;
Ele vê o coração, e responde a petição, Sua fé Jesus contemplará!

Sim creiamos no Deus nos prometeu,
Pois jamais desonrará o nome Seu.
Ele cumprirá promessas que nos deu,
Jesus Cristo a fé contemplará!

Sua fé Jesus contemplará, Sim oque Ele promete dá;
Ele vê o coração, e responde a petição, Sua fé Jesus contemplará!

Bentley DeForrest Ackley (1872-1958)
James Rowe (1865-1933)"
20;A GLORIOSA ESPERANÇA;;"Possuis em ti, ó pecador,
A gloriosa esperança?
E Cristo tua confiança,
Que te sustenta com vigor?
A minha é Jesus, á Jesus, é Jesus,
A minha é Jesus,
Que me concede segurança.

Se nada mais te satisfaz,
Aqui no mundo, ó perdido,
E se te sentes abatido,
Qual há de ser a tua paz?
A minha é Jesus, é Jesus, á Jesus,
A minha é Jesus,
Que não me deixa desvalido.

E quando o teu fim chegar,
E te cobrir o véu da morte,
Qual há de ser a tua sorte?
Irás sofrer? Irás gozar?
A minha é Jesus, é Jesus, é Jesus,
A minha é Jesus,
Que me tornou, de fraco, forte.

Vem a Jesus, vem pecador,
Vem dar o teu primeiro passo;
Qual é a força do teu braço,
Que te fará um vencedor?
A minha é Jesus, é Jesus, é Jesus,
A minha é Jesus,
Por ela quebro todos os laços."
21;A IGREJA DE CRISTO;;"1. A igreja de Cristo na terra, que faz parte do povo de Deus
Ela vive com Cristo a reinar e perto está de subir para o céu
Ela vive no santo caminho,
Come o pão bebe o vinho e também lava os pés
Canta hinos ao cordeiro divino
E assim vai subindo à cidade do céu

[coro]
Que amor, que prazer
É sentir comunhão com Jesus
Que amor, que prazer
É viver para sempre na luz
Que amor, que prazer
É beber dessa fonte de amor
Essa fonte que emana da cruz
Santo rio de luz que nasceu do Senhor.

2. Vem do céu esse amor que sentimos
Onde reina a glória de Deus
Com a mesa cercada de luz o lindo Jesus juntos aos filhos seus
Com a taça de ouro na mão,
Vindo nela o pão que alimenta a fé
Este cálice nas mãos de Jesus,
É quem da vida luz, para quem for fiel

3. Que alegria será para os santos
Quando o cântico de glória entoar
Quando os anjos fizerem chamadas
Na linda alvorada também soara
Quando Cristo receber os santos
Com coros e cânticos, vinde filhos meus.
O cordeiro de nossa esperança
Receberá herança dos filhos de Deus

4. Vinde todos que tem a salvação
Galardão preparado está;
Vinde todos que a vida desde
No reino celeste ainda há lugar.
Vinde todos remidos à luz.
Porque só Jesus é quem dá o perdão
Vinde a glória irmão, conhecer
Este grande poder da nossa salvação."
22;A LEI DO SENHOR;;"Sábia, justa, santa e pura
É a lei do meu Senhor,
Que corrige a vida impura
Do perdido pecador.
Do Senhor o ensinamento
Nela tão perfeito está;
É tão cheia de preceitos
e conselhos santos dá!

Do Senhor os bons conselhos
Justos e benignos são;
NEles vejo, quais espelhos,
Quanto é mau meu coração.
Mais que o sol, resplandecentes,
Os preceitos do Senhor
Iluminam nossas mentes
Com divino resplendor."
23;A LINDA HISTÓRIA;;"Cantarei a linda história
de Jesus, o Salvador,
que deixou seu lar na glória
pra salvar o pecador.

Cantarei a linda história
de Jesus, meu Salvador;
cantarei na sua glória
com os santos, com fervor.

Eu perdi-me e Ele achou-me,
longe, longe do meu lar;
abraçou-me então, tomou-me
pra com Ele eu ir morar.

Jesus Cristo deparou-me
quando fraco, pra morrer;
as feridas Ele untou-me
e livrou-me com poder.

Dias negros inda tenho,
sofrimento e dissabor;
mas a Ele eu tudo exponho,
e me livra com amor."
24;A LIÇÃO;;"Jesus amado, escuta
A nossa petição,
E dá-nos teu auxílio
Nas horas da lição;
No tempo dos estudos,
Ensina-nos a estar,
Com grande diligência,
Cada um em seu lugar.

Concede-nos cuidado,
E dá-nos mansidão,
Ouvindo nosso Mestre
Com dócil atenção.
Amemos uns aos outros
Com verdadeiro amor
E sempre obedeçamos
Ao grande Salvador."
25;A LUZ DO CÉU;;"1. Tu anseias hoje mesmo a salvação?
Tens desejo de banir a escuridão?
Abre então de par em par teu coração,
Deixa a luz do céu entrar.

[coro]
Deixa a luz do céu entrar,
Deixa a luz do céu entrar,
Abre bem a porta do teu coração.
Deixa a luz do céu entrar.

2. Cristo a luz do céu em ti quer habitar,
Para as trevas do pecado dissipar.
Teu caminho e coração iluminar.
Deixa a luz do céu entrar.

3. Que alegria, andar ao brilho dessa luz,
Vida eterna e paz no coração produz.
Oh, aceita agora o Salvador Jesus,
Deixa a luz do céu entrar."
26;A LUZ DO MUNDO;;"Vem para a luz, pois brilha por ti;
Dentro do peito, alegre, a senti;
Vendo-a, do mal a Deus eu corri;
Jesus é a luz do mundo!

Do reino das trevas nós vimos Jesus;
Jesus é a luz do mundo!
Andamos seguros na trilha da cruz;
Jesus é a luz do mundo!

Ó cegos, que a Terra do mal habitais,
Jesus é a luz do mundo!
Na Bíblia se encontra essa luz que buscais;
Jesus é a luz do mundo!

Do brilho do sol não carecem os céus;
Jesus é a luz do mundo!
Pois brilha o Cordeiro no Templo de Deus;
Jesus é a luz do mundo!"
27;A MENSAGEM CELESTE;;"Ó vós, povos, eis o dom:
É Jesus o Salvador!
Por seu sangue dá perdão!
É Jesus o Salvador!
Ilhas todas, exultai,
Seu amor considerai;
E vós, anjos, proclamai
Que Jesus é Salvador!

Ó vós, santos, já bradai:
É Jesus o Salvador!
Vós, nações, oh, jubilai!
É Jesus o Salvador!
Salvação de graça dá.
Hoje a todo pecador.
Glória! Glória a Deus Jeová,
Pois Jesus é Salvador!"
28;A MENSAGEM REAL;;"1. Sou forasteiro aqui, em terra estranha estou,
Celeste pátria, sim é para onde vou;
Embaixador, por Deus, do reino além dos céus,
Venho em serviço do meu rei.

[coro]
Eis a mensagem que me deu,
Que os anjos cantam lá no céu;
Reconciliai-vos já, diz o Senhor rei meu,
Reconciliai-vos já com Deus.

2. Por Deus mandado está, que o homem pecador,
Arrependido já, se chegue ao Salvador,
Pois quem o receber, no reino vai viver,
Venho em serviço do meu rei.

3. Mais belo que um rosal, o lar celeste tem,
A bênção pra o mortal, o gozo eterno além,
Ali só há prazer, vos manda o rei dizer,
Venho em serviço do meu rei."
29;A MINHA CRUZ;;"A cruz que me deu Jesus Cristo, fortalece o meu amor,
As dores que sempre me ferem, não me apartam do Senhor.

A cruz que me deu para eu levar,
As dores que a mim vem assaltar.
Não escondem meu Jesus, pois eu ando em Sua luz
Vou vencendo para os céus!

O mundo a meu Mestre despreza, e persegue os de Jesus,
Mas por seu amor, pela graça, levarei a minha cruz.

A cruz que me deu para eu levar,
As dores que a mim vem assaltar.
Não escondem meu Jesus, pois eu ando em Sua luz
Vou vencendo para os céus!

Fazer a vontade de Cristo, eu desejo sempre sim,
Contando eu a tão bela história, tenho gozo e paz sem fim.

A cruz que me deu para eu levar,
As dores que a mim vem assaltar.
Não escondem meu Jesus, pois eu ando em Sua luz
Vou vencendo para os céus!

Ballington Booth (1859-1940)"
30;A minh’alma está cheia de paz;E;"A minh'alma está cheia de paz
A minh'alma está cheia de paz
Tenho gozo em viver, alegria em dizer
A minh'alma está cheia de paz"
31;A MÚSICA DOS SALVOS;;"Ele, o Deus excelso, amou-nos,
Dignos nós da perdição;
Com poder real salvou-nos
Da perpétua maldição.

Graça excelsa! Deus aceita
Os rebeldes com favor!
Nunca o Salvador rejeita
O contrito pecador.

Vinde todos! Sem limite
É a sua compaixão!
Eis o divinal convite!
Abraçai a salvação.

Ouve as vozes da vitória,
Em caminho para a glória,
Proclamando a doce história (bis)
De Jesus e seu amor!"
32;A OVELHA PERDIDA;;"Noventa e nove ovelhas vão
seguras no curral;
mas uma delas se afastou
do aprisco pastoral
a errar nos montes de terror,
distante do fiel pastor,
distante do fiel pastor.

“Com a grei submissa, ó bom Pastor,
não te contentarás?”
“A errante é minha,”replicou,
“Pertence-me a fugaz.
Vou ao deserto procurar
a ovelha que ouço em dor gritar,
a ovelha que ouço em dor gritar.”

Nenhum remido imaginou
quão negra escuridão,
quão fundas águas que passou,
trazendo-a à salvação.
E quando foi pra socorrer
a errante estava a perecer,
a errante estava a perecer.

“Por toda a estrada donde vem,
que sangue enxergo ali?”
“Busquei a ovelha com amor,
o sangue meu verti.”
“Ferida vejo a tua mão.”
“A angústia encheu-me o coração,
a angústia encheu-me o coração.”

Vêm da montanha aclamações!
É a voz do bom Pastor!
Ressoa em notas triunfais
o salmo vencedor!
E os anjos cantam lá nos céus:
A errante já voltou a Deus,
a errante já voltou a Deus!”"
33;A PALAVRA DE DEUS É SEMENTE;;"[coro]
A palavra de Deus é semente
Vai caindo, caindo, caindo.
Quando a gente pensar que está morta
Vai nascendo, brotando e crescendo.

1. Jesus Cristo é a vitória real
Veio ao mundo para nos salvar
E teremos pra ser divinal
E a vida eterna nos dá.

2. Esta vida que é passageira
Nós devemos assim preparar
Pra no dia da vinda de Cristo
Nossa alma preparada estar.

3. Só Jesus que nos dá proteção
Nos problemas, nas lutas aqui.
E nos leva à eterna mansão
Igual a esta cidade não vi."
34;A PAZ DO CÉU;;"1. Maravilhoso e sublime p’ra mim
Sim, nunca me esquecerei;
Dia glorioso em que a Cristo eu vi
E o coração lhe entreguei;
Oh, quão precioso amigo Ele é,
Salvou-me da perdição;
Tirando as culpas, das trevas livrando
E trazendo-me pleno perdão.

[coro]
A paz do céu encheu meu coração,
Quando Jesus me deu a salvação,
Minh’alma então lavou!
E a luz em mim raiou!
A paz do céu encheu meu coração.

2. Grande esperança Jesus já me deu
Que não desvanecerá;
Há uma gloriosa morada no céu
Que breve minha será;
Tudo porque neste dia feliz
O meu Senhor aceitei;
Grandes riquezas e bençãos celestes
Das Mãos do Senhor alcancei."
35;A PORTA DA SALVAÇÃO;;"Eu vagava neste mundo não tinha paz um segundo
Nem sabia o que fazer, vi então uma porta aberta
E um homem estava perto, então parei pra ver.
Era um homem de branco
Com seu rosto igual um santo,
Era mesmo o Senhor. E o gesto que fazia
Para mim ele dizia vinde à mim ó pecador.

[coro]
A porta da salvação hoje ainda aberta está,
E a porta que Deus abre,
Homem não pode fechar.

Quando na porta entrei perto de Jesus cheguei
E senti o seu amor, e Jesus com braço forte
Isto foi a minha sorte o meu fardo Ele tirou.
Isto era o meu pecado mas Jesus tem perdoado
E limpou meu coração, nesta porta tenho entrado
Tenho Cristo ao meu lado e também a salvação

Porta aberta continua e uma voz bem perto soa
Convidando os corações, Deus não cessa de avisar
Que esta porta vai fechar e muitos sem salvação.
Hoje há oportunidade amanhã pode ser tarde
Aonde tu vai ficar? Quem avisa é o Senhor
Deus não ama o pecado mas Deus ama o pecador."
36;A PORTA FRANCA;;"Oh! quanto amor Jesus sentiu, pois Ele a porta já me abriu!
A mim, a mim, a porta já me abriu.

Se queres pecador entrar,
A porta está aberta;
Ali no céu terás lugar, que Cristo a ti oferta;

Oh! quanto amor Jesus sentiu, pois Ele a porta já me abriu!
A mim, a mim, a porta já me abriu.

Oh! vinde pecadores já,
Sim vinde sem demora;
O tempo próprio passará, oh vinde entrar agora;

Oh! quanto amor Jesus sentiu, pois Ele a porta já me abriu!
A mim, a mim, a porta já me abriu.

Silas Jones Vail (1818-1884)
Lydia Baxter (1809-1874)"
37;A PÁTRIA FELIZ;;"A Pátria para Cristo!
Esta é minha oração!
Ó Pátria abençoada,
É teu meu coração!
Querido lar paterno,
Ó Pátria, ó meu amor!
Ó Deus de excelsa graça,
Dispensa-lhe favor!

Ó povo brasileiro,
Oh, contemplai Jesus,
O qual por vós foi morto
Na ensanguentada cruz!
A pena do pecado
Com grande amor sofreu;
Seu sangue tão precioso
Ali por vós verteu!

A Pátria para Cristo!
Oh, seja assim, meu Deus,
Que todo brasileiro
Ouça os apelos teus!
E quando nós ouvirmos
A tua voz de além,
Que todo brasileiro
Atenda e goze o bem!"
38;A REDENÇÃO;;"Eterno Deus, queremos nós
Louvores a Jesus cantar;
O seu amor, a sua cruz,
Ajuda-nos a celebrar.

[coro]
A graça vinda do alto céu,
Que o Salvador nos concedeu,
Descanso traz ao coração,
Vigor e paz e salvação.

Da vida és o Criador,
De Ti provém inspiração;
Abrasa-nos com mais ardor
Pra divulgar a redenção.

De Cristo a causa defender,
O reino seu anunciar,
A fama dEle promover
Eis nossa glória singular!"
39;A SEGURANÇA DO CRENTE;;"De mal nenhum eu temerei,
Em mim está Jesus:
Jamais perturbação terei,
Pois vivo já na luz.

Sinto paz mui profunda enfim,
Sinto paz proveniente da cruz,
Pela fé sinto viver em mim,
Meu Jesus, meu Jesus.

Jesus me trouxe salvação;
Também, me disse assim:
Me busca na tribulação,
Pra teres paz em Mim.

Na grande festa do perdão,
No Seu real poder,
Me concedeu admissão,
Quem quis por mim morrer.

Já tenho uma viva fé,
Que não confundirá;
O amor de Deus, que puro é,
De paz me encherá."
40;A sós com Deus (Shut in with God);C;"A sós com Deus
No lugar secreto
Lá em Espírito
Contemplando Seu rosto
Ganhando poder
Pra jornada correr
Oh como eu amo, estar a sós com Deus"
41;A tua Graça;E;"A Tua graça é melhor que a vida.
A Tua graça é melhor que a vida.
Meus lábios Te louvam e assim bendirei,
E em Teu nome minhas mãos levantarei!"
42;A UNÇÃO REAL;;"Qual órfãos não nos deixou o Senhor,
Mas como nos prometeu,
Mandou-nos o bom Consolador,
Que nos encheu do poder do céu,
Do Seu divinal amor!

Recebestes já a unção real
Do Espírito Consolador?
Deus quer te usar para outros salvar,
Se recebes o Consolador.

O crentes, Deus vos convida também
A vir buscar Seu poder;
E para todo, que humilde vem
O Santo Hóspede receber:
Orando se obtém.

Um Pentecoste, Jesus prometeu,
A cada um coração;
Prostrados, roguemos, pois a Deus,
Com fé. em potente oração,
Pra viro poder do céu."
43;A VELHA HISTÓRIA;;"Contai-me a velha história, do Grande Salvador
De Cristo e Sua glória, de Cristo e seu amor
Com calma e com paciência; pois quero penetrar
À altura do mistério: que Deus nos pode amar.

[coro]
Contai-me a velha história, contai-me a velha história
Contai-me a velha história; de Cristo e seu amor.

Falai-me com doçura, do amante Redentor
Falai com sentimento pois sou um pecador!
Querendo consolar-me, em tempos de aflição
Sempre essa velha história; dizei do coração.

Se o brilho deste mundo, toldar do céu a luz,
Narrai a mesma história; da graça de Jesus
E quando enfim a glória do mundo além raiar."
44;A VINDA DO SENHOR;;"Como foi para o céu, Jesus Cristo há de vir
Quando o som da trombeta ecoar;
Quando a voz do arcanjo no céu estrugir,
Eu irei com Jesus me encontrar.

[coro]
Oh, que dia faustoso esse dia há de ser
Quando o som da trombeta ecoar;
Quando Cristo, nas nuvens, tiver de descer,
Para, assim, entre nós habitar!

Nesse dia de glória meu corpo mortal
Semelhante ao de Cristo há de ser;
E já livre da morte, e já livre do mal,
O milênio de Cristo hei de ver.

Eu aqui, pela cruz, para o mundo morri,
Muita dor inda aqui sofrerei;
Minha vida com Cristo em meu Deus escondi,
E com Cristo eu aqui reinarei.

Vem, Jesus, ó Senhor, vem depressa reinar,
Vem a paz e a justiça trazer;
Criação, povo teu, tudo almeja o raiar
Desse dia de glória e poder.

Este império do mal, vem, Senhor, destruir,
Vem, Esposo celeste, reinar!
Vem, ó Sol da Justiça, no mundo luzir;
Ó meu Rei, vem meu pranto estancar!"
45;A VITÓRIA DE MEU REI;;"1. Quando lá do céu descendo.
Para o seus, Jesus voltar,
E o clarim de Deus
A todos proclamar,
Que chegou o grande dia
Do triunfar do meu rei
Eu, por Sua imensa graça
Lá estarei.

[coro]
Quando enfim, chegar o dia,
Do triunfar do meu rei,
Quando enfim chegar o dia,
Pela Sua imensa graça eu lá estarei.

2. Nesse dia, quando os mortos
Hão de a voz de Cristo ouvir,
E de seus sepulcros
Hão de ressurgir,
Os remidos reunidos,
Logo aclamarão seus rei,
E por Sua imensa graça
Lá estarei.

3. Pelo mundo rejeitado
Foi Jesus, meu salvador
Desprezaram, insultaram
Meu Senhor.
Mas faustoso vem o dia
Do triunfar do meu rei
E, por Sua imensa graça
Lá estarei.

4. Em mim mesmo nada tenho
Em que possa confiar,
Mas Jesus morreu na cruz
Pra me salvar;
Tão somente Nele espero,
Sim, e sempre esperarei
Pois por Sua imensa graça
Lá estarei."
46;A Voz das Fitas (That Settles It) – Bro. Kye Smith;C;"Irmão Branham pregou a Mensagem
“O Futuro Lar”
E depois falou com Billy Paul
Disse: ""Billy, você entendeu?""
Ele disse: ""Acho que sim...""
Papai virou e disse:
""NÃO, não entendeu!""
Mas lembre, não importa entender.
Pois tudo o que precisa, é você crer.
De 47 à 65, é tudo inspi rado.
Essa Palavra levará a Noiva pr’outro lado
Pois se Deus pensou,
Irmão Branham falou,
Nós cremos,
E o assunto terminou.
Profeta de Deus, não erra.
A Palavra será cumprida.
Então amigos,
Ficamos com as FITAS!

O que ele disse, não precisa explicação
Nem alguém pra interpretar sua pregação
Ela veio com exatidão,
É o nosso abso luto, então
Irmão Branham disse:
""Sou Voz de Deus pra vocês.""
Tem pessoas que criticam a Voz de Deus,
Não entendem o por que de imprimir tudo.
Se o irmão Branham disse: ""O-o-o""
É o ""ASSIM DIZ O SENHOR""
Essa Palavra vai comigo aonde eu for."
47;A VOZ DE JESUS;;"Que doce voz tem meu Senhor,
Voz de amor, tão terna e preciosa.
Que enche o coração, da consolação,
Que só o crente goza.

Qual maior prazer que lhe ouvir dizer:
“Vem meu filho vem escutar,
O que eu fiz por ti, tudo o que sofri,
Na cruz pra te resgatar!”

Chamou-me não só uma vez,
Tantas’té que eu, triste humilhado,
Pude a voz ouvir, pude então sair
Das garras do pecado.

Jesus não me deixa sofrer,
Sua voz me ensina o caminho.
De vencer o mal, com firmeza tal
Que nunca estou sozinho."
48;A VOZ DE JESUS CC.384;;"Que doce voz tem meu Senhor,
Voz de amor, tão terna e preciosa.
Que enche o coração, da consolação,
Que só o crente goza.

Qual maior prazer que lhe ouvir dizer:
“Vem meu filho vem escutar,
O que eu fiz por ti, tudo o que sofri,
Na cruz pra te resgatar!”

Chamou-me não só uma vez,
Tantas’té que eu, triste humilhado,
Pude a voz ouvir, pude então sair
Das garras do pecado.

Jesus não me deixa sofrer,
Sua voz me ensina o caminho.
De vencer o mal, com firmeza tal
Que nunca estou sozinho."
49;A ÁGUA DA VIDA;;"O Espírito e a Espôsa dizem: “Vem! Vem, bebe dessa água da vida!”
Responda pois quem sede tem: “À fonte de Cristo já vou.”
Sim, a água da vida corre sempre, sempre, sempre,
Sim a água da vida corre, oh! sim corre ao nosso dispor!

Cristo prepara a mansão nos céus, franca e livremente!
Onde estaremos com nosso Deus, sempre, sempre, sempre!
Lá não há morte, pecado ou dor, nunca, nunca, nunca!
Só há riquezas de real valor; Cristo as promete aos que O amam!

O Espírito e a Espôsa dizem: “Vem! Vem, bebe dessa água da vida!”
Responda pois quem sede tem: “À fonte de Cristo já vou.”
Sim, a água da vida corre sempre, sempre, sempre,
Sim a água da vida corre, oh! sim corre ao nosso dispor!

Cristo nos dá veste nupcial, franca e livremente!
Ele vos chama ao festim real, cedo, cedo, cedo!
E para aqueles que nEle creem, hoje, hoje, hoje!
Todas as glórias do mundo além Cristo as revela aos que O amam!

O Espírito e a Espôsa dizem: “Vem! Vem, bebe dessa água da vida!”
Responda pois quem sede tem: “À fonte de Cristo já vou.”
Sim, a água da vida corre sempre, sempre, sempre,
Sim a água da vida corre, oh! sim corre ao nosso dispor!

Robert Lowry (1826-1899)
Fanny J.Crosby (1820-1915)"
50;A ÚLTIMA HORA;;"1. Ao findar o labor dessa vida
Quando a morte a teu lado chegar,
Que destino há de ter a tua alma?
Qual será no futuro o teu lar?

[coro]
Meu amigo, hoje tu tens a escolha:
Vida ou morte, qual vais aceitar?
Amanhã pode ser muito tarde,
Hoje, Cristo te quer libertar.

2. Tu procuras a paz neste mundo,
Em prazeres que passam em vão,
Mas na última hora da vida
Eles já não te satisfarão.

3. Por acaso tu riste, ó amigo,
Quanto ouviste falar em Jesus?
Mas é só Ele o único meio
De salvar pela morte na cruz.

4. Tens manchada tua alma e não podes,
Nunca, ver o semblante de Deus;
Só os crentes com corações limpos
Poderão ter o gozo dos céus.

5. Se decides deixar teus pecados,
E entregar tua vida a Jesus,
Trilharás, sim, na última hora
Um caminho brilhante de luz."
51;A ÚNICA ESPERANÇA;;"Do Amapá ao Rio Grande,
Do Recife a Cuiabá,
Grita a angústia que se expande:
A verdade onde estará?
Em São Paulo, no Acre ou Minas,
Em Brasília ou Salvador,
Proclamemos as divinas
Boas-novas do Senhor!

Cristo é a única esperança
Neste mundo tão hostil,
Para a santa liderança
Do Evangelho no Brasil!

Nossa Pátria amada e imensa,
Nosso povo humilde e bom,
Tem por meta a recompensa
Do celeste e eterno dom;
Do Oriente ao Ocidente
E do Norte so Sul, feliz,
Cada qual se torne um crente
Para a bênção do país.

Na campanha brasileira
Para evangelização
Seja a fé nossa bandeira,
Nossa espada, a salvação;
E por lema da porfia
Que garante o céu, além:
‘Trabalhar enquanto é dia,
Pois a noite perto vem!’"
52;Abençoado Seja os Tape Boys – Bro. Kye Smith;G;"Como no Tempo de Josué
A Noiva tem um líder guia
E um trabalho em nível mundial
Pra a Noiva do último dia
Então povo, “Capte a Visão“
Somos a Grande Máquina de Deus
Buscaremos através das matas
Pela Semente Predestinada
Abençoados sejam os Tapes Boys
Espalhados em missões
Raabi estava feliz
Com a Voz em seus corações
Abençoados sejam os Tapes Boys
E quem concorda diga amem
Que Deus possa fazer
De você um Tape Boy também

Os fortes trabalham muito
Se alimentam demais das fitas
Os famintos pouco fazem
Pois que quase nunca ouvem
Os mortos nada fazem
A Mensagem não escutam
Acordemos já é hora
Da Noiva ir embora
Vamos logo ouvir a Voz
Que traz força e vigor
Aperte logo o play
E ouviremos com muito amor
Vamos logo ouvir a Voz
Que traz força e vigor
Aperte logo o play
E ouviremos com muito amor"
53;ABRIGO;;"Seu sangue derramou por nós,
E assim nos veio abrir
Estrada reta, que conduz
Ao céu, o bom porvir.

Em Cristo há vida, paz e luz,
Só nele existe amor;
Dá tudo, enfim, o bom Jesus
Ao pobre pecador.

Oh, vinde, pois, e vinde já
A Cristo vos unir!
Perdão Jesus concederá
Àquele que o seguir.

Cristo salva, Cristo salva,
Salva o pecador. ( bis )"
54;ABRIGO FELIZ;;"Abrigado em meu Jesus, há descanso e paz.
Tenho alívio quando aflito,
Paz dará se estou contrito,
Abrigado em meu Jesus, há descanso e paz.
Confiando em seu amor, tenho paz.

Tenho paz e perdão e prazer,
Abrigado no Senhor;
Tenho paz e perdão e prazer,
Confiando em seu amor. ( bis )

Garantido por Jesus, há perdão, perdão;
Há perdão real, perfeito
E poder pra andar direito;
Garantido por Jesus, há perdão, perdão.
Confiando em seu amor, há perdão.

Trabalhando por Jesus, há prazer, prazer;
É prazer contra a história
De Jesus, o Rei da glória;
Trabalhando por Jesus, há prazer, prazer;
Confiando em seu amor, há prazer."
55;ABRIGO NO TEMPORAL;;"1. Rochedo forte é o meu Senhor,
Refúgio na tribulação!
Constante e firme Amparador,
Refúgio na tribulação!

[coro]
Oh! Cristo é nosso abrigo no temporal
No temporal, no temporal!
Sim, Cristo é nosso abrigo no temporal!
Refúgio na tribulação!

2. Lugar de sombra no verão
Descanso na tribulação
Vigia fiel na escuridão,
Descanso na tribulação

3. Piloto bom no bravo mar,
Consola na tribulação!
Ancoradouro singular,
Consola na tribulação"
56;ABRIGO PERFEITO;;"1. Deus é meu abrigo em todo vendaval;
Nele tenho pois, toda proteção;
Vivo confiando em seu poder real,
Sem qualquer perturbação

[coro]
Deus me guiará, guiará,
Sim Deus me guiará;
Deus me guardará,
O meu Deus me guardará.

2. Os perigos que me cercam muitos são,
Fortes tentações assaltar-me vêm;
Hostes infernais formadas sempre estão,
Combatendo todo bem

3. O meu Deus não me abandonará, porém,
Onde o mal poder tenha de atacar;
Ele me protege como lhe convém,
Nunca irei desanimar.

4. Eu guardado estou andando em seu amor
Abrigado em seu divinal poder;
Sim, prossigo vitorioso sem pavor,
Por não ter de quem temer."
57;ABRIGO SEGURO;;"Confio só em ti, Jesus, meu Salvador;
Em quem, senão em ti, descansarei, Senhor?
É só no teu excelso amor
Que tenho abrigo, ó meu Senhor!

Eu pobre escravo fui, mas tu, ó meu Jesus,
Do jugo que senti livraste-me na cruz;
E, preso pelo teu amor,
Agora sirvo a ti, Senhor!

O dia alegre vem, o Amado voltará,
E então a vida além minha alma gozará;
Eu com Jesus descansarei,
E seu louvor entoarei."
58;ACEITA O PERDÃO DE JESUS;;"Se tu cansado já estás de pecar,
Aceita o perdão de Jesus.
Se vida nova quiseres achar,
Aceita o perdão de Jesus,

Vem a Jesus, pecador.
Por ti morreu lá na cruz.
É tempo, vem sem temor;
Aceite o perdão de Jesus.

Se vida pura desejas obter,
Aceita o perdão de Jesus.
Ele é a fonte que limpa teu ser;
Aceita o perdão de Jesus.

Se tu não podes tuas lutas calmar,
Aceita o perdão de Jesus,
Se teus desejos não podes domar,
Aceita o perdão de Jesus.

Se com os santos te queres unir,
Aceita o perdão de Jesus.
Se para os céus tu desejas partir,
Aceita o perdão de Jesus."
59;ACEITA UM PECADOR;;"1. Jesus, Senhor, me achego a Ti,
Oh! Dá-me alívio mesmo aqui;
O teu favor estende a mim
Aceita um pecador!

[coro]
Eu venho como estou
Eu venho como estou
Por que Jesus por mim morreu,
Eu venho como estou.

2. As minhas culpas grandes são
Mas Tu, que não morreste em vão
Me podes conceder perdão
Aceita um pecador!

3. Eu nada posso merecer,
Tu vês-me prestes a morrer.
Jesus, a Ti me vou render.
Aceita um pecador.

4. Ó vem agora salvador,
Tu, Cristo só, és meu Senhor;
Oh! Salva-me por teu amor.
Aceita um pecador!"
60;ACHEI DESCANSO;;"Ó Jesus, achei descanso
Em teu terno coração;
É manancial de gozo
E consolação!
Já cheguei a comtemplar-te,
E minha alma se inundou
Com a refulgente graça
Que ela em ti achou.

Com inteira confiança
Te contemplo pela fé;
Tua mão onipotente
Meu refúgio é;
Satisfazes meus anelos
Supres o que me é mister;
Tu sossegas meus temores
Pelo teu poder.

Sê tu sempre meu consolo,
Meu constante guardião,
Pois os teus reais favores
Gozo e paz me dão.
Resplendor da eterna glória,
Fonte de perene amor,
Sou feliz com tua glória,
Cristo Salvador!"
61;ACHEI JESUS;;"Achei Jesus, achei Jesus,
Oh! gozo incomparável!
Pois salvo estou, já tenho luz
E paz inexplicável!
Os meus pecados expiou
O sangue do Cordeiro;
As minhas trevas dissipou;
De Deus eu sou herdeiro!

Jesus mui longe me buscou,
Perdido me encontrava!
E do pecado me salvou,
O qual me atormentava,
Pertenço ao meu bom Redentor,
Ao meu melhor amigo,
Que me livrou de toda a dor,
E sempre está comigo.

Oh! Que prazer, oh! Que prazer!
Jesus é meu amado!
Do Salvador eu quero ser
Um servo consagrado;
Pois já me deu a salvação,
Que nos foi prometida,
Ao meu cansado coração
Encheu de nova vida.

Desejo a meu Jesus louvar,
Em doce harmonia;
Em Cristo, tudo fui achar,
Pois tudo carecia;
E sem cessar, o Salvador,
Me ama ternamente;
O que direi a tal amor?
“Te amo eternamente!”"
62;ACHEI UM BOM AMIGO;;"1. Achei um bom Amigo, Jesus, O Salvador
O escolhido dos milhares para mim;
Dos vales é o Lírio, o forte Mediador,
Que me purifica e guarda até o fim.
Consolador amado, meu Protetor do mal,
Só a solicitude minha toma a Sí
Dos vales é o Lírio, a Estrela da manhã,
O escolhido dos Milhares para Mim.

2. Levou-me as dores todas; As mágoas lhe entreguei;
Nele tenho firme abrigo em tentação.
Deixei por Ele tudo; Os ídolos queimei;
Ele faz-me puro e santo o coração.
Que o mundo me abandone, persiga o tentador
Meu Jesus me guarda até da vida ao fim.
Dos vales é o Lírio, a estrela da manhã,
O escolhido dos milhares para mim.

3. Não desampara nunca nem me abandonará,
Se fiel e obediente aqui viver;
Em torno a mim se acampa; Quem me protegerá,
Até quando face a face O Possa ver.
Nos céus, então, entrando, na glória eu ficarei.
Com Jesus, meu Salvador, gozando enfim.
Dos vales é o Lírio, a Estrela da manhã,
O escolhido dos milhares para mim."
63;ACODE EM TEMPO;;"Acode em tempo! Depressa, ó irmão!
Vale aos incautos na vil tentação!
Eis como lutam, sem ter mais vigor!
Oh, vem, vem livrá-los de sorte pior!

Acode em tempo! Acode em tempo!
Depressa vem socorrer!
Acode em tempo! Acode em tempo!
Vem, vem depressa valer!

Acode em tempo! Não vês teu irmão
Agonizante na vil corrupção
Nosso inimigo o procura lançar
E sua alma anciosa na mal arrojar.

Acode em tempo! Com dedicação
Leva a mensagem de Deus – Salvação!
Por Cristo, o mestre, sim, vamos lutar;
Vai passando o tempo, oh, vem ajudar!

Em breve o mundo terá de acabar,
E almas no abismo terão de tombar.
Acode em tempo! Sim, faze luzir
A luz salvadora do eterno povir!

Trad.: Salomão Luiz Ginsburg (1867-1927)"
64;ACORDAI;;"1. Eis marchemos para aquele bom país.
Onde os crentes, sim, é Cristo quem o diz
Com Seu Salvador, pra sempre ali feliz,
Vai com Ele descansar.
Trabalhemos, pois, com zelo e com vigor,
Constrangidos pelo seu imenso amor;
Trabalhemos pelo nosso Salvador;
Eis que a vida vai findar!

[coro]
Acordai! Acordai! Despertai! Despertai!
E cantai! Sim cantai!
O Senhor não tardará!
Eis marchemos para aquele bom país,
Onde crente, sim, é Cristo quem o diz,
Com seu Salvador, pra sempre ali feliz,
Vai com Ele descansar.

2. Eis conosco nosso insigne capitão,
Que nos assegura a eterna salvação!
Eis da santa fé o invicto pavilhão!
Vamos, vamos trabalhar!
Eia avante! Nada temos que temer;
Por Jesus havemos sempre de vencer;
Trabalhemos, pois, até o amanhecer.
E o trabalho aqui findar.

3. Revestidos da confiança de Jesus,
Como servos Seus, e filhos, sim, da luz,
Gloriando-nos em Cristo e Sua cruz,
Vamos, vamos trabalhar.
Os perdidos vamos com amor buscar.
Aos desesperados vamos declarar
Que Jesus está pronto todos a salvar.
Oh! Sim, vamos trabalhar."
65;ACORDAI, ACORDAI;;"Eis marchamos para aquele bom país,
Onde o crente (sim, é Cristo quem o diz),
Com seu Salvador pra sempre ali feliz,
Vai com Ele descansar.
Trabalhemos, pois, com zelo e com vigor,
Constrangidos pelo Seu imenso amor;
Trabalhemos pelo nosso Salvador:
Eis que a vida vai findar!

Acordai! Acordai! Despertai! Despertai!
E cantai! Sim, cantai! O Senhor não tardará.
Eis marchamos para aquele bom país,
Onde o crente (sim, é Cristo quem o diz),
Com seu Salvador, p’ra sempre ali feliz,
Vai com Ele descansar.

Eis conosco nosso insigne Capitão,
Que nos assegura eterna salvação!
Eis da santa fé, o invicto pavilhão!
Vamos, vamos trabalhar!
Eis avante! Nada temos que temer;
Por Jesus, havemos sempre de vencer,
Trabalhemos, pois até o amanhecer,
E o trabalho aqui findar!

Revestidos da couraça de Jesus,
Como servos Seus e filhos, sim, da luz,
Gloriando-nos em Cristo e Sua cruz!
Vamos, vamos, trabalhar!
Os perdidos, vamos com amor buscar,
Aos desesperados, vamos declarar
Que Jesus ‘stá pronto todos a salvar!
Ó sim, vamos trabalhar!"
66;ADEUS MUNDO DE TREVAS;;"1. Adeus mundo De trevas
Adeus mundo De horror
Agora eu Vivo alegre Que glória
Nos braços do Do Salvador.
Agora eu Vivo alegre Que glória
Nos braços do Do Salvador.

2. Vamos orar irmãos
E vigiar também
Porque não Sabemos o dia irmãos
Nem o hora que Jesus vem.
Porque não Sabemos o dia irmãos
Nem o hora que Jesus vem.

3. Irmãos que Estais com Jesus
Não deves vacilar
Porque os Dias são maus Na verdade,
Mas Jesus vem Nos buscar.
Porque os Dias são maus Na verdade,
Mas Jesus vem Nos buscar.

4. Não desanime irmão
De carregar Sua cruz
A mais Pesada por nós Já levou
O nosso amado Jesus.
A mais Pesada por nós Já levou
O nosso amado Jesus."
67;ADORAÇÃO;;"1. Adorai o Rei do universo!
Terra e céus cantai o Seu louvor!
Todo o ser no grande mar submerso
Louve ao dominador.

[coro]
Todos juntos O louvemos!
Grande Salvador e Redentor!
Todos O louvemos! Régio dominador!

2. Adorai-O, anjos poderosos,
Vós que Sua glória contemplais
Vós, remidos, já vitoriosos,
Graças, rendei-Lhe mais!

3. Sol e lua, coros estrelares,
Sua majestade anunciai;
Hostes grandes! Centos de milhares,
O Seu poder mostrai!

4. Ventos! Chuvas! Raios! Trovoadas!
Revelai o forte Criador.
Vós dizeis, ó serras elevadas,
Quão grande é meu Senhor!

5. Altos cedros! Grama verdejante!
Esta sinfonia aumentai;
Aves, vermes, todo o ser gigante!
Gratos, a Deus louvai,

6. Homens, jovens velhos e meninos,
Adorai ao vosso Redentor!
Reis e sábios, grandes, pequeninos,
Daí-Lhe veraz louvor!"
68;ADORAÇÃO RECONHECIDA;;"Ó minh’alma, sem demora,
Ergue-te para entoar,
Os louvores do teu Cristo,
E Seu nome celebrar!
P’ra remir-te, p’ra remir-te,
Sua vida Ele quis dar!

Minha condição tão triste
Conheceu meu Salvador;
Que dos céus desceu à terra,
Para ser meu Redentor!
Oh! Quão grande! Oh! Quão grande!
E o amor de meu Senhor!

Condenado, justamente,
Que podia eu fazer,
Dessa pena p’ra livrar-me,
O perdão p’ra merecer?
O Seu sangue, o Seu sangue,
Quis Jesus por mim verter!

Com meus crimes carregado,
Lá na cruz, em meu lugar,
Foi Jesus crucificado,
A minh’alma pra salvar;
Vinde todos! Vinde todos,
Já comigo, O adorar!"
69;AGORA;;"Oh, quantos enganados,
Fiados no porvir!
E quantos condenados,
Por sempre repelir
A salvação de graça
Que Deus tem para dar!
À noite eterna descem,
Em trevas vão penar!

Deixai entrar a graça
Em vossos corações;
Deixai que Deus desfaça
Os vossos vis grilhões.
Com vossa resistência
Mais duros vos tornais;
Tomai, pois, consciência
Do quanto perigais.

Ainda que tivésseis
O mundo e seu favor,
Que galardão teríeis
Sem ter o Salvador?
Pois cedo chega a hora
De contas dar a Deus;
Tornai-vos desde agora
Amados filhos seus!"
70;AH! SE EU TIVESSE MIL VOZES;;"Ah se eu tivesse mil vozes, para o Brasil encher
Com os louvores de Cristo, que singular prazer!

Sua bondade infinita, Seu divinal amor;
Deslumbram-me sobremaneira, e infundem-me vivo ardor

Sua presença constante, firma-me o coração
Tira-me toda incerteza, guarda na provação

Sua bondade infinita, Seu divinal amor;
Deslumbram-me sobremaneira, e infundem-me vivo ardor

Desta nação brasileira, seja Jesus Senhor
Que este país tão querido, renda-se ao Salvador

Sua bondade infinita, Seu divinal amor;
Deslumbram-me sobremaneira, e infundem-me vivo ardor

William E.Entzminger (1859-1930)
William F.Sherwin (1826-1883)"
71;AINDA HÁ LUGAR;;"Oh, convidai-os, pois há lugar
No banquete celestial!
Sim, ide ajuntá-los, e a casa enchei
De famintos do pão real.

Pelo caminhos, pelos valados,
Oh, ide, sim, proclamar
Que tudo, tudo já pronto está:
Não há de faltar lugar!

Oh, convidai-os, pois há lugar
Para todos que queiram vir!
Não sabem do amor eternal de Deus,
Que com gozo nos quer ouvir.

Oh, convidai-os, pois há lugar!
É mensagem de um Deus de amor!
Deveis convidá-los, sem exceção,
Ao banquete do Salvador!

Trad.: Salomão Luiz Ginsburg (1867-1927)"
72;ALEGRE NOVA NOS CHEGOU;;"Alegre nova nos chegou: O grande Deus assim amou,
A todo o mundo pecador, que deu Seu Filho benfeitor,
Em sua redenção.

Aquele pois que em Cristo crer, a vida eterna passa a ter,
Jamais a morte vai provar, no céu porém irá gozar,
A plena Salvação.

Mister é Cristo conhecer, E dele em tudo depender,
Guardar a Sua santa lei, e coroá-Lo nosso Rei
De todo o coração.

Ó mundo todo, a Cristo vem, ao que concede todo o bem,
Que poderá tornar feliz a cada povo e seu país
Com Sua proteção."
73;ALEGRIA PERENE;;"Desperta e canta com fervor, sim ó minha alma a teu Senhor
Pois muitos e preciosos bens a ti tem dado com amor.

Oh! que grande amor! oh! que imenso amor;
De Cristo pelo pecador!

Perdido Cristo me encontrou, e dispensou me com paixão;
Por Seu tão grande amor de Pai tirou-me desta condição.

Oh! que grande amor! oh! que imenso amor;
De Cristo pelo pecador!

Eu sei que é mau meu coração, propende sempre para o mal!
Mas Ele em paz me guardará com Seu amor que é perenal.

Oh! que grande amor! oh! que imenso amor;
De Cristo pelo pecador!"
74;ALEGRIA VERDADEIRA;;"Sei agora o que me alegra,
Sei agora o que me alegra,
Sei agora o que me alegra,
Confiando no Senhor!

É Jesus o que me alegra,
É Jesus o que me alegra,
É Jesus o que me alegra,
Confiando no Senhor!"
75;ALELUIA;;"Aleluia! Aleluia! Gratos hinos entoai!
Jubilosos e contentes
hinos a Jesus cantai!
Pra livrar-nos do pecado
triste morte padeceu,
e da morte triunfando,
Ele vida eterna deu.

Jesus Cristo, o Rei da glória,
o pecado aniquilou!
E alcançou a mesma bênção
para os que Ele resgatou.
Eis milhares de milhares
a prestar-lhe adoração,
descobrindo, em sua obra,
vida, luz e salvação.

Aleluia! Aleluia! A Jesus todo o louvor!
Aleluia eternamente,
ao bendito Redentor!
Aleluia ao Espírito Santo,
que nos dá consolo e paz,
aleluia ao Pai eterno,
Deus da graça, Deus da paz!"
76;Aleluia (Santo Espírito enche a minha vida);D;"Santo Espírito enche a minha vida
Pois com Cristo eu quero morar
Santo Espírito enche a minha vida
Usa-me as almas a ganhar

Aleluia
Aleluia
Aleluia
Dou a Cristo Rei

Aleluia
Aleluia
Aleluia
Dou ao Rei, Rei, Rei"
77;ALELUIA! JÁ CREIO;;"Deus tem prometido a salvação dar.
A quem em Seu Filho Jesus confiar.

Aleluia! Já creio em Cr!sto Jesus.
E salvo já estou, pelo sangue da cruz!

Foi tal Seu amor, que me substituiu,
E sobre o Calvário, minh’alma remiu!

Não posso jamais desse amor duvidar;
Não posso senão aos Seus pés me prostrar.

E, quando, na glória, eu vir meu bom Rei,
Com todos os santos ali cantarei."
78;ALERTA;;"Minha alma alerta vai,
Eis inimigos mil;
De satanás a hoste sai,
Com assombroso ardil!

Velar orar lidar,
Sem tréguas sem temor;
De dia em dia e sem cessar,
Prossegue em teu labor!

Na lida até morrer,
Pai sempre com teu Deus;
Pois Ele vai te proteger,
E coroar nos céus!

Johan Martin Spiess (1715-1766)
George Heath (1750-1822)"
79;ALERTA, JOVENS;;"Vinde, ó mocidade,
Dedicar com todo o amor,
Sim, com ansiedade,
Vossa vida ao Salvador.
Ele vos convida
Para virdes trabalhar;
Nessa santa lida,
Vinde com prazer entrar.

Trabalhar com todo o ardor,
Vinde vós, ó moços,
Por Jesus, Senhor!
Trabalhar com todo o ardor,
Vinde vós, ó moços,
Por Jesus, Senhor!

Contemplai as almas
Longe do Senhor Jesus;
Como vivem calmas
Sem saber do amor da cruz!
Andam enganadas,
Sem pensar no triste fim;
Sem Jesus, coitadas,
É um triste estado, sim!

Oh, levai a nova
Que Jesus lhes dá perdão!
Ide dar a prova
Desse amor da salvação!
Vede como as gentes,
Afastadas do bom Deus,
Todas descontentes,
Clamam pela luz dos céus."
80;ALERTA, MOCIDADE;;"Alerta, mocidade!
À guerra vos chamou
Jesus, que sua vida
Por vós sacrificou.

Leais, entrai
Na guerra contra o mal!
Jamais canseis
Na luta sem igual.

Alerta, mocidade!
A Cristo obedecei!
Olhando para Cristo,
A causa defendei.

Alerta, mocidade!
E sede campeões;
Tomados de coragem,
Vencei as tentações.

Alerta, mocidade!
Avante, sem temor!
Pois certa é a vitória
Dos crentes no Senhor.

Leais, entrai
Na guerra contra o mal!
Jamais canseis
Na luta sem igual. (bis)"
81;Algo Me Faz Seguir (Something Keeps Holding Me);A;"As lutas e problemas dessa vida
São tantos que não posso suportar
As vezes penso em abandonar
Minha fé é tão pequena pra aguente aaar.

Mas Algo me faz seguir
Sinto dentro de mim
Ajuda a prosseguir, vencer tribulações
É o Guia pra mim
A batalha venço enfim
Ele é tao real assim
Algo me faz seguir

O inimigo vem com tentação
O seu desejo é me manter no chão
Mas eu ouvi a Voz, a Revelação
Alimento pra vencer, pra tomar decisão"
82;ALMA ANSIOSA;;"Só vejo trevas e furor,
Da tempestade o furação;
Só vejo, cheio de pavor,
Perigo, morte, assolação.

Aflito, estou a procurar,
Para minha alma um Salvador;
Corrido tenho terra e mar,
Nenhum achei eu de valor.

Meus olhos elevei ao céu,
Clamei aos anjos com ardor;
Da lei eu, um maldito réu,
Pedi perdão pra o pecador.

Resposta em coro pude ouvir:
‘Perdão pra ti aqui não há;
Só Cristo pode te remir,
E salvação só ele dá.’

Ao pé da cruz estou, Senhor!
Contrito, rogo a ti perdão;
E, por teu sangue remidor,
Eu peço minha salvação."
83;ALVO MAIS QUE A NEVE;;"Bendito seja o Cordeiro,
Que na cruz por nós padeceu!
Bendito seja o Seu sangue,
Que por nós, ali Ele verteu!
Eis nesse sangue lavados,
Com roupas que tão alvas são,
Os pecadores remidos,
Que perante seu Deus já estão!

Alvo mais que a neve!
Alvo mais que a neve!
Sim, nesse sangue lavado,
Mais alvo que a neve serei.

Quão espinhosa a coroa
Que Jesus por nós suportou!
Oh! Quão profundas as chagas,
Que nos provam quanto Ele amou!
Eis nessas chagas pureza
Para o maior pecador!
Pois que mais alvo que a neve,
O Teu sangue nos torna, Senhor!

Se nós a Ti confessarmos,
E seguirmos na Tua luz,
Tu não somente perdoas,
Purificas também, ó Jesus;
Sim, e de todo o pecado!
Que maravilha de amor!
Pois que mais alvo que a neve.
O Teu sangue nos torna, Senhor."
84;ALVO MAIS QUE A NEVE CC.123;;"ALVO MAIS QUE A NEVE | BENDITO CORDEIRO CC.123

Bendito seja o Cordeiro, que na cruz por nós padeceu,
Bendito seja o Seu sangue que por nós pecadores verteu.
Eis nesse sangue lavados, com roupas que tão alvas são,
Os pecadores remidos, que perante seu Deus hoje estão!

[coro]
Alvo mais que a neve, alvo mais que a neve,
Sim nesse sangue lavado, mais alvo que a neve serei!

Quão espinhosa a coroa, que Jesus por nós suportou,
Oh quão profundas as chagas, Que nos provam o quanto Ele amou.
Eis nessas chagas pureza, para o maior pecador,
Pois que mais alvos que a neve,
O Teu sangue nos torna Senhor!

Se nós a Ti confessarmos, e seguirmos na Tua luz,
Tu não somente perdoas, purificas também ó Jesus.
Sim e todo o pecado, que maravilha desse amor,
Pois que mais alvos que a neve
O Teu sangue nos torna Senhor!"
85;ALVORADA;;"Em terra mui deserta
E cheia de aridez,
Em que não há estrada
E em que nem água vês,
A tua fortaleza
Desejo ver aqui,
E teu poder e glória,
Como eu no templo vi.

Tu tens misericórida
Que excede a tudo que há;
Por isso a minha boca
Teu Nome louvará.
Durante a vida inteira
Te quero engrandecer,
E ao céu, para invocar-Te,
Humildes mãos erguer."
86;ALÉM;;"Uma cidade mui feliz existe
Além das brumas e da cerração;
Somente as almas por Jesus remidas
Com regozijo ali penetrarão.

Da nossa vista além, além
Do mundo e dos gemidos,
Eis a morada que Deus tem
Pra todos os remidos!

Habitação no céu receberemos,
Que para nós Jesus já preparou;
Lá, resplandece a luz, a glória, a vida;
Lá, cantam hinos a quem nos salvou.

Doridas almas de aflições terrenas,
Ao céu de luz o vosso olhar erguei;
Deixai o mundo, que vos turba a calma,
E, enfim, ao lar do céu vos recolhei.

Trad.: Anita Santos"
87;ALÉM DA CORTINA DO TEMPO;;"1. Muito além da cortina do tempo
Há um mundo que vive em amor
Um amor divino e tão perfeito
Ali não existe nem ódio, nem rancor.

[coro]
Este mundo também é tão formoso
Com palavras não se pode descrever
Está cheio de gente celestiais
Transformados pela graça do Senhor.

2. Muito além da cortina do tempo
Não há cansaço nem tristeza e nem dor
Tudo é paz, tudo é gozo e alegria
Unidos todos, louvam ao Senhor.

3. Há um dia que não será mui tarde
A este mundo sei que chegarei
E abraçando a todos os meus irmãos
E as tristezas desta vida deixarei."
88;Além da Morte;C;"Há uma terra de prazer,
Morada dos que crêem;
O dia eterno reina ali,
Tristezas nunca têm.

É primavera sempre ali,
E as flores durarão;
Alegres campos, verdes, bons,
Na linda terra estão.

Porém à entrada do País
Há um profundo mar;
Por suas águas, nós, mortais,
Havemos de passar.

Os viajantes, com temor,
À vista desse mar,
Transidos, tremem de terror
E querem recuar.

Mas o Senhor caminho abriu,
Tirou da morte o horror;
Com gozo, os salvos hão de entrar
Naquela lar de amor"
89;ALÉM DAS MONTANHAS;;"No espaço cai a chuva lentamente
No céu o arco-íris multicor
Em oração subi ao infinito
Ao ver as maravilhas do Senhor

Além das montanhas, vejo o céu dourado
Onde o sol despede o viajor
Deus mandou a chuva, muito obrigado
Meu eterno Deus, meu criador.

Levanto o meu olhar, o Pai me chama
Inclino-me a ouvir a voz de amor
E sigo a caminhar, pois Deus me ama
E a chuva vai cair em meu favor."
90;Além do Céu Azul (Way byond the blue);F;"Oh Senhor, Senhor, Lembre-se de mim
Oh Senhor, Senhor, Lembre-se de mim
Oh Senhor, Senhor, Lembre-se de mim
Além do Céu Azul

Eu tenho uma casa na glória mais brilhante que o sol.
Eu tenho uma casa na glória mais brilhante que o sol.
Eu tenho uma casa na glória mais brilhante que o sol.
Além do Céu Azul

Eu aceitei Jesus você pode aceitar também.

Eu aceitei Jesus você pode aceitar também.
Eu aceitei Jesus você pode aceitar também.

Além do Céu Azul"
91;ALÍVIO;;"As mágoas, desgostos, revela ao Senhor,
Não, oh, não receies vir tudo lhe expor;
Do mal que te oprime te pode curar;
Jesus tem desejo de te confortar.

Se tu provaste tal consolação,
Vai, leva a mensagem de paz e perdão
Às almas aflitas, opressas de dor;
Vai, traze os contritos aos pés do Senhor."
92;AMIGO ETERNO;;"Irmãos, todos juntos louvemos
a Cristo Jesus, nosso Deus,
pois, muitos têm sido os favores
que dele tiveram os seus.
Sim, muito nós temos sofrido
de incrédulos e fariseus.
Alegres, irmãos, prossigamos
na senda que vai para os céus!

[coro]
Oh! sim, prossigamos, irmãos,
na senda que vai para os céus.
Alegres, irmãos! Alegres, irmãos!
Na senda que vai para os céus!

E, crentes, lembrai-vos, portanto,
de todos que estão ao redor,
os quais inda jazem nas trevas,
não crendo em Jesus Salvador.
Alerta, pois, crentes, alerta!
Firmeza no bom Redentor;
E, gratos, a cada momento
falai, pois, do seu grande amor.

Cuidai bem de vossos deveres;
de Deus não se deve zombar;
ouvi, sempre, sempre a seu Filho,
e assim nunca haveis de falhar.
Jesus é amigo mui terno,
é firme, fiel, e sem par;
o seu grande amor e seu braço
de tudo vos podem livrar."
93;AMIGO INCOMPARÁVEL;;"Nenhum amigo há igual a Cristo!
Não nenhum, não nenhum!
Outro não há que minha alma salve!
Não nenhum, não nenhum!

[coro]
Cristo sabe das nossas lutas,
Guiará até o fim chegar
Nenhum amigo há igual a Cristo,
Não nenhum, não nenhum!

Nenhum momento Ele me abandona!
Não nenhum não nenhum
Não há desgosto que não suavize
Não nenhum não nenhum

Nenhum amigo há tão nobre e santo!
Não nenhum, não nenhum!
Também não há tão humilde e manso!
Não nenhum, não nenhum!

Crente nenhum é desamparado!
Não nenhum, não nenhum!
Nenhum ansioso há que é rejeitado!
Não nenhum, não nenhum!"
94;AMIGO SEM IGUAL;;"Amigo sem igual! Amigo sem igual!
O meu Jesus em meu lugar
morreu pra me salvar!
Amigo sem igual! Amigo sem igual!
Seu grande amor não mudará
e nunca falhará!

Amigo sem igual! Amigo sem igual!
Perto ele está e quer salvar
quem nele confiar.
Amigo sem igual! Amigo sem igual!
Convida com imenso amor
a todo o pecador!"
95;AMIGO VERDADEIRO;;"Há um amigo verdadeiro, Cristo, o Senhor,
que sofreu sobre o madeiro a nossa dor.
Este amigo, moribundo,
padecendo pelo mundo,
patenteia amor profundo.
Que grande amor!

Vida eterna é conhecê-lo, Cristo, o Senhor;
quem quiser, depressa venha ao Redentor.
Por nós outros derramava
o seu sangue, pois amava
os perdidos que chamava.
Que grande amor!

Ontem, hoje e para sempre Cristo, o Senhor,
é o mesmo bom amigo do pecador.
É maná para o deserto
guia no maior aperto;
seu socorro sempre é certo.
Que grande amor!"
96;AMOR;;"Qual o adorno desta vida?
É o amor, é o amor;
Alegria é concedida,
Pelo amor, pelo amor.
É benigno é paciente,
Não se torna maldizente;
Não se torna maldizente,
este meigo amor!

Com suspeitas não se alcança,
Doce amor, doce amor;
Onde houver desconfiança,
Ai do amor, ai do amor.
Pois mostremos tolerância,
Muitas vezes arrogância;
Muitas vezes arrogância,
murcha e mata o amor!

Inda quando for custoso,
Nutre amor, nutre amor;
Ao irado e mui furioso,
Mostra amor, mostra amor.
Não te des por insultado,
Mas responde com agrado;
Mas responde com agrado,
vence pelo amor!

Não te irrites mas tolera,
Com amor, com amor;
Tudo sofre, tudo espera,
Pelo amor, pelo amor.
Desavenças e rancores,
Não convém a pecadores;
Não convém a pecadores,
salvos pelo amor!

Pois irmão ao teu vizinho,
Mostra amor, mostra amor;
O valor não é mesquinho,
Deste amor, deste amor.
O supremo Deus nos ama,
Cristo para os céus nos chama;
Cristo para os céus nos chama,
onde reina amor!"
97;AMOR A JESUS;;"Eu te amo porque tu morreste por mim;
Eu te amo porque teu amor não tem fim.
Em ti confiança pra sempre terei;
A ti, ó meu Cristo, me submeterei!

Eu te amo na vida, na morte também;
Sempre hei de louvar-te na glória de além.
Agora e pra sempre por ti viverei;
A ti, ó meu Cristo, me submeterei!"
98;AMOR DE CRISTO;;"Qual grande vaga
de um imenso mar,
vem o amor de Cristo
minha alma transbordar."
99;AMOR DE DEUS;;"1. Não sei dizer como pude ser amado,
Por meu Jesus que morreu pra me salvar.
Também não sei explicar sem ter pecado,
Na triste cruz entregou-se em meu lugar.

[coro]
Grande amor de Jesus
Porque quis me salvar.
Eu só não sei explicar sem ter pecado,
Na triste cruz entregou-se em meu lugar.

2. Agora sei que sou salvo e sou remido,
Por meu Jesus que morreu pra me salvar.
E também sou por Ele redimido,
Muito feliz para o céu seguindo vou.

3. Quando chegar o momento da partida,
Eu entrarei no país da eterna luz,
Então ali no fulgor da eterna vida,
Eu viverei para sempre com Jesus."
100;AMOR FRATERNAL;;"1. Jesus pastor amado,
Contempla-nos aqui;
Concede que sejamos
Um corpo só em Ti.
Contendas e malícias
Que longe de nós vão!
Nenhum desgosto impeça
A nossa comunhão.

2. Pois sendo resgatados
Por um só salvador,
Devemos ser unidos,
Por um mais forte amor;
Olhar com simpatia
Os erros de um irmão,
E todos ajudá-Lo
Com branda compaixão.

3. Jesus, suave e meigo
Ensina-nos a amar
E, como Tu, sejamos:
Também no perdoar!
Ah quanto carecemos
De auxílio do Senhor!
Unidos supliquemos
A Deus por esse amor.

4. Se Tua igreja toda
Andar em santa união
Então será bendito
O nome de cristão.
Assim o que pediste
Em nós se cumprirá,
E todo o mundo inteiro
A Ti conhecerá."
101;AMOR GLORIOSO;;"Buscou-me com ternura Jesus o bom Pastor;
Achou-me na miséria Salvou-me com amor
No céu cantaram de alegria os anjos, sim em harmonia

[coro]
Oh! que amor glorioso! Preço tão grandioso,
Que Jesus por mim na cruz pagou;
Inaudita graça me mostrou!

Ferido abandonado, Jesus me socorreu;
E segredou-me achei-te; De agora em diante és meu.
Tão meiga voz jamais ouvi; prazer maior jamais senti.

Jesus mostrou-me as chagas que em meu lugar sofreu,
Coroa mas de espinhos, a cruz que padeceu
Que poderia em mim achar, pra tais afrontas suportar?

Minha alma embevecida, Seu rosto a contemplar,
Recorda as muitas bênçãos do Seu amor sem par
Louvor e glória e adoração tributa-Lhe meu coração!

Enquanto as horas passam, eu tenho gozo e paz
E aguardo o meu bom Mestre, que tão feliz me faz;
Jesus a mim virá buscar e então pra sempre irei gozar."
102;AMOR PERENE;;"Amavas me Senhor, não tendo a Luz ainda
Surgido lá nos céus ao mando criador;
Nem mesmo o sol na aurora esplendorosa e linda,
À terra dava força fecundande infinda
Meu Deus, que amor, Meu Deus que antigo amor.

Amavas me Senhor, no tempo em que imolado
Foi numa cruz sangrenta o meigo Salvador;
Levando sobre Si sim todo o meu pecado,
O Santo de Israel, o Teu Cordeiro amado
Meu Deus, que amor, Meu Deus que imenso amor.

Amavas me Senhor, no fundo de meu peito
Brilhou a doce Luz do meu Consolador;
E com promessas mil do Teu amor perfeito,
Nasceu em mim a fé, em que hoje me deleito
Meu Deus, que amor, Meu Deus é todo amor.

A mim sempre hás de amar, Pois que jamais o inferno
E o mundo poderão a Teu querer se opor;
Ao Teu decreto ó Rei, ao Teu decreto eterno
Ao Teu amor ó Pai, ao Teu amor supremo
Meu Deus, que amor, És sempre sempre amor"
103;AMOR QUE VENCE;;"Amor, que por amor desceste!
Amor, que por amor morreste!
Ah! quanta dor não padeceste,
Meu coração p’ra conquistar,
E meu amor ganhar!

Amor, que com amor seguias!
A mim, que sem amor Tu vias!
Oh! quanto amor por mim sentias,
Meu Salvador, meu bom Jesus,
Sofrendo sobre a cruz!

Amor, que tudo me perdoas!
Amor, que até mesmo abençoas!
Um réu de quem Te afeiçoas!
Por Ti vencido, ó Salvador,
Eis-me aos Teus pés, Senhor!

Amor, que nunca, nunca mudas,
Que nos Teus braços me seguras,
Cercando-me de mil venturas!
Aceita agora, Salvador.
O meu humilde amor!"
104;AMOR SEM IGUAL;;"Oh não tens ouvido do amor sem igual,
do amor que teu Deus tem por ti?
Do amor que O levou a Seu Filho entregar
pr’os salvos levar para Si!

[coro]
Oh crê! oh crê, a graça de Deus te chama dos céus
Oh crê neste amor sem igual!
Não foram os grandes que Cristo chamou,
nem justos veio Ele salvar;
Mas pobres e fracos, culpados e maus,
mandou pelos servos chamar!

O homem, porém não podia chegar
à santa presença de Deus.
Porque seus pecados qual grande montão,
vendavam-lhe a entrada nos céus!

Mas pelo Seu sangue Jesus expiou
a culpa dos crentes na cruz,
Tirando o pecado caminho mostrou,
o qual para o céu nos conduz.

E tu pecador não desejas então,
o amor do teu Deus conhecer?
Por fé no Senhor, como teu Salvador,
irás alcançar tal prazer."
105;Amos 3:7;C;"Certamente, o Senhor Deus
Não fará coisa alguma
Sem revelar os seus segredos
Aos seus servos os profetas
Amós 3: 7"
106;AMPARO;;"1. Nas agruras desta vida,
No descanso e no labor,
Dá-me força na fadiga,
E protege-me Senhor!

[coro]
Ó Jesus, vem proteger-me
Guarda-me por compaixão!
Ó Jesus, vem defender-me,
Sê Tu minha salvação!

2. Inda que satã me assalte,
Vacilar não poderei:
Inda que o poder me falte,
Por Jesus eu vencerei.

3. Quando o mal vier na vida
Forte e rijo me assaltar
Meu Jesus na minha lida
Certo me há de sustentar."
107;Amém;E;"Tom 1: C – C – C – F – - C
Tom 2: D – D – D – G – - D
Tom 3: E – E – E – A – – E
Tom 4: F – F – F – B – – F
Tom 5: G – G – G – C – D - G
Ele é o Pai Você o Ama
Amém Amém
Ele é o Filho Ele está vindo
Amém Amém
Ele é o Espírito Santo Você está pronto

Venha Senhor Jesus
Amém
Deixe Sua Igreja pronta
Amém
Estamos nos preparando

Amém, Amém, Amém Amém, Amém, Amém Amém, Amém, Amém

Amém, Amém,
Amém, Amém, Amém"
108;ANDANDO COM JESUS;;"1. Todos falam dos perigos,
Do caminho em que eu estou
Mas não vêem a luz que brilha
Ao redor por onde vou.

[coro]
Meu Jesus me guia os passos
Meu caminho vem guardar
Neste mundo tenebroso,
Só por mim não posso andar.

2. Falam mais em desenganos
Em fraquezas e provação
Mas Jesus me ampara sempre
E me dá consolação.

3. Sei que meu amor é fraco
E me inclino a tropeçar
Mas com Seu divino auxílio.
Hei de sempre triunfar."
109;ANELO;;"Anelo, anelo a Cristo,
Anelo dar a minha alma por Ele
Sentir bem perto, sua presença,
Anelo dar a minha alma, por Ele.

Anelo, anelo a Cristo,
Anelo dar a minha alma por Ele
Sentir bem perto, sua presença,
Anelo dar a minha alma, por Ele."
110;Ano do Jubileu;Am;"Eu celebrarei
Cantando ao Senhor
Um novo hino de louvorp

Shalom, Shalom,
Shalom, Shalom,
Shalom, Shalom,
Jerusalem, Jerusalem, Jerusalem, Shalom

Este é o ano do jubileu
O aleijado anda
E o cego vê
E o Senhor
Liberta os cativos
Esse é o ano do jubileu

Jerusalem, Jerusalem, Shalom
Jerusalem, Jerusalem, Shalom
Jerusalem, Jerusalem, Shalom
Jerusalem, Jerusalem, Jerusalem, Shalom

Aleluia, Aleluia
Aleluia, Aleluia
Alelu, Aleluia

Aleluia, Aleluia
Alelu, Aleluia"
111;ANO NOVO;;"Rompe a aurora vai-se embora
Mais um ano de labor;
Não temamos, prossigamos,
A lutar com mais ardor.

O ano findo nunca mais veremos;
O ano novo hoje recebemos!
Vê, vê, o belo dom que Deus nos dá!

Cada dia Cristo, O guia
Nos renove o coração
Temos gozo bom repouso,
Confiando em Sua mão.

Do pecado resgatados,
Pertencemos a Jesus;
Nova vida, santa lida,
Temos nós por Sua cruz.

Hinos santos entoemos
E louvemos ao Senhor!
Vem do arcano mais um ano
Que anuncia Seu favor!"
112;ANTÍFONA;;"A Ti ó Deus, fiel e bom Senhor,
Eterno Pai, supremo Benfeitor
Nós os Teus servos, vimos dar louvor,
Aleluia, Aleluia

A Ti Deus Filho, Salvador Jesus
Da graça a fonte, da verdade a Luz,
Por Teu amor medido pela cruz,
Aleluia, Aleluia

A Ti ó Deus, real Consolador,
Divino fogo santificador
Que nos anima e nos acende o amor,
Aleluia, Aleluia

A Ti Deus Trino poderoso Deus,
Que estás presente sempre junto aos Teus,
A ministrar as bençãos lá dos céus
Aleluia, Aleluia"
113;AO CULTO NÃO FALTAR;;"Ao outro culto; não faltar,
Ó vinde todos pra louvar
O nome santo do Senhor,
Que nos dá vida e fervor.

Nos separarmos em amor,
Levando a paz do salvador,
Mas breve vinde, não falteis,
Os pecadores sim, trazei.

Se não pudermos reunir,
Veremos santos no porvir,
No culto do Senhor Jesus,
Que vai haver no céu de luz."
114;AO DEUS SANTO;;"Santo, Santo, Santo!
És Tu Senhor;
Louvem-Te nos altos céus
E na terra os filhos Teus
Ó Deus de amor!"
115;AO DEUS TRINO;;"Ó Deus bom Pai e benfeitor;
A Ti rendemos com ardor
Louvor leal sem fim,
Senhor de todos nós Sustentador!

E Tu Deus Filho ó bom Jesus;
Por nós sofreste numa cruz,
De Ti nos vem a clara luz,
Que nossos pés aos céus conduz!

Tu Deus Espírito veraz;
Oh! nossas almas satisfaz,
Com gozo com divina paz,
E as nossas aflições desfaz!

Ó infinito e excelso Deus;
Amparamos embora réus,
Com bençãos lá dos céus,
A todos nós, os filhos Teus!"
116;AO ENTRAR NO PARAÍSO;;"Num abrir e fechar de olhos
Este solo vou deixar
Gente do norte e do sul
No céu azul vou encontrar
Viverei entre sorrisos
Ao entrar no paraíso
E o Cordeiro que está vivo
Vindo me cumprimentar

Pegarei em sua mão e sentirei a emoção
Quando o meu novo nome Ele chamar
Farei uma passeata
Com os santos lá na praça
Para agradecer Jesus
Pelo sangue lá na cruz
Pela vida que me deu.

Ao entrar ali na Glória
E ver os filhos de Abraão
O coral, a mocidade e o círculo de oração
E verei todas as crianças
Que fizeram aliança
E a banda que não se cansa
De tocar uma canção.

Ao entrar no paraíso
E ver a raiz de Jessé
Meu desejo é tão grande
Em conhecer como Ele é
Sinto Ele bem presente
Quando sua história leio
Mas agora já estou vendo
Com os meus olhos da fé."
117;AO LADO DE JESUS;;"Ao lado de Jesus eu quero estar
O seu amor ao mundo anunciar
E em graça atingir, a glória do porvir,
Ao lado de Jesus eu quero estar.

Coroa mui brilhante eu hei de ter
E a glória da cidade, eu hei de ver
E lá hei de cantar, o hino triunfal,
Ao lado de Jesus, eu quero estar."
118;AO LAR CELESTIAL;;"À Pátria abençoada vou
Ansioso peregrino sou,
Em busca do feliz lugar
No qual eu hei de descansar.

Oh, bela terra de esplendor,
Querida herança do Senhor;
Olhando, vejo, além do mar,
Que breve eu hei de atravessar,
A praia áurea, perenal,
Do lindo lar celestial.

Comigo vai o meu Senhor,
Do mal me guarda com amor,
De paz inunda o coração
E dá-me eterna salvação.

Na vastidão celestial
Ressoa o canto angelical
Da triunfante multidão
Feliz por sua redenção.

Trad.: Justus Henry Nelson (1849-1931)"
119;AO PASSAR O JORDÃO;;"1. Quando o Jordão passarmos unidos
E entrarmos no céu; veremos lá,
Como areia da praia, os remidos.
Oh! Que gloriosa vista será!

[coro]
Tantos como a areia da praia!
Tantos como a areia do mar!
Que gozo sentirá, todo o salvo, pois verá
Sim, tantos como a areia da praia!

2. Lá da margem do rio da vida.
Onde paz e justiça haverá,
Nós veremos a terra prometida;
Oh! Que gloriosa vista será!

3. Quando Cristo Jesus contemplarmos
Coroado no céu estará,
E prostrado aos seus pés adorarmos.
Oh! Que gloriosa vista será!"
120;AO PÉ DA CRUZ;;"Quero estar ao pé da cruz,
De onde rica fonte
Corre franca, salutar,
Do Calvário monte.

[CORO]
Sim, na cruz, sim, na cruz,
Sempre me glorio,
E no fim vou descansar,
Salvo, além do rio.

A tremer ao pé da cruz,
Graça eterna achou-me;
Matutina Estrela ali
Raios seus mandou-me.

Sempre a cruz, Jesus, meu Deus,
Queiras recordar-me;
Dela à sombra, Salvador,
Queiras abrigar-me.

Junto a cruz, ardendo em fé.
Sem temor vigio,
Pois à terra santa irei,
Salvo, além do rio."
121;Apocalipse 10:7;C;"Mas nós dias da Voz do Sétimo Anjo
Quando tocar a Sua Trombeta
Se cumprirá o desejo Deus
Como anunciou aos profetas, seus servos

Apocalipse 10:7
Apocalipse 10:7"
122;AQUELE QUE AMA DEPRESSA PERDOA;;"1. Aquele que ama depressa perdoa
Com grande humildade a quem lhe magoa
Palavras eterna sempre orando diz
O lar de quem ama é um recanto feliz.

[coro]
Aquele que ama intriga não faz
Pois é mensageiro de vida e paz
O amor é a força que eu quero pra mim
O lar de quem ama é um perfeito jardim.

2. Aquele que ama, ajuda a igreja
Levando a mensagem onde quer que seja
E mesmo na morte, quem ama é fiel
E o lar de quem ama é um pedaço do céu.

3. Aquele que ama distância não mede,
E diante do ódio quem ama não cede,
Jesus Cristo, habita onde existe o amor,
A graça eterna, dispensa o favor."
123;AS BOAS NOVAS;;"Povo de Deus, cumpri o vosso encargo
De proclamar do nosso Deus o amor!
Pois ele, compassivo, não deseja
A perdição do pobre pecador.

As boas novas anunciai!
Que Deus nos ama, contentes, proclamai!

Oh, contemplai milhares que perecem
Presos nas garras do pecado e mal,
Sem que haja quem, com pena, lhes indique
Cristo Jesus, Libertador real!

Não consintais que fiquem desgarradas
As almas pelas quais Jesus sofreu;
Haja cuidado que ninguém se perca
Por descuidarmos o mandado seu!

Disseminai entre as nações e tribos
Que o nosso Deus é o Deus do eterno amor;
Que ele deixou as glórias infinitas
Para salvar o mundo pecador.

Oh, consagrai os vossos bens e filhos
Pra difundir de Cristo a santa luz!
Com orações constantes, fervorosas,
Auxiliai a causa de Jesus!

Ei-lo que vem! Mas antes dessa vinda
Apregoai a graça e seu amor!
Que estejam prontos todos os remidos
Para aclamá-lo: Cristo! Redentor!

Trad.: Salomão Luiz Ginsburg (1867-1927)"
124;AS BODAS DO CORDEIRO;;"1. Muito em breve neste mundo
Minha luta vai ter fim
Encerrando a carreira
A fé guardo para mim.
Desde já a coroa
Preparada já está
Que o Senhor justo juiz
A mim sei que dará.
Não somente a mim
Mas a todo aquele que vencer
A coroa da vitória lá no céu vai receber.

[coro]
Quando a luta terminar e a espada eu guardar
Vinho e pão quero tomar
Lá nas bodas do Cordeiro.

2.A peleja é intensa, mas já chega ao final
Quando então vou receber
O meu galardão real
Lutarei varonilmente
Como um filho de Abraão
Com a prudência de Davi
E o valor de Gedeão
Aproxima o grande dia
Glorioso da vitória
Quando o exército de Cristo
Será coroado de glória"
125;AS FIRMES PROMESSAS;;"1. De Deus mui firme são as promessas
Mais firmes que as montanhas são
Quando o socorro terrestre cessa,
Os de Deus não falharão.

[coro]
De Deus mui firme são as promessas;
Falhando tudo não falharão;
Se das estrelas o brilho cessa,
Mas as promessas brilharão!

2. Se a fé te falta, nos teus apertos,
Nas Suas promessas descansa em paz,
Quando és tentado, estou bem certo,
Que Cristo auxílio te traz

3. Se a febre arde, se extingue a vida
E quer a morte te arrebatar,
Nas Suas promessas terás guarida
Bastante pra te abrigar

4. Promessas temos que no céu de gozo
Virá levar-nos o Rei Jesus;
Então ao crente fiel, corajoso;
Dará coroa de Luz."
126;As minhas mãos estão cheias;E;"As minhas mãos estão cheias das tuas bençãos (4X)
Por isso, tudo o que eu tocar abençoado será
Tudo o que eu tocar abençoado será (3X)"
127;AS PROMESSAS DE DEUS;;"Oh, nunca temais! Ele assim nos falou;
Sim, todos os dias convosco Eu estou;
O vosso sustento serei, e deveis
Em Mim confiar; sempre sede fiéis.

Por dificuldades tereis de passar,
Nenhum embaraço vos deve espantar;
Convosco Eu estou para vos proteger
E o mal Eu farei para o bem concorrer.

Sim, a alma que em Cristo se refugiou,
Oh, todos os dias com ela Eu estou!
Por mais que o inferno a procure perder,
Jamais poderá, pois Eu vou socorrer."
128;ASPIRAÇÃO INFANTIL;;"Aqui no mundo branda luz,
Ó Deus, desejo ser –
Fiel reflexo de Jesus
Que mostre seu poder.

(Estribilho)
Eu, em qualquer lugar
Em que me possa achar,
Ó Deus, desejo te servir
E teu amor sentir.

Em minha casa, bela flor
Que praza a meus bons pais
E agrade a Deus, o Criador
De plantas imortais.

Em minha escola, pronta mão,
Que tome com prazer
O pão do ensino e da instrução,
Que aumente o meu saber.

No culto, sempre doce voz
Que louve a meu Senhor,
Em companhia, ou mesmo a sós,
Com viva fé e ardor.

Adapt.: William Edwin Entzminger (1859-1930)"
129;ATRIBULADO CORAÇÃO;;"1. Atribulado coração
Em Cristo alívio encontrarás;
Consolo, paz e seu perdão,
Sim, Dele tu receberás.

[coro]
Oh! Vem sem demora ao Salvador
Por que vacilar e ter temor
Oh, vem, vem já descanso te dará.

2. Dilacerado pela dor,
Das tuas culpas, do pecar
Vem sem demora ao Salvador,
E vida nova hás de gozar.

3. Se para vir ao Salvador,
Tu tens fraquezas a vencer,
Oh vem, pois Ele em seu Amor,
E em graça te dará poder.

4. A Cristo sem demora vem,
Pois Ele almeja te valer
E sempre quer buscar teu bem;
Confia Nele em teu viver."
130;AUXÍLIO DIVINO;;"Santo Deus vem inflamar;
Nossos débeis corações,
Vem as nuvens dissipar,
Livra-nos de imperfeições!

Sim ó Deus vem dirigir;
Este culto a celebrar,
Vem ó vem nos revestir,
De fervor pra Te louvar!"
131;AVANTE COM ALEGRIA;;"Eia, avante, sempre alegres,
Vai conosco o Salvador;
Ele nunca deixará,
Nunca desamparará,
Quem confia no seu grande amor!"
132;AVANTE COM DEUS;;"Ó crentes brasileitos,
Firmai-vos no Senhor.
O seu perdão erguendo,
Pendão do seu amor.
‘A Pátria para Cristo!’
Bem alto apregoai,
E a graça do evangelho
Na vida proclamai.

Oh, quanto infelizes,
Sem Deus, sem salvação,
No abismo estão caindo
Da eterna perdição!
A salvação perfeita,
A vida, o gozo e a paz
Dá Cristo, nosso Mestre,
Pois a alma satisfaz.

Tremenda resistência
Havemos de sofrer;
Satã e suas hostes
Procuram nos deter.
Coragem, pois, ó crentes,
Jesus triunfará!
Nos lares brasileiros
Jesus dominará.

Ó crentes brasileiros,
O Mestre tem poder
De aos nossos conterrâneos
A vida conceder!
Na luta prossigamos
Com zelo e com ardor;
‘A Pátria para Cristo!’
Avante com fervor!"
133;AVANTE, AVANTE;;"1. Avante, avante, ó crentes,
Soldados de Jesus
Erguei seu estandarte,
Lutai por sua cruz
Contra hostes inimigas,
Ante essas multidões,
O comandante excelso
Dirige os batalhões.

[coro]
Marchai ó crentes, soldados de Jesus
Erguei seu estandarte,
Unidos lutai por sua cruz.

2. Avante, avante, ó crentes.
Por Cristo pelejai.
Vesti sua armadura,
Em seu poder marchai.
No posto sempre achados,
Velando em oração
Por meio de perigos
Seguindo o capitão.

3. Avante, avante, ó crentes.
Com passo triunfal,
Hoje há combate horrendo,
Mui cedo a paz final.
Então eternamente
Bendito vencedor
Por Deus vitorioso
Com Cristo, o Salvador."
134;AVANTE, MOCIDADE;;"Mocidade cristã, eia, avante!
Vossas forças uni pra lutar!
O inimigo potente se mostra,
Mas com Cristo sois fortes: Marchar!

Mocidade cristã, eia, avante!
Contra o mal, contra o erro lutai!
Tendo o santo evangelho por arma,
A verdade da cruz proclamai!

Mocidade cristã, vede o abismo,
Onde muitos estão a cair!
Por faltar-lhes a luz do evangelho,
Não procuram a Cristo seguir.

Eia, jovens, ativos obreiros,
Pela causa do bem pelejai!
Ide aos povos levar o evangelho,
Para a glória de Deus trabalhai!"
135;AVANTE, Ó CRENTES;;"Avante, ó crentes, o mal desfazendo,
O inimigo com a luz combateremos;
À peleja pois, todos, não temendo,
A vitória por Jesus receberemos.

Com a graça de Jesus nos firmaremos,
Com a graça de Jesus, combateremos,
Com a graça de Jesus nós venceremos,
Com a graça de Jesus vitória temos.

Avante, ó crentes, marchai sem tardança,
Jamais do bom Jesus nós nos afastaremos,
Porque Nele nós temos esperança
E vitória nós assim alcançaremos.

Avante, ó crentes, fiéis corajosos,
Vitória por Jesus, a nós é concedida;
No combate, ó sede valorosos,
Para alcançar o galardão da vida.

Avante, ó crentes, dum só pensamento;
“O vil pecado sempre nós combateremos”.
Pois Jesus vem, não tarda um momento,
Crendo em Jesus, vitória nós já temos."
136;AVANÇAI;;"Confiando no Senhor, avançai, avançai!
Esperando em seu amor, avançai!
A Jesus sempre exaltai,
Seu poder anunciai,
Sua graça proclamai, avançai!

Se vos chama a trabalhar, avançai, avançai!
Ide as novas proclamar, avançai!
Com sincera fé e amor,
Combatendo com fervor,
E, seguindo ao Salvador, avançai!

Cristo avisa que virá, avançai, avançai!
E o seu povo guiará; avançai!
Ele almeja vos levar
Para o céu, o eterno lar,
Onde haveis de descansar. Avançai!

Trad.: Salomão Luiz Ginsburg (1867-1927)"
137;AVIVAMENTO;;"[coro]
Aviva-nos Senhor, eis nossa petição;
Ateia o fogo do alto céu, em cada coração!

Desperta-nos Senhor, Oh! faze nos fruir;
As ricas bençãos divinais, primícias do porvir!

Renova-nos Senhor, inspira mais amor;
Mais zelo graça e abnegação, A bem do pecador!

William H.Doane (1832-1915) – Albert Midlane (1825-1909)"
138;BANQUETE DO BELSAZAR;;"Numa orgia nefanda o rebelde Belsazar,
Com os grandes do seu reino, todos eles a folgar;
Com espanto pararam quando o rei estremeceu;
Na parede a mão divina escrevendo apareceu

Lá no céu a mão de Deus! lá no céu a mão de Deus!
Vê qual seja a tua sorte, a tua vida ou morte
Lá no céu escreve a mão de Deus.

No palácio os festivos nobres não souberam ler,
Tal escrita na parede, logo o rei todo a tremer;
Vir mandou bem depressa o cativo Daniel;
Que do escrito na parede, deu a tradução fiel

Lá no céu a mão de Deus! lá no céu a mão de Deus!
Vê qual seja a tua sorte, a tua vida ou morte
Lá no céu escreve a mão de Deus.

A sentença foi grave ao monarca dos caldeus,
Que vivia no pecado sem temor nenhum de Deus;
O teu reino passou-se, na parede escrito está;
Na balança da justiça a tua alma em falta está.

Lá no céu a mão de Deus! lá no céu a mão de Deus!
Vê qual seja a tua sorte, a tua vida ou morte
Lá no céu escreve a mão de Deus.

Tua vida ó amigo, nesta hora escrita está,
O registro dos teus atos Deus no céu escreve já;
Que Jesus pois te faça tal escrita compreender;
Que em havendo tempo possas Sua graça receber.

Lá no céu a mão de Deus! lá no céu a mão de Deus!
Vê qual seja a tua sorte, a tua vida ou morte
Lá no céu escreve a mão de Deus.

Knowles Shaw (1834-1878)"
139;BASTA PERSEVERAR;;"1. Da terra não quero nada
Aqui nada me faz invejar
Espero a vinda de Cristo
Quem for Escolhido Ele o levará

[coro]
Não vai haver privilégio
E nem faltará lugar
Vai o rico e pobre
Basta perseverar
Vai o rico e pobre
Basta perseverar

2. Quero ficar na Rocha
Firme sem desgarrar
P’ra quando Cristo vier
Eu estar preparado e poder viajar."
140;Batalha não é batalha;E;"Batalha não é batalha, se não surgem as provas
Se o inimigo não se levanta, batalha não é batalha

Com Jesus, eu irei, ganharei a batalha (2X)

Eu ganharei a batalha, tu ganharás a batalha
Ele ganhará a batalha, nós ganharemos a batalha"
141;BATISMO;;"Às águas do Jordão desceu
Jesus, o Redentor,
O Deus eterno, que morreu
Por nós em santo amor.

O exemplo seu devemos ter
Por norma a nos cingir;
O salvo pelo seu poder
Seus passos quer seguir.

Por nós morreu Jesus, na cruz,
E nos remiu do mal;
Abriu caminho que conduz
À vida divinal.

Morremos ao pecado vil,
Pra nunca mais voltar,
E os erros deste mundo hostil
Queremos desprezar.

A vida nova vamos ter,
Ao bem nos dedicar,
Em santidade e amor viver,
Do amor de Deus falar."
142;BELA CIDADE;;"Tenho lido da bela cidade,
Construída por Cristo nos céus;
É murada de jaspe luzente
E juncada com áureos troféus.
E, no meio da praça, eis o rio
Do vigor e da vida eternal;
Mas metade da glória celeste
Jamais se contou ao mortal.

Jamais se contou ao mortal,
Jamais se contou ao mortal,
Metade da Glória Celeste,
Jamais se contou ao mortal.

Tenho lido das belas moradas
Que Jesus foi no céu preparar
Onde os crentes fiéis, para sempre,
Mui felizes irão habitar.
Nem tristeza, nem dor, nem velhice,
Veremos no lar paternal;
Mas metade do gozo celeste
Jamais se contou ao mortal.

Tenho lido das vestes brilhantes,
Das coroas que os santos terão,
Quando o Pai os chamar e disser-lhes:
Recebei o eternal galardão
Tenho lido que os santos na glória
Pisarão ruas de ouro e cristal;
Mas metade da glória celeste
Jamais se contou ao mortal."
143;BELA CIDADE CC. 498;;"Tenho lido da bela cidade,
Construída por Cristo nos céus;
É murada de jaspe luzente
E juncada com áureos troféus.
E, no meio da praça, eis o rio
Do vigor e da vida eternal;
Mas metade da glória celeste
Jamais se contou ao mortal.

Jamais se contou ao mortal,
Jamais se contou ao mortal,
Metade da Glória Celeste,
Jamais se contou ao mortal.

Tenho lido das belas moradas
Que Jesus foi no céu preparar
Onde os crentes fiéis, para sempre,
Mui felizes irão habitar.
Nem tristeza, nem dor, nem velhice,
Veremos no lar paternal;
Mas metade do gozo celeste
Jamais se contou ao mortal.

Tenho lido das vestes brilhantes,
Das coroas que os santos terão,
Quando o Pai os chamar e disser-lhes:
Recebei o eternal galardão
Tenho lido que os santos na glória
Pisarão ruas de ouro e cristal;
Mas metade da glória celeste
Jamais se contou ao mortal."
144;BELA TERRA;;"1. Na terra abençoada estou,
Por Beulá peregrino vou;
Delícias abundantes são;
E só dos céus saudades dão.

[coro]
Oh! Bela terra de amor!
Do alto monte encantador
Olhando vejo, além do mar,
Que breve hei de atravessar,
A praia áurea, eternal,
Querido lar celestial

2. Comigo anda o Salvador
Conversa em tons de santo amor
Me guia sempre pela mão,
A beira-céu os passos vão

3. A brisa traz o belo odor
Do paraíso ao redor,
De flores que não murcharão
De frutos que supernos são.

4. Do zéfiro celestial
Flutua o canto angelical
Da triunfante multidão
Que entoa a grande redenção"
145;BEM-AVENTURADOS;;"Glória seja dada a Cristo,
Filho eterno do bom Deus!
Pois remiu-nos pela graça
e nos fez herdeiros seus.

[coro]
Salvos pela fé em Cristo,
salvos, sim, no sangue seu;
tendo nele segurança,
caminhemos para o céu.

Já se foi o tempo triste
em que procuramos luz!
Eis que longe de nós fica;
Cristo agora nos conduz.

Sim, guardados nós por Ele,
viveremos em amor;
Bem-aventurados somos;
entoemos-lhe louvor."
146;BEM-AVENTURANÇA DO CRENTE;;"1. Bem-aventurado o que confia
No Senhor, como fez Abraão;
Ele creu ainda que não via,
E assim, a fé não foi em vão.
É feliz quem segue fielmente
Nos caminhos santos do Senhor,
Na tribulação é paciente
Esperando no seu Salvador.

2. Os heróis da Bíblia sagrada
Não fluíram logo seus troféus
Mas levaram sempre a cruz pesada,
Para obter poder dos céus;
E depois saíram pelo mundo,
Como mensageiros do Senhor
Com coragem e amor profundo,
Proclamando Cristo, o Salvador.

3. Quem quiser de Deus ter a coroa,
Passará por mais tribulação;
Às alturas santas ninguém voa,
Sem as asas da humilhação,
O Senhor tem dado aos Seus queridos,
Parte do Seu glorioso ser;
Quem no coração for mais ferido,
Mais daquela glória há de ter.

4. Quando aqui as flores já fenecem,
As do céu começam a brilhar;
Quando as esperanças desvanecem,
O aflito crente vai orar;
Os mais belos hinos e poesias,
Foram escritos em tribulação
E do céu, as lindas melodias,
Se ouviram, na escuridão.

5. Sim, confia tu, inteiramente
Na imensa graça do Senhor,
Seja de ti longe o desalento
E confia no Seu santo amor,
Aleluia seja a divisa
Do herói e todo vencedor
E do céu mais forte vem a brisa,
Que te leva ao seio do Senhor."
147;BENDIGAM A DEUS;;"Bendigam a Deus;
Glorioso Senhor,
E com gratidão
Lhe rendam louvor
Amigo dos homens
Fiel defensor
Que os guarda seguros
No Seu amplo amor."
148;BENDITO CORDEIRO;;"ALVO MAIS QUE A NEVE | BENDITO CORDEIRO CC.123

Bendito seja o Cordeiro, que na cruz por nós padeceu,
Bendito seja o Seu sangue que por nós pecadores verteu.
Eis nesse sangue lavados, com roupas que tão alvas são,
Os pecadores remidos, que perante seu Deus hoje estão!

[coro]
Alvo mais que a neve, alvo mais que a neve,
Sim nesse sangue lavado, mais alvo que a neve serei!

Quão espinhosa a coroa, que Jesus por nós suportou,
Oh quão profundas as chagas, Que nos provam o quanto Ele amou.
Eis nessas chagas pureza, para o maior pecador,
Pois que mais alvos que a neve,
O Teu sangue nos torna Senhor!

Se nós a Ti confessarmos, e seguirmos na Tua luz,
Tu não somente perdoas, purificas também ó Jesus.
Sim e todo o pecado, que maravilha desse amor,
Pois que mais alvos que a neve
O Teu sangue nos torna Senhor!"
149;BENDITO O REI;;"No mundo paz, louvor nos céus!
Cantava a multidão;
com o clamor dos fariseus,
erguiam mais o som.

[coro]
Como em Jerusalém,
hei de clamar, hei de clamar:
Bendito o Rei, que do alto vem,
que vem do céu as trevas dissipar!

Do grande Rei, Jesus Senhor,
sim, tais palavras são:
Se algum dos crentes se calar,
as pedras clamarão.

Bendito Rei, nós, servos teus,
como em Jerusalém,
sem atender aos fariseus,
louvamos-Te também."
150;BENDITO REI;;"1. No mundo paz louvor nos céus!
Cantava a multidão;
Com o clamor dos fariseus,
Erguia mais o som.

[coro]
Como em Jerusalém,
Hei de clamar, hei de clamar;
Bendito o Rei, que do alto vem,
Que vem do céu as trevas dissipar

2. Do grande Rei, Jesus Senhor,
Sim, tais palavras são
Se alguns dos crentes se calar,
As pedras clamarão.

3. Bendito Rei, nós servos teus,
Como em Jerusalém
Sem atender aos fariseus,
Louvamos-te também."
151;BENDIZE;;"Bendize, ó tu, meu coração,
Bendize ao Salvador,
E tudo quanto houver em mim,
Consagra-Lhe louvor. (bis)

Bendize, ó tu, meu coração,
Bendize ao Salvador;
Não fiques esquecido, pois,
Do seu divino amor. (bis)

Ele os delitos com amor
E graça perdoou,
E com divina compaixão
Jesus te aliviou. (bis)

O teu desejo satisfaz
Com verdadeiros bens;
A vida renovada, assim,
Tu, como as águas, tens. (bis)"
152;BENEFICÊNCIA;;"Se já liberto foste, ó pecador,
Por quem morreu na negra cruz,
Mostra por frutos santos, em amor,
Que pertences a Jesus.

[coro]
Vinde, cristãos, louvar;
Vinde, cristãos, cantar
A Jesus, do mundo grande Redentor.
Vinde render louvor,
Pelo seu grande amor.
A Jesus, o Redentor.

Quem poderá gozar o seu favor
E seguidor de Cristo ser,
Se, desumano, deixa, sem horror,
Seu irmão a perecer?

Ter fé que possa montes transportar
É grande dom que vem dos céus;
Mas dos enfermos dores mitigar
É supremo dom de Deus.

Todos tenhamos gozo do dulçor
De praticar nosso dever;
Ouçam de longe as gentes seu louvor,
Escutando assim dizer:"
153;BRASIL;;"Do vasto Mato Grosso
À costa Ceará,
Por vilas e cidades,
Do sul ao Grão-Pará,
Desse evangelho santo,
Que nos legou Jesus,
Ao povo brasileiro
Levemos nós a luz!

Do sul ao Amazonas,
Do centro até o mar,
A doce nova corre
Do amor que não tem par.
E muitos foram salvos
Da morte e perdição,
Pois, crendo, agora, em Cristo,
Já têm a salvação.

Mas muitos infelizes
Que devem ser cristãos,
Adoram Deuses feitos
Por suas próprias mãos.
De tão fatal pecado,
A idolatria vil,
Unidos no evangelho,
Salvemos o Brasil."
154;BREVE COM JESUS;;"Em breve, em breve havemos
De ver o Salvador;
E em casa cantaremos
Jesus e seu amor! (3 vezes)"
155;BREVE JESUS VIRÁ;;"1. Servos de Deus a buzina tocai
Jesus em breve virá!
A todo o mundo a mensagem levai:
Jesus em breve virá!

[coro]
Breve virá! Breve virá!
Jesus em breve virá!

2. Crentes em Cristo, depressa anunciai:
Jesus em breve virá!
Gratos, alegres, contentes cantai:
Jesus em breve virá!

3. Montes e vales o som ecoai:
Jesus em breve virá!
Ondas do mar e a canção entoai:
Jesus em breve virá!

4. Guerras e fome nos dão a entender:
Jesus em breve virá!
Pelas catástrofes pode se ver
Jesus em breve virá!"
156;Breve muito breve (Soon and very soon);E;"Breve muito breve
Nós vamos ver o Rei
Breve muito breve
Nós vamos ver o Rei
Breve muito breve
Nós vamos ver o Rei
Aleluia, aleluia
Nós vamos ver o Rei
Não há mais choro ali,
Nós vamos ver o Rei
Não há mais choro ali,
Nós vamos ver o Rei
Não há mais choro ali,
Nós vamos ver o Rei
Aleluia, aleluia
Não há mais morte ali,
Nós vamos ver o Rei
Não há mais morte ali,
Nós vamos ver o Rei
Não há mais morte ali,
Nós vamos ver o Rei
Aleluia, aleluia
Nós vamos ver o rei

Não haverá mais despidas,
Nós vamos ver o rei,
Não haverá mais despidas,
Nós vamos ver o rei.
Não haverá mais despidas,
Nós vamos ver o rei,
Aleluia, Aleluia,
Nós vamos ver o rei
Hebreus 13:8
Nós vamos ver o rei,
Hebreus 13:8
Nós vamos ver o rei,
Hebreus 13:8
Nós vamos ver o rei,
Aleluia, Aleluia
Nós vamos ver o rei."
157;BREVE VEM O GRANDE DIA;;"1. Breve vem o grande dia, em que lutas findarão
Todos males e agonias deste mundo cessarão.

[coro]
Cessará no céu o pranto,
Pois não haverá mais dor;
E ouvir-se-á o canto
Dos remidos do Senhor.

2. Oh! Que gozo estar em Cristo, escutando a Sua voz!
Eu almejo hoje isto, e segui-Lo sempre após!

3. Se Jesus Cristo é meu Guia, o caminho hei de trilhar;
Quem assim em Deus confia, lá no céu há de chegar."
158;BRILHA NO MEIO DO TEU VIVER;;"1. Não somente pra fazer um feito singular,
É mister agir com muito amor.
Mas as coisas humildes para executar,
Deves fazê-las com fervor.

[coro]
Brilha no meio do teu viver,
Brilha no meio do teu viver
Pois talvez algum aflito possas socorrer
Brilha no meio do teu viver

2. Oh, talvez algumas vidas possas alegrar,
com palavras doces em amor,
Ou talvez algumas almas tristes alcançar
Com a mensagem do Senhor.

3. Por maior que seja teu esforço a exercer
Por mais firme a tua devoção,
Em redor ó quantas almas vivem sem prazer
Jazem na negra escuridão."
159;BRILHANDO;;"Vejo no céu resplendente
Do sol a clara luz;
Quero viver tão somente
Brilhando por Jesus.

Brilhando, brilhando,
Quero brilhar como a luz!
Brilhando, brilhando,
Sempre brilhar por Jesus!

Eu quero em tudo exaltá-lo,
Na escola e no estudar;
Nunca também olvidá-lo
Em casa e no brincar.

Com um viver diligente,
Assim me quer Jesus;
Sempre com rosto contente,
Brilhando como a luz.

Do feio e triste pecado,
Senhor, vem-me guardar;
Sempre por ti amparado
Desejo, ó Deus, andar.

Se esta é a tua vontade,
Brilhando viverei,
E pela tua bondade
Ao lindo céu irei.

Trad.: Salomão Ferraz"
160;BRILHO CELESTE;;"Peregrinando vou pelos montes
E pelos vales, sempre na luz!
Cristo promete nunca deixar-me;
‘Eis-me convosco’, disse Jesus.

Brilho celeste! Brilho celeste!
Enche a minha alma a glória de Deus!
Com aleluias, sigo cantando,
Canto louvores, indo pra os céus!

Sombras à roda, nuvens em cima
O Salvador não hão de ocultar;
Ele é a luz que nunca se apaga,
Junto a seu lado sempre hei de andar.

Vão me guiando raios benditos,
Que me conduzem para a mansão;
Mais e mais perto, o Mestre seguindo,
Canto os louvores da salvação.

Trad.: Benjamim Rufino Duarte (1874-1942)"
161;BUSCAI PRIMEIRO O REINO DE DEUS;;"Buscai primeiro o reino de Deus e a sua justiça,
E todas as demais coisas vos serão acrescentadas,
Aleluia, Aleluia.

Aleluia, Aleluia, Aleluia, Aleluia, Aleluia.

Nem só de pão o homem viverá, mas de toda palavra
Que procede da boca de Deus, Aleluia, Aleluia.

Pedi, pedi, e dar-se-vos-á, buscai e encontrareis.
Batei e batei e abrir-se-vos-á, aleluia, Aleluia."
162;BÊNÇÃO;;"A graça de nosso Senhor,

E o amor de Deus,

E a comunhão do Espírito Santo,

Conosco sejam. Amém! Amém!"
163;BÊNÇÃO DO CÉU;;"1. Chuvas de bençãos teremos,
É a promessa de Deus,
Tempos benditos veremos,
Chuvas de bênçãos dos céus.

[coro]
Chuvas de bênçãos,
Chuvas de bênçãos dos céus,
Gotas benditas só temos,
Chuvas rogamos a Deus.

2. Chuvas de bênçãos teremos,
Vida e paz e perdão;
Os pecadores indignos
Graça dos céus obterão.

3. Chuvas de bênçãos teremos,
Manda-nos já ó Senhor,
Da-nos hoje os frutos
Desta palavra de amor.

4. Chuvas de bênçãos teremos
Chuvas mandadas dos céus,
Bênçãos a todos os crentes
Bênçãos do nosso bom Deus."
164;CADA DIA;;"Tu, Jesus, também assim,
Paz e gozo dá-me a mim;
Cada dia em profusão
Enche Tu meu coração.

Sempre Tu meu guia sê,
Cada dia dá-me fé;
Cada dia, ó bom Senhor,
Tudo supre com amor."
165;CADA MOMENTO;;"[coro]
Cada momento me guia o Senhor, Cada momento dispensa favor;
Sua presença me outorga vigor, Cada momento sou Teu ó Senhor!

Junto com Cristo na luta moral, O erro combato os pecados e o mal!
Ergo bem alto a bandeira real, Cada momento mais firme e leal.

Salvo por Cristo da vil perdição, Posso sentir que Ele dá salvação!
Nunca os contritos O buscam em vão, Cada momento concede perdão.

Nas minhas lutas me pode amparar, E do maligno também me livrar!
Cada momento por onde eu andar, Cristo meu Mestre me pode guardar.

Mary Whittle Moody (1870- ? )
Daniel Webster Whittle (1840-1901)"
166;Cada promessa (Every promisse);C;"Cada promessa no Livro é minha,
Cada capítulo, versículo, cada linha.
Só pra quem em seu amor, confia
Cada promessa no Livro é minha."
167;CADA VEZ MAIS;;"É grato relembrar
Que cada dia estou
Mais perto do celeste lar
Em que morar eu vou.

Cada vez mais,
Cada vez mais,
Perto estou do eterno lar
Em que morar eu vou.

Mais perto estou dos céus,
Meu lar, meu ideal;
Mais perto dos amados meus,
Na casa paternal.

Em breve vou partir
Para onde não há dor;
Prazer infindo vou fruir
Com Cristo, meu Senhor.

Oh, quando ali chegar
Serei, então, feliz!
Descanso e paz irei gozar
Naquele bom país.

Eu sempre quero estar
Ao lado teu, Senhor,
Até que possa descansar
Naquele lar de amor.

Trad.: William Edwin Entzminger (1859-1930)"
168;Cadeias Quebrar;Am;"Há poder no nome de Jesus

Há poder no nome de Jesus 3x

Há poder no nome de Jesus
Pra cadeias quebrar, cadeias quebrar, cadeias quebrar aaa

Cadeias quebrar, cadeias quebrar, cadeias quebrar
Há um exército se levantando

Há um exército se levantando 2x
Há um exército se levantando
Pra cadeias quebrar, cadeias quebrar, cadeias quebrar
Cadeias quebrar, cadeias quebrar, cadeias quebrar

aaa

Há poder no nome de Jesus

Há poder no nome de Jesus 2x

Há poder no nome de Jesus
Pra cadeias quebrar, cadeias quebrar, cadeias quebrar aaa
Cadeias quebrar, cadeias quebrar, cadeias quebrar

E a noiva está se unindo

E a noiva está se unindo 2x
E a noiva está se unindo

Pra cadeias quebrar, cadeias quebrar, cadeias quebrar aaa
Cadeias quebrar, cadeias quebrar, cadeias quebrar"
169;CALVÁRIO;;"[coro]
Ali na cruz, ali na cruz,
oh!, sim Jesus por mim sofreu!
Ali na cruz, ali na cruz,
oh!, sim Jesus por mim morreu!

O grande horror da escuridão
apavorou a multidão;
rasgado o véu lhes fêz saber
que terminou o seu sofrer.

Que dor cruel na cruz sofreu,
seu sangue ali Jesus verteu;
sim, foi por mim, pra me salvar,
para eu, enfim, no céu morar."
170;CAMINHEMOS NA LUZ;;"Há uma luz, bendita luz,
Que vem a nós dos céus;
A face do Senhor Jesus
Reflete o amor de Deus.

Caminhemos na luz
Caminhemos na luz de Deus.
Caminhemos na luz
Caminhemos na luz de Deus.

Há uma gloriosa luz
Guiando o nosso andar,
Nos santos passos de Jesus,
‘Tó chegarmos ao lar.

Há uma luz, a santa luz
Na qual podemos ver
No lindo céu, a glória à flux,
Que vamos receber.

Em santa e bendita luz.
Cercado de esplendor,
Virá O que morreu na cruz,
Nosso amado Senhor."
171;CAMINHO É ESTREITO;;"1. O caminho é estreito
Mas eu vou caminhando
A vinda de Cristo
Está se aproximando
Irmão, me ajude
A levar minha cruz
Eu não quero ficar;
Quero ir com Jesus.

[coro]
É Jesus, É Jesus,
O meu mestre querido
Ele virá em breve
Levará os remidos.
Lá no céu há riquezas
Que o mundo não tem
E ali viveremos,
Para sempre. Amém.

2. O seu santo evangelho
Eu vou anunciando
Sua vinda gloriosa
Estou esperando.
Passa o céu, passa a terra
Passam nuvens e mar
Mas as Suas palavras
Nunca hão de passar.

3. Tem a luta, a prova
E a tribulação.
Mas eu tenho Jesus
Ele é meu guardião.
O mar se agita pra canoa virar
Mas quem tem Jesus Cristo
Tem em quem confiar."
172;CAMPAINHAS DE OURO;;"1. Há uma terra além do rio
Que chamamos doce e terna,
E somente alcançaremos pela fé.
Um a um de entrar havemos
Nesse lar de bem supremo
Quando o Salvador chamar
A mim e a ti.

[coro]
Campainhas estão a tocar
Santos anjos a cantar
É a glória, Aleluia em resplendor
Nessa terra além do rio,
Que chamamos doce e terna
Quando o Salvador chamar.
A mim, a ti.

2. Nunca mais pecados ou mágoas
Nessa terra do futuro
Quando a barca lindas praias alcançar,
Só teremos alegria
E ouviremos harmonia
Quando o Salvador chamar
A mim, a ti.

3. Quando os dias se findarem
E da morte a dor vencermos,
Quando Cristo ao seu reino nos chamar;
Nunca mais angustiados
Para sempre consolados,
Quando o Salvador chamar
A mim e a ti."
173;CANAÃ CELESTE;;"Há uma terra de prazer,
De gozo e de fulgor,
Onde os remidos hão de ver
Jesus, seu Benfeitor.
A noite não existe lá,
Nem dores, nem pavor;
Mas só venturas haverá
Com Cristo, o Redentor.

Em breve havemos de passar
As águas do Jordão,
E, extasiados, contemplar
A eterna habitação;
Ah, que prazer será ouvir
De Cristo a saudação!
E tudo nos irá sorrir
Em brilho e exultação.

Trad.: Ricardo Pitrowsky (1891-1965)"
174;CANTA COM VIDA;;"1. Canta com vida ó crente!
Doce será o cantar!
Anda só para frente,
Deixa o teu pesar;
Canta nas noites tristes,
Canta no sol, na luz;
O mal assim resistes
Canta pra Jesus.

2. Canta com vida ó crente!
Alegra o coração!
Louva ao Deus clemente,
Com feliz canção!
Cheio está o mundo
De turbação e dor;
Canta o amor profundo
Do teu Salvador!

3. Canta com vida ó crente!
Deus teu socorro é;
Guarda-te a mão potente,
Se tiveres fé,
Cristo, sim te levanta
Quando medroso estás,
Se confiando cantas,
Seu amor veraz!"
175;Canta meu povo;E;"Jesus ia caminhando,
Descendo pra Jerusalém
Com Ele iam os seus discípulos
E os fariseus também
Os discípulos se alegravam
Cantavam e davam louvor
Dizendo: bendito é o rei
Que vem em nome do Senhor.

Canta meu povo, alegra meu povo
Que a festa não vai acabar.
Quando findar na terra
No céu vai continuar

Os fariseus murmuravam,
Falavam com ansiedade:
“Mande, que o povo se cale,
E não perturbe a cidade”
Jesus olhando pra eles
Falava com satisfação:
“Se eles se calarem Logo as pedras clamarão”

Nós que sabemos disto,
Que foi Jesus quem falou,
Antes que as pedras clamem
Nós clamamos ao Senhor
Jesus desceu da Sua glória
Para nos trazer salvação
Não há ninguém que tire
O gozo do meu coração."
176;CANTAI;;"O meu coração sofredor
Descanso seguro encontrou,
Seguido os conselhos de amor
Do Pai que do mal me chamou.

[coro]
Cantai, cantai
No templo de nosso Senhor!
Cantai, cantai!
Ao mundo mostrai seu amor!

Nos astros esparsos nos céus,
Da lua no brando clarão,
Eu leio poemas de Deus
Que outorga aos contritos perdão.

No livro bendito encontrei
Palavras de amor e de luz;
E canto celeste escutei
Dos anjos, saudando Jesus.

Os males do mundo olvidei,
Por isso me pus a cantar;
Com Deus para sempre estarei,
Irei com Jesus ao seu lar."
177;Cantai ao Senhor cânticos novos;E;"Cantai ao Senhor cânticos novos,
Porque Ele fez grandes maravilhas (2X)

Levantai a voz e aplaudi,
Cantemos salmos ao Senhor (2X)

Direi do Senhor, Ele é Meu Deus,
Meu Refúgio e Minha fortaleza (2X)

Bendiz ó minha alma ao Senhor,
Bendiz ao Seu Santo Nome (2X)

O Senhor é a Força da minha vida,
De quem me recearei? (2X)

Elevo os meus olhos para os montes,
De onde virá o meu socorro? (2X)"
178;CANTAI LOUVORES;;"1. Ó vinde crentes entoai louvores a Jesus
Que para nossa salvação foi morto numa cruz.
Seu sangue derramou, de tudo me lavou
Mais alvo do que a neve me tornou.

[coro]
O sangue de Jesus me lavou me lavou,
O sangue de Jesus me lavou me lavou
Alegre cantarei, louvores ao meu Rei
Ao meu Senhor Jesus que me salvou.

2. Conosco vinde vos unir na guerra contra o mal
E com o nosso Salvador em marcha triunfal
A todos proclamar a graça e seu poder
Seu sangue derramou p’ra me salvar.

3. O capitão da Salvação é Cristo o Salvador
O Rei dos Reis, o Redentor Jesus o bom Senhor.
Pois tudo vencerá, vitória nos dará
À glória salvos nos conduzirá."
179;CANTAM GLÓRIA;;"Perante o trono do Senhor,
Na glória de Jesus,
Crianças aos milhares há,
Brilhando em santa luz.

Cantam: ‘Glória, glória,
Glória ao Salvador Jesus!’

Dos seus pecados o perdão
Jesus lhes concedeu,
E agora, em sempiterna paz,
Com ele estão no céu.

Na eterna habitação feliz,
De glória, brilho e amor,
Infantes, salvos por Jesus,
Entoam seu louvor.

Quem, na cruenta, amarga cruz,
Seu sangue derramou,
As criancinhas já remiu,
E o céu lhes outorgou.

Na vida amavam a Jesus,
Buscavam seu amor;
Agora face a face estão
Com ele em seu fulgor.

Trad.: John Boyle (1845-1892)"
180;CANTAREI;;"Cantarei do amor de Cristo,
Nunca houve amor igual;
Deu a vida pra salvar-nos
Da condenação fatal.

Cantarei das suas palavras,
Tão repletas de poder,
Que consolam e me inspiram
A Jesus obedecer.

Cantarei da imensa graça
Do seu terno coração;
Pela fé que tenho nEle
Me garante o meu perdão.

O seu Nome tão glorioso
Com fervor proclamarei;
Junto com os seus remidos
Esse Nome exaltarei.

Cantarei de Jesus Cristo,
Poderoso Salvador;
Pois transforma, regenera
O perdido, indigno malfeitor."
181;CANTAREI DE CRISTO;;"Cantarei de Jesus Cristo,
Sua graça exaltarei;
Encontrou-me muito aflito,
E descanso nele achei.

Cantarei que Jesus Cristo
Com amor me resgatou;
Ele sobre a cruz foi morto;
Meus pecados apagou.

Cantarei de sua graça
Que rebelde me encontrou;
Com amor e piedade
Ele me regenerou.

Cantarei no céu a Cristo,
Bendirei seu grande amor;
Humilhou-se pra salvar-me;
Louvarei com zelo e ardor."
182;CANTO FELIZ;;"1. Neste momento que eu pego na caneta,
Para escrever esta humilde canção.
Agradecendo a Jesus nosso Senhor,
Em transformar o meu pobre coração.
Eu agradeço a Jesus todas as vezes,
Quando me lembro que outrora fui perdido,
Mas o Senhor morreu na cruz para salvar,
Salvou a mim porque é o meu amigo.

[coro]
Canto, canto feliz,
Porque Jesus mora no meu coração.
Oh, eu sou feliz,
Felicidade é ter Jesus no coração.

2. Eu agradeço a Jesus todas as bênçãos,
Que até hoje o Senhor me concedeu.
Eu agradeço pelo pão de cada dia,
E pela graça que minha alma recebeu.
Eu agradeço a Jesus pela mensagem,
E pelos versos que a mim Ele inspirou.
Para encerrar esta humilde canção,
Rogo a Deus pra sempre dar-me o seu amor."
183;CAREÇO DE JESUS;;"1. Careço de Jesus! De Ti meu Salvador!
Somente a Tua voz tem para mim valor.

[coro]
De ti, Senhor, careço! Do Teu amparo sempre!
Oh! Dá-me a Tua benção: Aspiro a Ti!

2. Careço de Jesus! Unido a Ti, Senhor,
Pecado e tentação não mais terão vigor.

3. Careço de Jesus! Vem dar-me ao coração
O gozo de viver em santa retidão!"
184;CASAMENTO;;"Benigno Salvador, com tua aprovação,
Consagra em doce amor teus servos nesta união;
E sobre os noivos faz descer
A graça que lhes é mister.

Em paz os faze andar, unidos no Senhor,
E a vida aqui passar em terno e santo amor;
Ligados no temor de Deus,
Caminhem juntos para os céus.

Oh, vem reger seu lar, em que serás o Rei!
Seus corações mantém fiéis à tua lei;
Socorre-os, pois, na tentação,
Consola-os na tribulação."
185;CASTELO FORTE;;"1. Castelo forte é nosso Deus,
Espada e bom escudo
Com Seu poder defende os Seus
Em todo transe agudo
Com fúria pertinaz
Persegue satanás,
Com ânimo cruel;
Astuto e mui rebel
Igual não há na terra.

2. A nossa força nada faz;
O homem está perdido;
Mas nosso Deus socorro traz,
No filho escolhido.
Sabeis quem é Jesus?
O que venceu na cruz,
Senhor dos altos céus;
E, sendo o próprio Deus,
Triunfa na batalha.

3. Se nos quisessem devorar
Demônios não contados,
Não nos podiam derrotar,
Nem ver-nos assustados,
O príncipe do mal
Com rosto infernal
Já condenado está;
Vencido cairá.
Por uma só palavra.

4. Que a Palavra ficará,
Sabemos com certeza
E nada nos assustará.
Com Cristo por defesa.
Se temos de perder
Os filhos, bens, mulher,
Embora a vida vá
Por nós Jesus está,
E dar-nos à Seu reino."
186;CEIA DO SENHOR;;"Em nossa alma nós tomamos.
O Teu corpo, ó Jesus!
Como oferta voluntária,
Que nos deste lá na cruz.

Como pão do céu desceste,
Vamos a Ti receber;
Pois unidos ao Teu corpo,
Nós queremos, sim, viver.

Em figura, o Teu sangue
Nós bebemos, ó Senhor,
Pois só nEle há virtude
P’ra salvar o pecador.

Vem, concede à Tua Igreja
O perdão do Teu amor,
Para que nos dois emblemas,
Contemplemos-Te, Senhor.

Ó Senhor, por Teu Espírito
Em nós vem já residir,
Pra Teu corpo e Teu sangue
Nós podermos discernir."
187;CEIFANDO;;"Espalhemos todos a semente santa,
Desde a madrugada até o anoitecer,
Calmos, aguardando o tempo da colheita,
Quando alegremente havemos de colher.

Havemos de colher! Havemos de colher!
Oh, quão jubilosos havemos de colher!
Havemos de colher! Havemos de colher!
Messes abundantes havemos de trazer!

Semeemos quando seres perniciosos
A semente boa querem destruir;
Deus abençoando, alegres, satisfeitos,
A colheita santa havemos de fruir.

Eia, pois, obreiros, semeai, ousados,
A semente viva da verdade e luz,
Proclamando Cristo, seu poder e glória,
Salvação perfeita que alcançou na cruz!

Trad.: Salomão Luiz Ginsburg (1867-1927)"
188;CELESTE;;"1. Peregrinando pelas montanhas,
Dentro dos vales, sempre na luz!
Cristo promete nunca deixar-me;
“Eis-me convosco”, disse Jesus.

[coro]
Brilho celeste, brilho celeste,
Encha a minha alma, a glória de Deus!
Com aleluia sigo cantando,
Dando louvores, indo pra os céus!

2. Sombras à roda; nuvens em cima
O salvador não hão de ocultar;
Ele é a luz que nunca se apaga;
Junto ao seu lado sempre hei de andar.

3. Vão me cercando raios benditos;
Passos avante para a mansão;
Mais e mais perto, o mestre seguindo
Dando louvores da salvação."
189;CENA DA CRUZ;;"1. Eu sei que Jesus me ama,
A certeza eu bem tenho
Provou-me ali no Gólgota,
Sofrendo no horrível lenho;
O véu do templo rasgou-se
Jesus tinha expirado
Ouviu-se um brado de dor
Está tudo consumado.

[coro]
A cena da cruz não me sai da mente,
Eu fico pensando como é bom ser crente
As vezes na luta fico meditando,
Na cena da cruz eu vou me firmando.

2. A terra toda tremeu,
O mundo foi abalado
Até os que estavam mortos
Foram ressuscitados;
O mundo não compreendeu,
O centurião logo disse:
Esse era o filho de Deus
Que na cruz foi imolado.

3. Ficou três dias na terra
Mas logo ressuscitou,
Subiu ao céu triunfante
E as nossas culpas levou
Agora vamos lutar
Olhando só pra Jesus
Que bom se todos olhassem
Praquela cena da cruz."
190;CERTEZA;;"Jesus, Jesus, o Salvador!
É doce o nome do Senhor.
Abrasa-me com santo amor;
Glória, glória a meu Jesus!

Os meus pecados carregou,
E sobre a cruz me resgatou.

Eu sei que perdoado estou;
E com certeza ao céu eu vou.

E, quando a luta aqui findar,
No céu de luz eu vou cantar."
191;CHAMADA;;"Cristo te salva! Cristo te salva!
Já, sem demora, vem, vem, pecador!
Chega-te agora, dize a teu Mestre:
Tu me salvaste, meu Redentor!

Inda te espera, espera, espera –
Tão compassível é o Salvador!
É Cristo mesmo, mesmo, mesmo,
Quem te convida com tão grande amor.

Com amor grande, grande, grande,
Já veio ao mundo teu Salvador!
Vem tu a Cristo, Cristo, Cristo;
Há salvação para o vil pecador!"
192;CHAMADA FINAL;;"Quando Cristo sua trombeta lá no céu mandar tocar,
Quando o dia mui glorioso lá romper;
E aos remidos desta terra meu Jesus se incorporar,
E fizer-se então chamada lá estarei.

[coro]
Quando se fizer chamada;
quando se fizer chamada,
Quando se fizer chamada,
Quando se fizer chamada lá estarei!

Neste tão glorioso dia quando o crente ressurgir,
E da glória de Jesus participar.
Quando os crentes ressurgidos o saudarem no porvir,
E fizer-se então chamada lá estarei.

Lidarei então pra Cristo té o dia terminar,
Falarei do Seu amor por nós aqui.
Quando pois findar a vida e o labor aqui cessar,
E fizer-se então chamada lá estarei."
193;CHAMADA FINAL CC.108;;"Quando Cristo sua trombeta lá no céu mandar tocar,
Quando o dia mui glorioso lá romper;
E aos remidos desta terra meu Jesus se incorporar,
E fizer-se então chamada lá estarei.

[coro]
Quando se fizer chamada;
quando se fizer chamada,
Quando se fizer chamada,
Quando se fizer chamada lá estarei!

Neste tão glorioso dia quando o crente ressurgir,
E da glória de Jesus participar.
Quando os crentes ressurgidos o saudarem no porvir,
E fizer-se então chamada lá estarei.

Lidarei então pra Cristo té o dia terminar,
Falarei do Seu amor por nós aqui.
Quando pois findar a vida e o labor aqui cessar,
E fizer-se então chamada lá estarei."
194;CHORA AGORA;;"Chora agora as tuas culpas,
Vai a Deus as confessar;
E se não, sem mais remédio,
Tarde, então hás de chorar.
Ah, se a dor aqui te aflige,
Como então hás de sofrer
No tormento, sem alívio,
Para sempre a padecer?

Com remorso e pranto tarde
Tu dirés: ‘Eu infeliz!
Eu perverso e desgraçado!
Deus chamou-me e não quis.’
Ouve a Deus, escuta agora,
Sim, enquanto a vida der;
Pois naquele grande dia
Justiceiro ele há de ser."
195;CHUVAS DE BENÇÃOS;;"[coro]
Chuvas de bençãos, chuvas de bençãos dos céus;
Gotas somente nós temos, chuvas rogamos a Deus!

Chuvas de bençãos teremos, vida de paz e perdão,
Os pecadores indignos, graça dos céus obterão.

Chuvas de bençãos teremos, manda nos já ó Senhor,
Dá nos agora o bom fruto, desta palavra de amor.

Chuvas de bençãos teremos, chuvas mandadas dos céus,
Bênçãos a todos os crentes, bênçãos do nosso bom Deus.

Chuvas de bençãos, chuvas de bençãos dos céus;
Gotas somente nós temos, chuvas rogamos a Deus!

James McGranahan (1840-1907)
Daniel Webster Whittle (1840-1901)"
196;CHUVAS DE GRAÇA;;"Deus prometeu com certeza
Chuvas de graça mandar;
Ele nos dá fortaleza,
E ricas bênçãos sem par

Chuvas de graça,
Chuvas pedimos, Senhor;
Manda-nos chuvas constantes,
Chuvas do Consolador.

Cristo nos tem concedido
O santo Consolador,
De plena paz nos enchido,
Para o reinado do amor.

Dá-nos, Senhor, amplamente,
Teu grande gozo e poder;
Fonte de amor permanente,
Põe dentro de nosso ser.

Faze os teus servos piedosos,
Dá-lhes virtude e valor,
Dando os teus dons preciosos,
Do santo Preceptor."
197;CIDADE DE DEUS;;"1. Sião cidade tão linda,
Nela almejamos morar.
Pois Cristo nos prometeu,
Um dia vir nos buscar,
Para levar-nos a glória,
Daquela linda mansão
Cantando a grande vitória
Os remidos de Cristo no céu entrarão.

[coro]
Sião, ó Sião,
Pátria querida de amor.
És a mais bela e sublime mansão.
Em ti não há pranto e nem dor.
Sião, ó Sião,
Nem sol nem luzeiro haverá,
Mas o cordeiro bendito,
A glória do altíssimo,
Te iluminará.

2. Lá em Sião nos espera,
Uma grande multidão,
Dos que lavaram suas vestes,
No sangue da expiação.
Renunciaram suas vidas,
Para em Sião ir morar,
Pois só as almas remidas,
Por Cristo no céu tem poder de entrar."
198;CLAMA: JESUS, JESUS!;;"Ó clama na tribulação: Jesus, Jesus.
De todo o teu coração: Jesus, Jesus,
Por certo, te socorrerá: Jesus, Jesus,
E gozo e paz te dará: Jesus, Jesus.

Tu queres um bom Salvador? Jesus, Jesus,
Que ama o vil pecador? Jesus, Jesus,
E que tem poder p’ra salvar? Jesus, Jesus,
E para o céu te levar? Jesus, Jesus.

Há um que te pode curar: Jesus, Jesus.
E da corrupção te guardar: Jesus. Jesus.
Só um nome dá salvação: Jesus, Jesus.
O gozo, a paz, o perdão: Jesus, Jesus.

Aceita, no teu coração: Jesus, Jesus;
Assim, tu terás salvação, Jesus, Jesus;
Abraça, com terno amor: Jesus, Jesus;
Que chora por ti, pecador, Jesus, Jesus."
199;CLAMAVA A VOZ NO DESERTO;;"1. Clamava a voz no deserto
Anunciando o Cordeiro
Aquele que sempre existiu,
Antes de tudo o Primeiro,
O Deus todo poderoso,
Com Seu amor tão profundo
Enviou Seu Filho à Terra
Jesus a luz do mundo.

[coro]
Com Seu sangue precioso
Eu também fui lavado
Pelas suas pisaduras
Eu também fui sarado.

2. Eu que andava oprimido,
Cheio de iniquidade,
Jesus tomou sobre si
As nossas enfermidades
Verdadeiramente
Jesus já nos libertou,
Lá na cruz do calvário
Nossos pecados levou."
200;COM AMOR NO LAR;;"1. Tudo é belo em derredor
Com amor no lar
Há beleza em cada flor
Com amor no lar
Paz e gozo conceder
Amargura desfazer
E saúde promover
Com amor no lar.

[coro]
Com amor, com amor
Não há dor, não há pesar
Com amor no lar

2. Nas choupanas há prazer
Com amor no lar
Onde o mal não pode haver
Com amor no lar
Cada rosa no jardim
Canta hinos para mim
Dando à vista alegre fim
Com amor no lar.

3. Meu Jesus a paz me deu
Dando amor no lar
Faz-me renunciar ao eu
Faz-me mais amar
Confiando eu deporei
Toda a carga aos pés do rei
Sempre amando à Sua lei
Com amor no lar."
201;COM CRISTO;;"1. Meu Senhor, sou Teu, Tua voz ouvi
À chamar-Te com amor;
Mas de Ti, mais perto quero estar,
Ó bendito Salvador

[coro]
Mais perto da Tua cruz
Quero estar, ó Salvador!
Mais perto da Tua cruz
Leva-me, ó meu Senhor!

2. A seguir-Te só, me consagro eu,
Constrangido pelo amor;
E alegre já me declaro Teu,
Pra servir-te a Ti, Senhor.

3. Oh! Que pura e santa delícia é
Aos Teus santos pés me achar,
E com viva e reverente fé
Com meu Salvador falar."
202;COM CRISTO É CÉU;;"Depois que Cristo me salvou,
Em céu o mundo se tornou;
Até no meio do sofrer
É céu a Cristo conhecer.

Oh! Aleluia! Sim, é céu
Fruir perdão que concedeu!
Em terra ou mar, seja onde for,
É céu andar com o Senhor.

Pra mim mui longe estava o céu,
Mas, quando Cristo me valeu,
Feliz, senti meu coração
Entrar no céu da retidão.

Bem pouco importa eu ir morar
Em alto monte, à beira-mar,
Em casa ou gruta, boa ou ruim,
Com Cristo aí é céu pra mim."
203;COM JESUS;;"Triste e sombrio foi meu viver,
Longe de ti, meu Salvador;
Paz e perdão de ti venho obter,
Junto de ti, Senhor.
Foi grande a luta da provação,
Tenho sofrido muita aflição;
Pra confortar o meu coração,
Eu venho a ti, Senhor!

Minhas vaidades atirarei
Longe de mim, ó Salvador;
Pois teu querer será minha lei,
Servir-te-ei, Senhor.
O teu amor desejo provar,
A tua graça quero gozar.
Sempre contigo almejo ficar,
Teu sempre quero ser.

Medo da morte nunca terei;
Perto de mim tu sempre estás,
Pois ao teu lar decerto eu irei,
Tu me receberás.
Junto a ti, pois, quero viver,
Junto a ti eu vou combater,
Junto a ti vencer ou morrer,
Cristo, meu Salvador."
204;COM MEU JESUS;;"1. Quando terminar minha carreira
Neste mundo cheio de aflição,
Lá no céu com meu Jesus,
Gozarei a doce luz
Da cidade de Sião

[coro]
Com meu Jesus
Lá no céu irei morar
Juntamente com os anjos, aleluia.
Com meu Jesus vou habitar.

2. Ó, Jesus, dá-me da tua graça
P’ra que eu possa sempre aqui viver
Com os olhos no Senhor
Guia-me por teu amor
Meu socorro vem de ti.

3. Quantas ondas que estão rugindo
Querendo sempre me destruir
Mas olhando p’ra Jesus
Quando morreu na dura cruz,
Meu socorro vem de ti."
205;COM TUA MÃO;;"1. Com Tua mão, segura bem a minha
Pois eu tão frágil sou, ó Salvador!
Que não me atrevo a dar nem um só passo,
Sem Teu amparo, meu Jesus Senhor!

2. Com Tua mão, segura bem a minha,
E mais e mais unido, a Ti, Jesus,
Oh! Traze-me; Que nunca me desvie
De ti, Senhor a minha vida e luz!

3. Com tua mão segura bem a minha,
E pelo mundo, alegre, seguirei;
Mesmo onde as sombras caem mais escuras,
Teu rosto vendo, nada temerei.

4. E, se chegares a beira deste rio,
Que Tu por mim quiseste atravessar,
Com Tua mão segura bem a minha,
E sobre a morte eu hei de triunfar.

5. Ou, se voltares, esses céus rompendo,
Segura bem a minha mão, Senhor;
E, meu Jesus, Oh! Leva-me contigo,
Para onde eu goze. Teu eterno amor."
206;COM TUA MÃO SEGURA;;"Com Tua mão, segura bem a minha,
Pois eu tão fraco sou, ó Salvador!
Que não me atrevo a dar nem um só passo
Sem Teu amparo, meu Jesus Senhor!

Com Tua mão, segura bem a minha,
E mais e mais unido a Ti, Jesus.
Ó traze-me, que nunca me desvie
De Ti, Senhor, a minha vida e luz!

Com Tua mão, segura bem a minha,
E, pelo mundo, alegre seguirei:
Mesmo onde as sombras caem mais escuras
Teu rosto vendo, nada temerei.

E, se chegar à beira desse rio,
Que Tu por mim quiseste atravessar,
Com Tua mão segura bem a minha,
E sobre a morte eu hei de triunfar.

Quando voltares esses céus rompendo,
segura bem a minha mão, Senhor,
E, meu Jesus, ó leva-me contigo,
Para onde eu goze Teu eterno amor."
207;COMO A NEVE;;"Bom Jesus, és todo meu;
Eu também sou todo teu.
Dá-me graça para ser
Todo teu até morrer.

Bom Jesus, minha alma quer
Qual a neve branca ser;
Vive no meu coração,
Faze-o puro, limpo e são.

Salvo estou em teu amor;
Já não tenho assim temor;
Gozo a mais perfeita paz,
Nem a morte susto traz.

Dia a dia, meu Jesus,
Quero andar em tua luz,
Té que enfim eu vá morar
No celeste e eterno lar."
208;COMO ANDAR;;"Peregrinos, quais estrangeiros,
Nós seguimos pelo mundo a viajar;
Aqui há trevas e iniquidade,
Aqui há lutas contra a maldade;
Peregrinos, quais estrangeiros,
Nós seguimos pelo mundo a viajar.

Do adversário aqui é o reino,
É com Ele que nós temos de lutar.
Astucioso, e também malvado,
E nos incita para o pecado.
Quais bons servos, quais bons soldados,
Nosso Rei nos manda sempre pelejar.

E na pátria, para onde vamos,
Nem ciladas nem contendas haverá:
Só alegria, só caridade
E só descanso na santidade.
Animosos e esperançosos,
Nós seguimos pelo mundo a transitar.

Quão glorioso o lugar ditoso,
Onde vamos nós estar com Cristo, o Rei,
Pra seu semblante na luz fitarmos
E da presença de Deus gozarmos!
Cidadãos, pois, daquela pátria,
Nós seguimos pelo mundo a caminhar."
209;COMO ESTOU;;"Ouço meu Senhor dizer:
‘Teus esforços são em vão,
Nada podes merecer,
Eu te dou a salvação.’

Ati, Jesus, Senhor,
Venho como sou;
Bem nenhum mereço eu,
Teu sangue me salvou.

Sim, eu venho a ti, Jesus,
Tua graça receber;
Infinito é teu amor,
Sem limites teu poder.

Ai, me falta a retidão
Sou indigno pecador,
Mas pureza alcançarei
No teu sangue redentor.

Pela fé em ti, Senhor,
Recebi o teu perdão;
De pecado e de temor
Livre está meu coração.

Lá no céu eu cantarei
Tua eterna redenção;
Sempre ali te renderei
Meu louvor e gratidão."
210;COMO HÁ DE SER;;"Como há de ser, conclusa a longa lida,
Finda a peleja da paixão mortal,
Quando, avistando além da escura vida
A porta do prazer celestial,
Dos pés varrida a última poeira,
Do rosto enxuto seu final suor,
Deixarmos esta cena passageira,
Entrando ao santo lar de eterno amor?

Como há de ser, nos céus por Deus banhados
Dos raios da divina e excelsa luz,
Oh, que alegria! Isentos de pecados,
Estarmos nós diante de Jesus!
E pela vez primeira em harmonia
Com os santos cidadãos dos altos céus,
Unindo-nos, sem medo, à companhia
Que cerca o trono do supremo Deus?

Como há de ser, com sentimento ouvindo
O coro dos remidos do Senhor,
As áureas harpas, sempre retinindo
Louvores ao Cordeiro, ao Salvador;
E quando, dentro de átrios espaçosos,
Entoarmos gratos salmos, sem cessar,
E, como incenso, os hinos fervorosos
Subirem junto ao celeste altar?

Como há de ser, quando o Juiz chamar-nos:
‘Benditos, vinde, para os céus entrai!’
E o Salvador dignar-se revelar-nos
A glória em que ele habita com o Pai?
Ali, não tem, jamais, a morte entrada,
Nem dor nem pranto estorvam o prazer.
A vista não se ofusca, e em volta nada
Pode a ditosa festa entristecer?

Como há de ser, quando a pasmosa história
Da triste e indigna vida que findou,
Com lucidez se espelhe na memória
Todo pecado ou mal que então passou,
O nosso apreço de Jesus aumente,
E da clemência deste Benfeitor;
E de contínuo a gratidão se alente
Por seu insigne e milagroso amor?

Como há de ser? Oh, nunca foi pensado,
Por mente ou coração humano aqui,
O bem-estar por Deus determinado
Para os que entrarem com triunfo ali!
Avante, irmãos! Avante no caminho
Que nos conduz ao gozo tão real!
Se aqui nós temos um quinhão mesquinho.
Marchamos para a glória divinal."
211;COMPANHEIRAS;;"Sempre unidas, companheiras,
Declaremos por Jesus
Guerra santa contra as trevas,
Zelo puro pela luz.

Vamos todas, vamos todas,
Sempre unidas pelo amor,
Como esposas, mães ou filhas,
A servir ao Salvador.

Somos fracas, bem sabemos,
Mas havemos de vencer,
Se tivermos confiança
E cumprirmos o dever.

Sempre firmes na esperança
E na fé do Salvador,
Imploremos sua graça,
Pra vivermos em amor."
212;COMPANHEIRO;;"De teu cuidado terno
Me cerca, ó Salvador;
Porque se Tu ao longe estás
Eu fico sem vigor!
Ao pé de Ti desejo,
Meu Deus, meu Pai, viver,
E Tua forte mão sentir
A minha mão suster.

Tu és o meu amparo,
Meu Guia e Protetor;
A graça, a paz, reside em Ti,
Em Ti reside o amor.
No auge da ventura
Ou das tribulações,
Teu santo nome bendirei,
Ó luz dos corações!

Sem Ti, Jesus benigno,
De que me serve andar
Num chão florido, ou sobre mim
O belo sol brilhar?
Sem Ti é sempre noite,
Senhor, é afrontar,
Em frágil nau, ou num batel,
Encapelado mar.

Só Tu da morte as sombras
Poder tens de afastar,
E as portas da mansão feliz
Abrir de par em par.
A Ti, naquele dia,
No dia sem igual,
Com os remidos cantarei
O hino triunfal."
213;COMPANHIA DIVINA;;"Ó meu querido Salvador,
Vem conceder-me teu favor;
Nuvem nenhuma terreal
Tire-me a luz celestial.

Quando eu no leito despertar
Tua presença quero achar;
Ao dar começo ao meu labor,
Sê tu meu Guia e Protetor.

Vem conceder-me teu poder;
Só poderei assim vencer
As seduções do tentador;
Fica comigo, Salvador."
214;COMUNHÃO;;"Quão preciosas são as horas
Na presença de Jesus,
Comunhão mui deliciosa
De minha alma com a luz!
Os cuidados deste mundo
Não me poderão mover,
Pois é Ele meu abrigo
Quando o tentador vier (bis)

Ao sentir-me rodeado
De cuidados terreais,
Irritado, enfraquecido,
Em hesitações fatais,
A Jesus eu me dirijo,
Nesses tempos de aflição;
As palavras que Ele fala
Trazem-me consolação. (bis)

Se confesso meus temores,
toda a minha imperfeição,
Ele escuta com paciência
Essa triste confissão;
Com ternura repreende
O pecado e todo o mal;
Ele é sempre meu amigo,
O melhor e mais leal. (bis)

Se quereis saber quão doce
É com Deus ter comunhão,
Podereis, então, prová-lo,
E tereis compensação.
Procurai estar sozinhos
Em conversa com Jesus,
E tereis, na vossa vida,
Paz perfeita, graça e luz."
215;COMUNHÃO CELESTE;;"Comigo assiste, ó Deus! A noite vem,
As trevas crescem, eis, Senhor, convém
Que me socorra a tua proteção;
Oh, vem fazer comigo habitação!

Depressa encontrarei o fim mortal;
Desaparece o gozo terreal;
Mudança vejo em tudo e corrupção;
Comigo faze eterna habitação!

Vem revelar-me teu querer, Senhor!
Divino Mestre, Rei, Consolador!
Meu guia forte, Amparo em tentação!
Vem, vem fazer comigo habitação!

Presente estás nas trevas e na luz;
Não há perigo, andando com Jesus;
A morte e a tumba não aterrarão
Àquele em quem fizer habitação!

Ó morte, em Cristo gozo a redenção!
Sepulcro, o pó verá ressureição!
No reino além não há pertubação.
Com Deus eu herdo eterna habitação."
216;CONFIA EM DEUS;;"1. A vida tem tristezas mil
Nem tudo é um céu de anil
Mas contra a dor que é tão sutil,
Há um caminho só.

[coro]
Confia em Deus que Ele sempre te ouvirá
Confia em Deus que Ele nunca falhará
Confia em Deus que negras nuvens passará
Oh! Não duvides, mas confia em Deus.

2. Quando teu céu escurecer,
E a sós penares teu sofrer
Não desanimes, pra vencer,
Há um caminho só.

3. E se tua fé provada for
E te esqueceres do Senhor
Necessitando um salvador
Há um caminho só."
217;CONFIANDO;;"Confiando em meu Jesus,
Dele vêm-me paz e luz;
Quando vem a provação,
Ele dá-me sua mão.

Dá-nos o Consolador,
Que nos enche de fervor,
E não deixa tropeçar
Quando o tentador chegar.

E se nele eu confiar,
Poderei, então, cantar,
Quando o temporal bater,
Venha, sim, o que vier!

Oh, enquanto aqui viver.
Confiança eu hei de ter!
Quando a vida terminar,
Lá na glória irei cantar.

Confiemos nele já,
Vencedores nos fará;
Através da provação
Dá-nos força e direção."
218;CONFIANÇA;;"1. Não sei porque de Deus o amor a mim se revelou
Porque razão, o Salvador, pra Si me resgatou.

[coro]
Mas eu sei em quem tenho crido,
E estou bem certo que é poderoso
P’ra guardar o meu tesouro
Até o dia final.

2. Não sei o que de mal ou bem é destinado a mim
Se maus ou áureos dias vêm, até a vida o fim!

3. De quando vem Jesus, não sei, se breve ou tarde vem,
Mas sei que meu Senhor virá na glória que Ele tem."
219;CONFIANÇA EM DEUS;;"Confia sempre, ó crente,
Na luta por Jesus,
Em Deus, pois que à vitória
Com glória nos conduz.

Confia em Deus,
Na luta por Jesus;
Confia em Deus,
Que sempre nos conduz.

No meio dos perigos,
Sofrendo tentações,
Confia em Deus, que sempre
Vê tuas aflições.

Jesus é poderoso,
Amigo sem igual;
Confia nele, ó crente,
Até o dia final.

Trad.: Salomão Luiz Ginsburg (1867-1927)"
220;CONFIAR EM CRISTO;;"Que delícia é crer em Cristo,
Em seu nome confiar,
Aceitar os seus ensinos
E as promessas desfrutar!

Cristo! Cristo! Já confio
Em teu nome, em teu poder;
Cristo! Cristo, Bem-amado!
Faze minha fé crescer.

Oh, que gozo é crer em Cristo,
Ter certeza de perdão!
Receber de Cristo mesmo
Vida, paz e salvação.

Bem feliz eu sou em Cristo,
Sempre dele quero ser;
Quero agora, mui submisso,
Sempre a ele obedecer."
221;CONFIO EM DEUS;;"1. Confio em Deus, aonde quer que eu vá;
Na terra firme, ou sobre o irado mar,
E seja pois, aonde for
Confio em Deus e em Seu excelso amor,

[coro]
Confio em Deus, eu sei que me amará,
E pela Sua mão me guiará.
E seja pois aonde for,
Confio em Deus em Seu excelso amor.

2. A linda flor recebe o Seu cuidar,
Ele guia as águias no espaço ar
Se Ele assim cuidar de mim
Confio em Deus em Seu excelso amor.

3. Por vales ou deserto abrasador
Com Ele irei, e sem nenhum temor
E pela mão conduzirá
Confio em Deus em Seu excelso amor."
222;CONFISSÃO;;"Eu aos teus pés, Jesus,
Com contrição,
Procuro a tua luz;
Dá-me perdão!
Sim, vem me perdoar,
Vem teu favor mostrar!
Oh, queiras me escutar
Em oração!

Cansado e triste estou,
Meu Redentor.
Um pecador eu sou,
Cristo, Senhor!
Portanto, venho a ti;
Oh, dá-me alívio aqui,
Pois já me arrependi,
Meu Salvador!

Eis do meu Deus a voz,
Vem me chamar;
Jesus comigo a sós
Quer me falar!
Já creio, Salvador,
No teu perdão e amor,
E quero a ti, Senhor,
Me consagrar!

Estou inda aos teus pés
Com gratidão!
Meu Salvador tu és!
Deste o perdão!
Eu creio em ti, meu Deus,
Sou um dos servos teus,
Conduze os passos meus,
Ó tu, Jeová!"
223;CONFORME A TUA INFINITA GRAÇA;;"1. Conforme a Tua infinita graça,
Ó pai perdoa as minhas transgressões,
Faz-me sentir mais uma vez a graça
E dá-me Tua paz ao coração.

[coro]
Mais uma vez eu sinto meus pecados
É contra Ti ó Pai, ó Pai de amor
Minh’alma pede a Tua alegria
Renova em mim o Teu amor, ó meu Senhor.

2. Eis que em iniquidade fui formado
E em pecado me concebeu a minha mãe,
Mas o Senhor que deixou consumado
Me deu a paz, me concedeu perdão.

3. Meu coração a Ti eu ofereço,
Perdão imploro meu Senhor e Rei,
Conforme a Tua infinita graça,
Misericórdia, sim, alcançarei."
224;CONQUISTAR O MUNDO;;"‘O mundo vasto imenso,
Pra Cristo conquistar’-
Este é o grande lema
Do nosso labutar.
Humilde, desprezado,
Por nós na cruz morreu;
Glorificado reina
Na terra e lá no céu.

Sim, conquistar
O mundo pra Cristo!
O mundo, sim,
Pra Cristo, o Salvador!

O mundo vasto, imenso:
O povo do Brasil,
Nações além dos mares,
Famílias, tribos mil,
Os povos da Europa,
Da China, do Japão,
A todos proclamemos
De Cristo a salvação!

O mundo vasto, imenso:
Seus lares, corações,
Impérios, tronos, reinos,
As grandes multidões
Ao Salvador bendito
Terão de se entregar,
Pois no universo inteiro
Jesus há de imperar!

Trad.: Salomão Luiz Ginsburg (1867-1927)"
225;CONSAGRANDO-NOS;;"Consagrando-nos a ti,
Implorando tua proteção;
Oh, presente sê aqui,
Concedendo tua direção!

Cada vez mais e mais
Mostra-nos o teu favor;
Une-nos em ti, Senhor,
Pelos laços do divino amor.

Através da provação
Guia sempre, sempre com amor;
Guarda-nos o coração,
Revestindo-o sempre de fervor.

Habilita-nos, Senhor,
Outorgando sempre mais poder;
Ao teu povo, bom Pastor,
Imploramos bênçãos conceder."
226;CONSAGRAR TUDO;;"Teu divinal amor veio me buscar;
Tudo com gratidão quero consagrar.
Aceita, meu Senhor, de um grato pecador
Tributo de louvor, dado com fervor.

Atende, meu Jesus, essa petição;
Tão débil sou, e mau é meu coração.
Teu nome a exaltar, a nova a publicar,
Teu reino a dilatar, vem-me habilitar.

Oh, dá-me mais paixão de um amor real,
Pra te servir e ser muito mais leal!
As almas a ganhar, sempre na luz a andar,
E os filhos teus a amar, vem-me habilitar.

Tudo o que sou, Senhor, eu te votarei;
Do mundo vil e mau nunca mais serei;
Teu rosto quando vir, amor no céu luzir,
A glória do porvir vou enfim fruir."
227;CONSAGRAÇÃO;;"A ti seja consagrada
Minha vida, ó meu Senhor;
Meus momentos e meus dias
Sejam só em teu louvor.

Sempre minhas mãos se movam
Com presteza e com amor,
E meus pés velozes corram
Ao serviço do Senhor.

Minha voz pra sempre toma,
Para o teu louvor cantar;
Toma os lábios meus, fazendo-os
A mensagem proclamar.

Minha prata e ouro toma;
Nada quero te esconder;
Minha inteligência guia
Só e só por teu saber.

A vontade minha toma,
Sujeitando-a a ti, Senhor,
Do meu coração fazendo
O teu trono, ó Salvador.

Meu amor e meu desejo
Sejam só teu nome honrar;
Faze que meu corpo inteiro
Eu te possa consagrar."
228;CONSAGRAÇÃO DE TEMPLO;;"Entoemos hinos de louvor a Deus
Pelas bênçãos que ele deu aos filhos seus,
Pois podemos consagrar ao Salvador
Este templo em sua honra e em seu louvor.

Louvai, cantai hinos de alegria!
Louvai, cantai sempre em harmonia!
Sim, louvemos com fervor
A Jesus, o Salvador,
Pelas bênçãos que ele deu a todos nós!

Qual farol em densas trevas a raiar,
Mostra ao viajor o rumo em alto mar;
Desta casa a luz celeste há de luzir,
Para à salvação errantes conduzir.

Nesta casa os crentes vêm, com devoção,
Tributar ao Deus supremo adoração;
Novas forças para a luta vêm buscar,
E em conjunto todos vêm a Deus louvar."
229;CONTA AS BÊNÇÃOS;;"Se da vida as vagas procelosas são,
Se com desalento julgas tudo vão
Conta as muitas bênçãos, dize-as duma vez,
Hás de ver surpreso quanto Deus já fez.

[coro]
Conta as bênçãos, conta quantas são.
Recebidas da divina mão.
Uma a uma, dize-as de uma vez,
Hás de ver surpreso quanto Deus já fez.
Tens acaso mágoas, triste é teu lidar?
É a cruz pesada que tens de levar ?
Conta as muitas bênçãos, não duvidarás,
E em canção alegre os dias passarás.

Quando vires outros com seu ouro e bens,
Lembra que tesouros prometidos tens
Nunca os bens da terra poderão comprar,
A mansão celeste em que tu vais morar.

Seja teu conflito fraco ou forte cá,
Não te desanimes, Deus por cima está
Seu divino auxílio, minorando o mal,
Te dará consolo e paz celestial."
230;CONTA AS MUITAS BÊNÇÃOS;;"1. Se da vida as vagas procelosas são;
Se com desalento julgas tudo em vão;
Conta as muitas bênçãos, dize-as de uma vez,
Verás com surpresa quanto Deus já fez.

[coro]
Conta as bênçãos, conta quantas são;
Recebidas da divina mão,
Vem dize-las, todas de uma vez,
E verás surpreso quanto Deus já fez.

2. Tens acaso mágoas, triste é teu lidar?
É a cruz pesada que tens de levar?
Conta as muitas bênçãos não duvidarás,
E em canto alegre os dias passarás.

3. Quando vires outros com seu ouro e bens;
Lembra que tesouros prometidos tens.
Nunca os bens da terra poderão comprar,
A mansão celeste em que vais habitar."
231;CONTA-ME;;"Cristo sofreu no deserto,
Dias amargos passou
Pelo maligno tentado,
Mas em poder triunfou.
Conta dos seus sofrimentos
Que ele por nós padeceu
Quando, em terrível angústia,
Lá no calvário morreu! (bis)

Conta do cálix amargo;
Ele sofreu maldição!
Conta do triste sepulcro,
Conta da ressurreição.
Oh! grande amor indivizível!
Graça e favor divinal!
Santos louvores cantemos (bis)
Ao Salvador eternal!"
232;CONTAR A JESUS;;"A Jesus Cristo contarei tudo
Que haja em meu peito a me perturbar;
Os meus cuidados, meus sofrimentos,
Só Ele os pode suavizar.

A Jesus Cristo, meu Bem-Amado,
Narrarei sempre minha aflição;
Aos meus cuidados, aos meus tormentos,
Só Ele pode dar solução.

A Jesus Cristo contarei tudo;
Ele é Amigo firme e leal.
Basta pedir-lhe, que, sem demora,
Aos meus pesares dá fim cabal.

Sempre tentado, sei que preciso
De um protetor que possa valer;
Só meu Amado, que é invencível,
Pode, portanto, me proteger.

Deste caminho os maus me desejam,
Pois, desviar e me demover;
Mas Jesus Cristo, forte e zeloso,
Sempre me ajuda a permanecer."
233;CONTEMPLAÇÃO;;"Olhando o lenho crucial,
em que morreu da glória o Rei,
às honras, vida mundanal
desprezo eterno votarei.

E não permitas, meu Senhor,
que me glorie eu, senão
na morte do meu Redentor,
que me salvou da perdição.

Olhai! da ensanguentada cruz,
torrentes de tristeza e amor!
Que dor, que amor do meu Jesus!
Por mim, seu vil perseguidor.

Se o mundo inteiro fosse meu,
seria oferta sem valor;
tudo o que sou, Senhor, é teu,
minha alma e todo o meu amor."
234;CONTENTAMENTO;;"Eu já contente estou; tenho Jesus!
Com alegria vou; tenho Jesus!
Gozo que o mundo traz
Bem cedo se desfaz;
Tenho perfeita paz, paz em Jesus.

Eu posso envelhecer, nunca Jesus!
Eu posso empobrecer, nunca Jesus!
Tudo me suprirá,
Sempre me valerá,
Nada me faltará, tenho Jesus.

Vai tudo aqui findar, menos Jesus!
Quando o Juiz chegar, é meu Jesus!
Bem grato me há de ser
Quando meu Rei descer;
Certo, ele irá dizer: ‘Sou teu Jesus.’"
235;CONTRIÇÃO;;"A teus pés prostrados
Eis-nos, Salvador!
Vem agora mesmo encher-nos
Do teu grande amor!"
236;CONVENCIDO;;"Já convencido, eis-me, Senhor,
Que fui remido por teu amor;
Eu quero obedecer e graças tributar
A quem na cruz sofreu pra me salvar.

Já convencido do meu perdão,
Que fui remido da escravidão,
Corro, Senhor, a ti, cheio de ardente amor,
Vem habitar em mim, meu Salvador.

Já convencido que livre estou,
Já persuadido que ao céu eu vou,
Guiado por Jesus, com ele habitarei,
Repouso lá no céu encontrarei.

Já convencido que Cristo é meu,
Já persuadido de que sou seu,
Amar eu quero, sim, o grande Salvador,
Porque primeiro amou o pecador."
237;CONVERSAÇÃO CRISTÃ;;"Sabeis falar de tudo
Que neste mundo há,
Mas nem sequer palavra
De Deus, que tudo dá?!

Irmãos! Irmãos! Falemos
De nosso Salvador;
Oremos ou cantemos
E demos-lhe louvor!

Falamos do mau tempo,
Do frio e do calor;
Oh, bem melhor seria
Falar do Salvador!

Falemos da bondade
Do grande Salvador,
De sua excelsa graça,
De seu imenso amor!

Da cruz também falemos,
Onde ele nos quis dar
Seu sangue tão precioso,
E assim nos resgatar.

Trad.: Henry Maxwell Wright (1849-1931)"
238;CONVERSÃO;;"1. Oh! Quão, cego andei, e perdido vaguei,
Longe, longe do meu Salvador!
Mas do céu Ele desceu, e Seu sangue verteu
Pra salvar a um tão pobre pecador,

[coro]
Foi na cruz, foi na cruz, onde um dia eu vi
Meu pecado castigado em Jesus;
Foi ali pela fé, que os olhos abri,
E agora me alegro em sua luz.

2. Eu ouvia falar dessa graça sem par,
Que do céu trouxe nosso Jesus;
Mas eu surdo me fiz, converter-me não quis,
Ao Senhor que por mim morreu na cruz.

3. Mas um dia senti meu pecado, e vi,
Sobre mim a espada da lei;
Apressado fugi, em Jesus me escondi,
E abrigo seguro Nele achei.

4. Quão ditoso, então este meu coração
Conhecendo o excelso amor,
Que levou meu Jesus a sofrer lá na cruz,
Pra salvar a um tão pobre pecador!"
239;CONVITE;;"Seu convite é admirável,
Vinde a Cristo, o bom Senhor!
Seu convite é aceitável,
Vinde ao vosso Salvador!

Ele está vos convidando
Para o divinal festim;
Voz eterna vos chamando:
“Pecadores, vinde a mim!”

Aos contritos pecadores
Vestes brancas ele dá;
Aflições, tristezas, dores,
Lá no céu não haverá."
240;CORAGEM IRMÃO, CORAGEM;;"Se as lutas desta vida te faz chorar,
Coragem, meu irmão coragem!
Se os espinhos te ferem ao caminhar,
Coragem, irmão coragem.

Não te esqueças que Jesus também chorou
Teve coragem e foi vencedor.
Nos dando exemplo de ser lutador
Tenhas coragem pois logo, logo há de passar,
Esta tristeza que te faz chorar
Tenhas coragem você vencerá.
Tenhas coragem pois logo, logo há de passar,
Esta tristeza que te faz chorar
Tenhas coragem você vencerá.

Não te importa se é grande a tua dor
Coragem, meu irmão coragem.
O que importa é que Cristo é vencedor
Coragem, irmão, coragem."
241;CORAJOSOS;;"Um pendão real vos entregou o Rei,
A vós, soldados seus;
Corajosos, pois, de tudo o defendei,
Marchando para os céus.

Com valor, sem temor,
Por Cristo prontos a sofrer,
Bem alto erguei o seu pendão,
Firmes sempre até morrer!

Eis formados já malignos batalhões,
Do grande usurpador!
Revelai-vos hoje bravos campeões;
Avante sem temor!

Oh, sejamos todos a Jesus leais,
E a seu real pendão!
Os que na batalha sempre são fiéis
Com Ele reinarão.

Trad.: Henry Maxwell Wright (1849-1931)"
242;CORAÇÃO EM PAZ;;"1. Vindo sombras escuras nos caminhos teus,
Ó não te desanimes! Canta um hino a Deus.
Cada nuvem escura um arco íris traz,
Quando em seu coração reinar perfeita paz.

[coro]
Se teu coração estiver em paz,
Bem contente e alegre sempre acharás
Se teu coração estiver em paz,
Verás que um arco íris, cada nuvem traz.

2. Se o viver é de lutas cheio de amargor,
Mostra afeto aos aflitos age em seu favor,
E de tudo o que sofres tu te esquecerás,
Fluirás gozo e calma se tiveres paz.

3. Vem após longa noite aurora matinal;
Fica o céu mais bonito após o temporal!
A esperança não percas tudo vencerás!
Fugirão as tristezas se tiveres paz."
243;CORAÇÃO PURIFICADO;;"A Jesus com fé chegando,
acho plena salvação,
e seu sangue me lavando,
torna puro o coração."
244;CORDEIRINHOS;;"Amigo dos meninos,
Benigno Salvador,
Conosco sê presente,
Ó meigo e bom Pastor!
Conduz os cordeirinhos
Com grande compaixão;
A graça excelsa dá-nos
De um reto coração.

Teus santos mandamentos
Ensina-nos a amar,
E tudo que te ofenda,
De pronto a desprezar;
Em todos os estudos,
Que temos hoje aqui,
Sejamos instruídos,
Ó grande Deus, por ti!"
245;CORDEIRO DIVINO;;"Temos sangue mui precioso
De um divino Remidor;
Eficaz e tão glorioso
É o grande Expiador;
Purifica, purifica
O mais ímpio pecador.

Triste, choro o meu pecado;
De Jesus me vem perdão;
No Cordeiro confiado,
Não há mais condenação!
O Cordeiro, o Cordeiro
Dá completa remissão.

Todo o peso do castigo,
Punição que mereci,
Lá na cruz, supremo Amigo,
Foi lançada sobre ti!
Vou cantando, vou cantando:
Minha culpa estava ali."
246;CORO CELESTE;;"Celeste, estranho coro, jamais ouvido aqui,
Com seu poder excelso, agora, alegre, ouvi:
É o canto dos arcanjos, louvando o Salvador,
Dizendo que na terra foi salvo um pecador.

[coro]
Sublime e doce canto
Da nossa pátria além
Só ouve o que, contrito,
A Deus por Cristo vem.

Tão lenta e branda soa, ao peito dando paz,
A voz de Deus, aquela que as ânsias vãs desfaz!
Escuta, irmão escuta, o doce canto seu,
Que vibra pelo espaço, e ecoa lá no céu.

Dá vaga o som bravio, da brisa o ciciar,
Na mata o passaredo, cantando ao despertar,
A mãe em doce canto, ao pé do filho seu,
Não tem aquele encanto da linda voz do céu.

Ao meu ouvido chega o canto sem igual;
Tão belo em sonho ouvira jamais qualquer mortal
Meu canto extasiado, espera, sem cessar,
Unir-se à voz dos anjos ali no eterno lar."
247;CORO SANTO;;"1. Oh que belos hinos cantam Lá nos céus,
Pois do mundo O filho mal Voltou!
Vede no caminho O bom Pai Abraçar,
Esse filho que Ele tanto amou.

[coro]
Glória, glória Os anjos Cantam lá!
Glória, glória As harpas Tocam já!
É o santo coro Dando glória A Deus
Por mais um Remido entrar Nos céus

2. Oh! Que belos hinos cantam Lá nos céus!
É que já se reconciliou
A alma revoltosa, Que submissa A Deus,
Convertida o Mundo Abandonou!

3. Ó arrependidos, Hoje festejai,
Como os anjos Fazem com fervor
Ide, pressurosos, Vós, e anunciais
Que se resgatou Um pecador!"
248;COROAI;;"Saudai o nome de Jesus! arcanjos vos Prostrai!
Arcanjos vos Prostrai; o Filho do glorioso Deus

[coro]
Com glória, glória, glória, glória!
Com glória coroai

Ó escolhida geração, do bom eterno Pai
Do bom eterno Pai, o grande autor da Salvação

Ó perdoados por Jesus; alegres adorai!
Alegres adorai O Deus de paz o Deus de luz

Ó raças, tribos e nações; ao Rei divino honrai
Ao Rei divino honrai a quem quebrou os vis grilhões"
249;COROAI-O Ó REMIDOS;;"Eis que chefe tão glorioso, é Jesus o bom Senhor
Que lutou mui vitorioso para ser o Salvador

[coro]
Coroai-O ó remidos, coroai o Rei dos reis.
Coroai-O ó remidos, coroai o Rei dos reis.

Vinde todos coroá-lo, Que troféus bons Ele traz!
No poder entronizá-LO, príncipe da nossa paz.

Os Judeus O rejeitaram, escolhendo um outro rei.
Anjos santos, potestades, obedecem Sua lei.

Escutai o grande aplauso, triunfou o bom Jesus!
Ele toma pois Seu reino coroado Rei dos reis."
250;COROAIS;;"1. Saudai o nome de Jesus!
Arcanjos vos prostrai
Arcanjos vos prostrai!
O filho do glorioso Deus,

[coro]
Com glória
Glória, glória, glória
Com glória coroai

2. Ó escolhida geração
Do bom eterno Pai
Do bom eterno Pai,
O grande autor da Salvação

3. Ó perdoados, cujo amor
Bem triunfantes vai;
Bem triunfantes vai;
O Deus varão conquistador

4. Ó raças tribos e nações,
Ao Rei Divino honrai;
Ao Rei Divino honrai;
A quem quebrou os vis grilhões"
251;CREIO EU NA BÍBLIA;;"1. Creio eu na Bíblia, o livro de meu Deus
Pois de Jesus Cristo mostra o doce amor;
Todos meus pecados apagados estão,
Paz e gozo tenho em meu coração

[coro]
Creio eu na Bíblia
Livro de meu Deus
Para mim a Bíblia é o maná dos céus!
Mostra-me o caminho para o lar celestial;
Acho eu na Bíblia, graça divinal!

2. Creio eu na Bíblia ensina-me a cantar
Cantos de vitória, e de amor sem par,
Lindas melodias, eu cantando vou
Porque redimido Pelo sangue estou!

3. Só a santa Bíblia a santidade dá
Este dom de Cristo, prometido já!
Todos os que buscam plena salvação,
Esta benção só em Cristo acharão!

4. Hoje a Bíblia lemos para o pecador,
Para que encontre Cristo o Salvador,
Sendo sua vida, livre de pecar,
O divino livro, Ele vai honrar."
252;CRENDO EM CRISTO;;"Mestre divino, ó Jesus, meu Senhor,
Eu creio em ti, sim, creio em ti;
Força recebo, sustento e vigor,
Quando, Senhor, creio em ti!

Quando me cercam as ondas do mar,
Eu creio em ti, sim, creio em ti;
Gozo e prazer tenho e graça sem-par,
Quando, Senhor, creio em ti!

Inda que as trevas encubram o céu,
Eu creio em ti, sim, creio em ti;
Paz, gozo eu tenho através desse véu,
Quando, Senhor, creio em ti!

Cristo Jesus, meu Amigo leal,
Eu creio em ti, sim, creio em ti;
Sempre refúgio, defesa real,
Cristo Jesus, creio em ti!

Creio, creio,
Cristo Jesus, creio em ti!
Gozo concedes-me, força, vigor,
Quando, Senhor, creio em ti."
253;CRENTE HUMILDE;;"1. Quero entrar no Céu pela porta,
Cantando em Seu louvor,
Faz-me um vaso Humilde agora,
Mas transbordando De amor.

[coro]
Tira Jesus o Orgulho do Meu coração,
Quero sentir, Seu calor, Seu amor,
Seu perdão.

2. Humildemente a A ti eu entrego,
Meu coração Hoje a ti,
Oh! Não me Lance da sua Presença,
Quero ver-te no Doce porvir."
254;CRER E OBSERVAR;;"1. Em Jesus confiar; Sua lei observar.
Oh que gozo, que benção, que paz!
Satisfeito guardar, tudo quanto ordenar,
Alegria perene nos traz.

[coro]
Crer e observar tudo quanto ordenar;
O fiel obedece ao que Cristo mandar!

2. O inimigo falaz e a calúnia mordaz
Cristo pode desprestigiar;
Nem tristeza, nem dor, nem a intriga maior
Poderão ao fiel abalar.

3. Que delícia de amor, comunhão com o Senhor
Tem o crente zeloso e leal;
O Seu rosto mirar, seus segredos privar,
Seu consolo constante e real."
255;CRISTO AMOU A MIM E A TI;;"1. Quão bom é a Cristo ter!
Oh que paz no meu ser!
Seu amor pode me transformar,
Sim Cristo amou a mim!
Na cruz provou amor,
Sofrendo grande dor,
Para minh’alma salvar,
Sim, Cristo amou a mim!

2. Tu também podes ter,
A paz em todo o ser.
Só Cristo pode, sim te salvar
Sim Cristo amou a ti.
Dá-lhe o teu coração,
Ele o aceitará.
Então terás o perdão,
Sim Cristo amou a ti!"
256;CRISTO CHAMA POR TI;;"Cristo com amor divinal, chama por ti que amor sem igual;
Ele te dá salvação eternal; vem pecador, agora!

[coro]
Vem a Jesus o bom Salvador,
Ele por ti já sofreu grande dor;
Sangue verteu no Calvário, dá-te perdão plenário!

Oh não desprezes tal prova de amor, vem ó vem já a Cristo o Senhor;
Ele te chama vem já pecador, como é propícia a hora!

Vem meu amigo que a morte a ninguém mostra-se compassiva e convem;
Que te despertes que o mal aí vem, vem ó vem sem demora!

Hoje tu tens a melhor ocasião de te entregares de coração;
Vem a Jesus que te dá Salvação, vai-se o bom tempo embora!

Bentley DEForrest Ackley (1872-1958)
M.Avelino de Souza (1886-1962)"
257;Cristo Comandante;A;"Cristo comandante sempre nos será
Na peleja santa à frente marchará
Nunca as suas hostes abandonará
Seguiremos até o fim.

Sempre avante! Manda o General
Sempre avante! Guerra contra o mal!
Firmes! Fortes! Nunca vacilar!
Com Jesus havemos de ganhar.

O pendão glorioso vamos defender
Hostes inimigas sempre combater
Nosso General o mundo há de vencer
Seguiremos a Jesus.

Na feroz batalha temos proteção
E afinal em coro junto à multidão
Entoaremos todos a real canção
Quando nós chegarmos lá."
258;CRISTO CURA SIM!;;"Contra os males deste mundo,
Deus nos vale só;
Não há mal que Deus não cure,
Pois de nós tem dó.

Cristo cura, sim,
Cristo cura, sim.
Seu amor por nós é Imenso;
Ele cura, sim!

Derramou Seu sangue puro
P’ra remir a mim;
Quando ungido sou de azeite,
Sou curado, enfim!

Só noss’alma é bem segura,
Oculta em Jesus;
Ele o bálsamo da vida,
Derramou na cruz.

Glória a Deus! Eterna glória,
Demos-Lhe louvor;
Glória, cânticos e hosanas
Dai ao Redentor!"
259;CRISTO EXALTADO;;"1. Eis entronizado à destra do bom Deus
Como Rei eterno, Cristo, lá nos céus
Ele, o Rei da glória, que a satã venceu;
Feita tal vitória, Deus o recebeu.

[coro]
Pela sua graça, pelo seu amor
Seja dado a Cristo, cordial louvor

2. Veio resgatar-nos pela sua cruz
Quis apresentar-nos em celeste luz
Pela sua morte, pelo seu sofrer,
O inimigo nunca poderá vencer

3. Mas o seu serviço continua ali,
Poderá valer-nos, entretanto aqui;
Por nós advogando com o Pai está,
Ele nos ajuda e sempre ajudará."
260;CRISTO MEU SALVADOR;;"Cristo, meu Salvador, morto na cruz,
Deu-me a alegria do reino de luz,
E no caminho do céu me conduz;
Tudo ele faz por mim!
Tudo ele faz por mim!
Tudo ele faz por mim!
E no caminho do céu me conduz;
Tudo ele faz por mim!

Cristo, meu Salvador, chama por ti,
Ele te diz: ‘Com amor te remi.’
Vem, pois Jesus já fez tanto por ti.
Não te demores mais!
Não te demores mais!
Não te demores mais!
Vem, pois Jesus já fez tanto por ti.
Não te demores mais!

Cristo, meu Salvador, inda virá
Com os remidos; que glória será!
Eu face a face verei a Jeová,
Quando me vier buscar!
Quando me vier buscar!
Quando me vier buscar!
Eu face a face verei a Jeová,
Quando me vier buscar!

E.E.Hasty"
261;CRISTO PARA MIM;;"Oh! que descanso em Jesus encontrei:
Cristo pra mim! Cristo pra mim!
Oh! que tesouros infindos achei:
Cristo pra mim! Cristo pra mim!
Que outros escolham o mundo pra si;
queiram riquezas, delícias, aqui;
eu buscarei, ó Jesus, sempre a ti:
Cristo pra mim! Cristo pra mim!

Quer na aflição, na doença ou na dor:
Cristo pra mim! Cristo pra mim!
Quer na saúde, na força ou vigor:
Cristo pra mim! Cristo pra mim!
Sempre ao meu lado, pra me socorrer
com seu amor, sim, e com seu poder;
em cada transe pronto a me valer:
Cristo pra mim! Cristo pra mim!

No dia amargo da perseguição
Cristo pra mim! Cristo pra mim!
Nas duras provas e na tentação:
Cristo pra mim! Cristo pra mim!
Ele na cruz o pecado venceu,
quando por mim no Calvário morreu
e da vitória a certeza me deu:
Cristo pra mim! Cristo pra mim!

Quando no vale da morte eu entrar:
Cristo pra mim! Cristo pra mim!
Quando perante meu Deus me encontrar:
Cristo pra mim! Cristo pra mim!
Só no teu sangue confio, Senhor!
Só no teu sempre imutável amor!
Inda outra vez cantarei, Salvador:
Cristo pra mim! Cristo pra mim!"
262;CRISTO PRA MIM;;"1. Oh! Que descanso em Jesus encontrei
Cristo pra mim! Cristo pra mim!
Oh! Que tesouros infindos achei.
Cristo pra mim! Cristo pra mim!
Escolham os outros o mundo pra si;
Busquem riquezas, delícias aqui;
Eu escolherei, ó Jesus, sempre a Ti,
Cristo pra mim! Cristo pra mim!

2. Quer na aflição, na doença ou na dor;
Cristo pra mim! Cristo pra mim!
Quer na saúde na força ou vigor:
Cristo pra mim! Cristo pra mim!
Sempre ao meu lado pra me socorrer
Com Seu amor, sim, e com seu poder,
Em cada transe pronto a me valer;
Cristo pra mim! Cristo pra mim!

3. No dia amargo da perseguição
Cristo pra mim! Cristo pra mim!
Nas duras provas, e na tentação:
Cristo pra mim! Cristo pra mim!
Ele o pecado e o mundo venceu,
Quando por mim no calvário morreu,
E da vitória a certeza me deu;
Cristo pra mim! Cristo pra mim!

4. Quando no vale da morte eu entrar
Cristo pra mim! Cristo pra mim!
Quando perante meu Deus me encontrar
Cristo pra mim! Cristo pra mim!
Só no Teu sangue confio, Senhor;
Só no Teu sempre imutável amor,
Inda outra vez cantarei, Salvador:
Cristo pra mim! Cristo pra mim!"
263;CRISTO SALVA;;"1. Cristo salva O pecador,
Lava o negro Coração;
Ao contrito, Com amor,
Oferece salvação.

[coro]
Confiai em seu Poder;
Confiai em seu Amor;
Crede, pois, que Cristo quer
Libertar o Pecador.

2. Cristo salva o pecador
E concede-lhe Perdão.
Aceitai o bom Senhor;
Aceitai de coração.

3. Vinde todos, E achareis
Paz e luz no Redentor;
Vinde e então Recebereis.
Vida eterna do Senhor"
264;CRISTO SATISFAZ;;"Riquezas não preciso ter, mas sim celeste bem;
Nem falsa paz ou vão prazer, porquanto o crente tem.
Eterno gozo no Senhor, por desfrutar o Seu amor;

Com Cristo estou contente, Ele me satisfaz!
Com esse amor do Salvador, agora estou contente,
Agora estou contente!

Do mundo as honras para mim, perderam seu valor.
Já tenho a paz divina enfim, servindo ao meu Senhor.
Terei meu gozo principal, ao vElo em glória triunfal;

Com Cristo estou contente, Ele me satisfaz!
Com esse amor do Salvador, agora estou contente,
Agora estou contente!

Até que esteja lá no céu, aonde Cristo entrou;
E veja a face já sem véu, de quem me resgatou.
Desejo só aqui viver, de um modo que Lhe de prazer;

Com Cristo estou contente, Ele me satisfaz!
Com esse amor do Salvador, agora estou contente,
Agora estou contente!

William Augustus Ogden (1847-1897)
J.J.Maxfield"
265;CRISTO TE CHAMA;;"Cristo te chama com mui terno amor, ó pecador vem atender!
DEle não fujas com fútil temor, vem a Jesus te render.

Ó pecador, eis O Senhor,
Vem, atende com fé a chamada de amor

Cristo te chama prá vir descansar, ó pecador vem atender!
Teu grande peso te quer minorar, vem a Jesus te render.

Ó pecador, eis O Senhor,
Vem, atende com fé a chamada de amor

Cristo deseja pois te perdoar, ó pecador vem atender!
Tudo Ele fez para te resgatar, vem a Jesus te render.

Ó pecador, eis O Senhor,
Vem, atende com fé a chamada de amor

Cristo de novo se põe a chamar, ó pecador vem atender!
Corre depressa sim vem te entregar, nada te deve deter.

Ó pecador, eis O Senhor,
Vem, atende com fé a chamada de amor

George Coles Stebbins (1846-1945)
Fanny Jane Crosby (1820-1915)"
266;Cristo tem poder;E;"Na Bíblia, está escrito, no Novo Testamento
Em Caná da Galiléia, Jesus foi a um casamento
Transformando água em vinho, dando ao povo pra
beber
Mostrando Sua glória, Sua graça e Seu poder

Cristo tem poder, Cristo tem poder!
Na Bíblia está escrito que é somente crer
Ele é maravilhoso e tem todo poder
Jesus Cristo é poderoso, Jesus Cristo tem poder

Jesus curou um cego entrando em Jericó
Salvou samaritana lá poço de Jacó
No monte das Oliveiras, multidões aconselhou
Com cinco pães e dois peixinhos, vinte mil alimentou

Na cidade de Naim, estava uma mulher chorando
Seu filho ia pro túmulo, e o povo carregando
Jesus parou o enterro, e o povo reprovou
Jesus chamou o morto, e o morto levantou

Jesus fez maravilhas no deserto da Judéia
Curou em Samaria e também na Galiléia
E em Cafarnaum, milagres também fez
Curou lá no caminho, dez leprosos de uma vez

Jesus fez maravilhas, está fazendo e vai fazer
Só não faz em sua vida é porque você não crê
Ele cura enfermidade dá alegria, gozo e paz
Salva os pecadores e expulsa Satanás"
267;Cristo tem tomado minha vida;E;"Cristo tem tomado minha vida,
Tem tomado minha vida e nunca mais deixara
Cristo tem tomado minha vida,
Tem tomado minha vida e nunca mais deixara
Perdido estava eu, mas Cristo me encontrou
Porque Cristo tem tomado minha e nunca mais deixara."
268;CRISTO VAI PASSAR;;"Há hoje alguém esperando, para Jesus encontrar?
Venha sem mais demorar-se, Cristo vai hoje passar!
Ei-lo de mãos estendidas, cheio de graça sem par.
Oh! Que ventura inaudita. Cristo vai hoje passar!

Cristo vai hoje passar, passar, passar!
Passa de amor transbordando,
Todos a si convidando.
O mestre vai hoje passar, sim,
Hoje Ele vai passar.

Há ainda alguém duvidando, do seu poder de salvar?
Pois venha experimentá-lo, Cristo vai hoje passar!
O seu poder é Divino, e o seu amor é sem par.
Ó coração quebrantados! Cristo vai hoje passar!

Há inda alguém demorando, para Jesus aceitar?
Eis que o Senhor está perto, Ele vai hoje passar!
Ó pecador desditoso, não cesses, pois de clamar!
Vem tuas culpas chorando, Cristo vai hoje passar!"
269;CRISTO VAI VOLTAR;;"Nós Aleluia daremos a Cristo,
Quando O virmos nas nuvens voltar,
De esplendor e de glória vestido,
Seus escolhidos vai arrebatar.

Cristo Jesus logo vai voltar,
Vai voltar, vai voltar,
Seu povo vem, sim, arrebatar;
Jesus breve regressará!

Eis que estou no Senhor confiando,
Todo o meu ser a Jesus entreguei.
Todos prazeres eu tenho deixado,
Em Jesus Cristo meu gozo achei.

Como há de ser para ti Sua vinda?
Ela trará gozo ao teu coração?
Ou te fará padecer mais ainda?
Temes que só te trará maldição?

Cristo a mim a promessa tem dado
Que junto dEle, também reinarei;
Breve será meu Jesus proclamado
Sobre a terra, por todos: “O Rei”."
270;CRISTO VALERÁ;;"Oscilando minha fé Cristo valerá.
Perseguido sem mercê, Ele valerá

Ele valerá, Ele valerá
Seu amor por mim não muda, Sim me valerá!

Crente inútil eu serei se não me valer.
Nem serviço prestarei, sem o Seu poder.

Ele valerá, Ele valerá
Seu amor por mim não muda, Sim me valerá!

Com Seu sangue me comprou, não me deixará.
Vida Eterna me outorgou, sim me valerá.

Ele valerá, Ele valerá
Seu amor por mim não muda, Sim me valerá!

Robert Harkness (1877- ?)
Ada ruth Havershon (1867-1927)"
271;CRISTO VIRÁ;;"Talvez Cristo venha ao romper da aurora,
Com santos arcanjos, e com voz sonora;
Os mortos porá dos sepulcros p’ra fora;
Jesus, breve, vem nos buscar.

Cristo, que há de vir, virá!
Ele não tardara, sim, Jesus vem;
Aleluia! Aleluia! Amém! Aleluia! Amém!

Talvez voltará quando o dia feneça,
Ou em uma noite a luz resplandeça;
Irmãos, esperai que Jesus apareça!
Jesus, breve, vem nos buscar.

O Seu esplendor e a glória veremos,
Do mundo, então, nós por fim, sairemos,
Assim, grande gozo no céu fruiremos;
Jesus, breve, vem nos buscar."
272;CRISTO VIVE HOJE;;"Cristo vive hoje!
Cristo vive hoje!
Se o pecado e a morte vencidos estão,
É porque Cristo vive hoje.

Como Jesus Cristo orava e chorava
Assim quero eu orar e chorar!
Como Jesus Cristo orava e chorava
Assim quero eu orar e chorar!"
273;CRISTO VOLTA;;"Cristo volta! Cristo volta! Para o povo seu buscar;
Cristo volta triunfante, para com poder reinar.
Cristo volta! Cristo volta! Nosso amado Salvador.
Oh! que regozijo ao vê-lo sobre todos ser Senhor!

Cristo volta! Nem mais penas,
nem mais pranto, nem mais dor,
nem mais sombra de pecado, nem mais falta de vigor.
Ele volta para, à glória, sua igreja conduzir,
para tê-la então consigo no celestial porvir.

Cristo volta! Não sabemos em que dia tem de ser,
mas estamos confiados, que seu rosto iremos ver.
A palavra santa o afirma, e não poderá falhar,
e por isso esperaremos ver Jesus aqui voltar."
274;CRISTO VOLTARÁ;;"1. Um dia Cristo voltará,
Ao ascender o prometeu;
Do modo que subiu virá,
Há de ver o rei Jesus, o povo Seu.

[coro]
Mui breve sim, Jesus virá,
Alegre o verá Seu povo.
Velando todos devem sempre estar,
Afim de vê-Lo voltar.

2. Os mensageiros do Senhor,
Afirmam que Jesus virá;
E o poder consolador,
Aos fiéis promessas nos revelará.

3. Oh, gozo sem comparação,
No dia do meu Salvador,
Com a mui grande multidão,
Subiremos ao encontro do Senhor.

4. Bem-vindo sejas meu Senhor
Em Tua gloriosa luz;
E nossa fé terá valor,
Nós diremos: Ora, vem, Senhor Jesus!"
275;CRISTO VOS CONDUZ;;"Eia, ó soldados, crentes em Jesus!
Ide, avante! À guerra Cristo vos conduz.
Eis que à vossa frente vai o General!
Ide, pois, avante, contra todo o mal.
Prontos, ó soldados, crentes em Jesus!
Eis que à vossa frente Cristo vos conduz.

Tendo os pés calçados de divina paz,
Ponde a veste santa, única e eficaz,
E cingi os lombos de verdade e luz,
Protegendo o peito pela fé na cruz.
Prontos, ó soldados, crentes em Jesus!
Contra as potestades Cristo vos conduz.

Contra vós pelejam hostes infernais,
Mas, em vendo a Cristo, não resistem mais
De Jesus ao nome, que lhes dá pavor.
Ide avante, ó crentes, não tenhais temor.
Juntos, ó soldados, crentes em Jesus!
Sede sempre unidos! Cristo voz conduz.

Deste mundo os reinos caem como a flor,
Mas de Cristo a Igreja dura em esplendor.
Ondas ímpias nunca prevalecerão
Contra a Rocha viva, base de Sião.
Fortes, pois, soldados, crentes em Jesus!
Para a pátria eterna Cristo vos conduz.

Ide avante, ó crentes! Nesta vocação
Pelejai ousados, sempre em oração.
Declarai ao mundo: ‘Crê e deixa o mal,
Quem deseja a glória, siga o General.’
Sede, pois, soldados, crentes em Jesus!
Quem deseja a glória tome a sua cruz.

Trad.: João Gomes da Rocha (1861-1947)"
276;CRISTO À PORTA;;"Por ti foi grande meu castigo.
Sofri sem nunca murmurar.
Perfeita paz terás comigo –
Posso eu entrar? ( bis )

A minha graça poderosa
O teu pecado vem lavar;
Ó alma impura, pesarosa,
Posso eu entrar? ( bis )

Eu vim pra dar-te vida e gozo,
Que podes hoje desfrutar;
Com isso te farei ditoso –
Posso eu entrar? ( bis )

Á porta por amor levado,
Teu mal procuro debelar
Ó pecador desalentado,
Posso eu entrar? ( bis )"
277;CRISTO É MEU;;"Manso Pastor já no mundo viveu e Ele é meu,
Nos dando a vida, por nós padeceu e Ele é meu;
Graça tão vasta não posso sondar, mas Ele é meu.
Sou perdoado já posso cantar, que Ele é meu.

Cristo é meu! Cristo é meu!
Maravilhoso, mas certo é dizer:
Jesus é meu!

Há um amigo de amor sem igual e Ele é meu;
Sempre o mais forte, o mais firme e leal e Ele é meu.
Sou tão indigno de ser um dos Seus, mas Ele é meu.
Vou Seu amor desfrutar, lá nos céus, pois Ele é meu.

Ele mandou-nos o Consolador, também é meu.
Cheio de graça, de paz e de amor, e tudo é meu.
Nada me nega dos Seus ricos dons, pois tudo é meu.
Grandes tesouros, tão puros e bons, são todos meus."
278;CRISTO, MEU MESTRE;;"Cristo, meu Mestre, meu amigo sem igual,
Tu dás descanso, salvação real.
Quando sou provado, e já vou desfalecer,
Tu, meu Cristo amado, vens me socorrer.

Perto, mui perto, eu chegar-me vou a ti:
Perto, mui perto, vem, Senhor, a mim.

Só tu me amparás: quando perseguido sou,
Em ti, ó Cristo, socorrer-me vou.
Pois em ti eu posso resistir à tentação,
Sim, em ti obtendo força, paz, perdão.

Cristo, meu Mestre, que mais gozo posso ter
Que no teu reino tua glória ver?
Em teu seio quero minha fronte reclinar,
Para ter descanso desse labutar."
279;CRISTO, O FIEL AMIGO;;"Cristo Jesus é fiel amigo,
Ele só, Ele só.
E nas fraquezas está comigo,
Ele só, Ele só.

E nas lutas de cada dia,
Cristo nunca me deixa só;
Pois Ele é meu seguro guia,
Ele só, Ele só.

Não há amigo mais nobre e digno,
Não, não há; não, não há.
Nem mais humilde e mais benigno,
Não, não há; não, não há.

Ao pecador perdoar anela,
Ele só, Ele só;
E pelos Seus santos sempre vela,
Ele só, Ele só.

Deus, em Seu Filho, se há comprazido,
NEle só, nEle só;
Mas Sua glória me há repartido,
DEle só, dEle só.

NEle nós temos um firme guia,
NEle só, nEle só;
A noite enche de alegria,
Ele só, Ele só"
280;CRÊ NA PROMESSA;;"Hoje, Jesus pode te salvar;
Somente crê na promessa;
Dos teus pecados purificar;
Somente crê na promessa.

Crê na promessa de Jesus,
Somente crê na promessa;
Bênção dos céus, vida à flux!
Somente crê na promessa.

Do alto, Jesus dará poder;
Somente crê na promessa;
Na Sua alegria irás vencer;
Somente crê na promessa.

A Sua graça vem receber;
Somente crê na promessa;
Tudo Jesus quer te conceder.
Somente crê na promessa.

Vem recebera paz do Senhor,
Somente crê na promessa;
Cheio serás do Consolador.
Somente crê na promessa."
281;CÂNTICO DA LIBERDADE;;"Mas se eu fosse como os passarinhos
Que somente vivem pra cantar,
Eu cantaria mil louvores a Deus,
Todo dia o dia inteiro sem parar.
Pois grandes coisas fez meu Deus por mim
Morrendo numa cruz pra me salvar
Mas se eu fosse como os passarinhos,
Mil louvores a Jesus ia cantar.

Canta, canta ó passarinho
Exaltando ao seu criador.
Mostrai aos homens quanto vale a liberdade,
Em uma vida sem ter ódio nem rancor,
O seu cantar tem gozo e harmonia,
Tem Alegria e perfeito amor.
Vai cantando ó passarinho,
Exaltando ao seu criador.
Vai cantando ó passarinho,
Exaltando ao seu criador.

Mas se o homem pudesse contar,
As maravilhas do seu criador.
Ele faria como fazem os passarinhos,
Cantava lindas melodias ao Senhor.
Deus fez o homem para lhe adorar.
Mas o pecado tirou-lhe a felicidade
Canta, canta ó passarinho.
Mostrando aos homens o valor da liberdade."
282;CÂNTICO ESCOLAR;;"Alerta, meninos! Tenhamos viveza,
Tenhamos coragem, também decisão!
Pois tudo é custoso para o preguiçoso,
Que a nada se dá com leal coração!

Alerta, meninos! Devemos mostrar
Que a Deus, nosso Pai, procuramos honrar.

Em breve esperamos, aos pais ajudando,
Pagar-lhes um pouco do seu muito amor.
Agora estudamos e assim agradamos
Aos caros parentes e ao bom professor.

No fim dos estudos, dispostos e alegres,
Pra casa voltamos com muito prazer;
Com zelo estudando, com gosto brincando,
Busquemos em tudo por Cristo viver."
283;CÉU PRA MIM;;"1. Não sei quando Cristo Jesus há de vir,
E nem qual o dia em que eu hei de partir;
Mas eu sei, quando a sua presença luzir,
Será grande glória p’ra mim!

[coro]
Será grande glória p’ra mim
Será grande glória p’ra mim
Mas eu sei quando a sua presença luzir,
Será grande glória p’ra mim

2. O canto dos anjos ainda não sei,
Nem que sinfonia eu lá ouvirei;
Mas eu sei que o falar de Jesus o meu Rei.
Será sinfonia p’ra mim.

[coro]
Será sinfonia p’ra mim
Será sinfonia p’ra mim
Mas eu sei que o falar de Jesus o meu Rei.
Será sinfonia p’ra mim

3. Não sei que morada Jesus me há de dar
E nem qual o nome que eu hei de ganhar;
Mas eu sei que o bem-vindo d’Dele hei de escutar!
Só isso será céu pra mim!

[coro]
Só isso será céu pra mim
Só isso será céu pra mim
Mas eu sei que o bem-vindo
Dele hei de escutar
Só isso será céu pra mim"
284;CÔRO SANTO;;"Oh que belos hinos cantam lá nos céus,
Pois do mundo o filho mau voltou.
Vede no caminho o bom Pai a abraçar, Este filho que Ele tanto amou!

[coro]
Glória, glória os anjos cantam lá, Glória, glória as harpas tocam já!
É o santo coro, dando glória a Deus
Por mais um remido entrar nos céus!

Oh que belos hinos cantam lá nos céus, É que já se reconciliou.
A alma revoltosa, que submissa a Deus,
Convertida o mundo abandonou.

Ó arrependidos, hoje festejai, Como os anjos fazem com fervor.
Ide pressurosos, vós e anunciai,
Que se resgatou um pecador!

George Frederick Root (1820-1895)
William Orcutt Cushing (1832-1902)"
285;DAI-NOS LUZ;;"Uma voz ressoa de geral clamor:
Dai-nos luz! Dai-nos luz!
Os milhões em trevas, cheios de pavor,
Pedem luz, pedem luz!

Dai-nos luz, a mui gloriosa luz
De perdão, de paz e amor!
Dai-nos luz, a tão preciosa luz
De Jesus, o Salvador!

Ansiamos vida, paz, consolação;
Dai-nos luz! Dai-nos luz!
Se é por Cristo só que Deus nos dá perdão,
Dai-nos luz! Dai-nos luz!

Sim, por toda parte deve reluzir
Essa luz de Jesus,
Que ilumina a estrada que hemos de seguir.
Dai-nos luz! Dai-nos luz!

Eia, pois, ó crente, todo o mundo enchei
Dessa luz de Jesus!
Aos milhões perdidos sem tardar valei
Com a luz de Jesus!

Trad.: Salomão Luiz Ginsburg (1867-1927)"
286;Daremos a Glória a Cristo (We give glory to Jesus);C;"Daremos a gloria à Cristo
Falamos do Seu amor, Seu poderoso amor
Daremos a gloria à Cristo
Declarando Seu grande Amor"
287;Daremos a Glória a Cristo (We'll Give Glory To Jesus);A;"Capotraste 1 casa Tom : Bb

Daremos a Glória a Cristo
Falamos do Seu amor
Poderoso Amor
Daremos a Glória a Cristo
Declarando Seu grande amor"
288;DAS TREVAS;;"1. Envolvido em Densas trevas
Almejava a luz Do céu,
Bem sentindo Os meus pecados
Minha condição De réu.

[coro]
Ó meu mestre Poderoso,
Forte eterno Salvador,
Rompe os laços Que arruínam
Minha vida, O meu senhor!

2. Meus talentos Tenho gasto,
Tuas leis eu Desprezei;
Mas se tu comigo Fores,
Teu prazer eu Cumprirei.

3. Nos seus braços Bem seguro,
Guarda-me, meu Bom Jesus,
Na vereda justa E santa,
Que me leva ao Céu de luz."
289;DE TODO O MUNDO: ALELUIA!;;"De todo o mundo, eis-nos aqui
Em Ti só confiando,
Permanecendo em Teu amor,
Teu reino só buscando,
As nossas vidas, nosso amor,
A Ti trazemos, Salvador,
Cantando: “Aleluia!”

Viver por Ti, em Ti morrer,
Os nossos pais miravam;
A Tua vontade só fazer,
Eis o que desejavam.
E nós, que somos Teus, também
Dizemos, firmes: Sim, Amém’
E: “Glória! Aleluia!”

Ao Evangelho salvador,
Tão puro e glorioso,
As leis santíssimas que Tu
Nos dás, Senhor bondoso,
“Amém! Dizemos com fervor,
E, pelo Teu imenso amor,
Clamamos: “Aleluia!”

Sim, constrangidos pelo amor,
Perdidos procuramos
Salvar, – ganhar p’ra Ti, Senhor:
Eis o que ambicionamos,
Seguindo sempre a Tua lei,
A Ti, leais, bendito Rei,
Cantamos: “Aleluia!”

Nem o labor será em vão,
Pois eis, que glorioso,
O dia vem, em que Jesus
Virá vitorioso;
E todo mundo cantará,
E jubiloso O exaltará,
Com: “Amém”, “Aleluia!”"
290;DE VALOR EM VALOR;;"1. Pela fé que uma vez me foi dada,
Pra seguir o cordeiro de Deus,
Pela graça de Deus enviada,
Andarei com valor, para os céus.

[coro]
Quero andar de valor em valor
E seguir a Jesus, meu Senhor;
Até que um dia receba no céu
A coroa que me dará Deus.

2. De Deus, quero vestir a armadura,
Pra lutar com coragem e valor.
Pois aqui a peleja é dura,
Contra as hostes do vil tentador.

3. Em Jesus eu farei mil proezas
No combate da fé e do amor;
Nele tenho vigor e destreza
Pra lutar e pra ser vencedor.

4. Eu direi ao findar esta lida;
Combati o combate do amor
E coroa terei de justiça,
Que no céu me dará o Senhor."
291;DECISÃO;;"1. Oh! Dia alegre. Eu abracei
Jesus e Nele a salvação!
O gozo deste coração
Eu mais e mais publicarei.

[coro]
Dia feliz! Dia feliz!
Quando em Jesus me satisfiz!
Jesus me ensina a vigiar.
E confiando Nele orar.
Dia feliz! Dia feliz!
Quando em Jesus me satisfiz!

2. Completa a grande transação,
Jesus é meu, eu do Senhor!
Chamou-me a voz do seu amor.
Cedi à imensa atração.

3. Descansa, ó alma! O Salvador
É Teu sustento, o pão dos céus
E quem possui o eterno Deus,
Resiste a todo tentador.

4. Meu sacro voto, excelso Deus;
De dia a dia afirmarei!
E além da morte exultarei,
Teu filho e súdito dos céus."
292;Deixa a glória de Deus brilhar;E;"Deixa a glória de Deus brilhar(5x)
Deixa a Gloria em seu rosto brilhar
Deixa a Gloria de Deus brilhar em seu rosto
Deixa a Gloria de Deus brilhar

Foi lá no cume do monte
Que o nosso Deus com Moises falava
Quando ele desceu do monte
E não sabia que seu rosto brilhava.
Brilhava brilhava o seu rosto brilhava
Foi lá no cume do monte Sinai
Que o nosso Deus com Moisés falava"
293;DEIXA ALI;;"1. Se este mundo te negar os seus bens a desfrutar;
Se é preciso de viver com pouco aqui,
Não te esqueças que Jesus,
Te comprou com muita dor.
Teu cuidado leva a Deus e deixa ali.

[coro]
Deixa ali, deixa ali!
Teu cuidado leva a Deus e deixa ali
Confiando em Seu poder,
Ele pode te acorrer;
Teu cuidado leva a Deus e deixa ali.

2. Se Satã vier tentar e teu coração falhar,
Não te esqueças de que Deus vê tudo aqui.
Ele sempre ajudará e seguro guiará,
Teu cuidado leva a Deus e deixa ali.

3. Se teu corpo sofredor tem na vida dissabor,
E tua alma está bem triste aflita em ti.
Cristo pode compreender o que sobre ti vier,
Teu cuidado leva a Deus e deixa ali."
294;DEIXAI ENTRAR O ESPÍRITO DE DEUS;;"Do Santo Espírito, está escrito,
Que sois o templo, sim, templo de Deus;
Já recebestes, depois que crestes,
O dom glorioso descido do céu?

Deixai entrar, para morar,
O Espírito de Deus;
Dom prometido, já concedido,
Bendito dom dos altos céus.

O que vos salva, também vos lava,
P’ra vossa alma de manchas limpar;
Purificados de vis pecados,
O Santo Espírito já pode entrar.

Ó peregrinos, vede o destino,
Entrai na terra de leite e mel,
Santificados, por Deus chamados,
Sereis guiados, por guia fiel."
295;Deixe o fardo;C;"Deixe o fardo com cristo
Ele cuidará de ti
Deixe o fardo com Cristo
Ele cuidará de ti
Mais alto, mais alto
Alto, alto, alto
Mais alto
Exalte-a Jesus

Posso cantar, não há
Condenação.
Posso gritar, não há
Condenação.

Mais baixo, mais baixo
Baixo, baixo, baixo
Mais baixo
Deixe satanás por baixo"
296;DEIXE PENETRAR A LUZ;;"Se ao inimigo temes combater,
Se estás em trevas e não tens poder,
Que a formosa luz de Deus fulgure em ti;
E serás feliz assim.

Deixa penetrar a luz!
Deixa penetrar a luz!
Que a formosa luz de Deus fulgure em ti;
E serás feliz assim.

Se a tua fé é fraca no Senhor,
E não mostras fruto ou nenhum fervor,
Que a formosa luz de Deus fulgure em ti
E serás feliz assim.

Se na luz estamos, que divina luz!
Se nos limpa sempre o sangue de Jesus,
Temos claridade em nosso coração,
E vivemos nós na luz.

Se de Deus, o Espírito Consolador,
Traz a luz do céu, divino resplendor,
Penetrando Ele, no teu coração.
Viverás então de amor.

Se alegre fores à mansão sem par,
Ó enfrenta as trevas, que vão se afastar,
Que a formosa luz de Deus fulgure em ti,
E serás feliz assim."
297;DEIXEI AS ILUSÕES;;"O mundo de ilusão deixei,
A senda de pecado e dor.
Pra ir ao meu glorioso lar;
Ali há gozo, paz e amor.

No mundo não está meu lar,
Aqui não posso descansar:
Mas quero sempre avançar:
No céu em breve hei de entrar.

Alguns procuram me impedir,
Na senda gloriosa andar,
Mas quero sempre avançar,
Até no lar poder chegar.

Amigo que no mundo estás,
Não queres me acompanhar;
A terra de eterno amor!
Jesus deseja te levar."
298;DERRAMA TEU ESPÍRITO;;"1. Derrama sobre nós o Teu espírito
Como fizeste em Jerusalém;
A Tua grei ó manda o mesmo fogo,
Indispensável; para nós também.
A Tua grei ó manda o mesmo fogo,
Indispensável; para nós também.

2. Derrama sobre nós o Teu espírito
Como na casa do centurião
E dá nos o poder da Tua palavra
Fazendo a luz brilhar na escuridão
E dá nos o poder da Tua palavra
Fazendo a luz brilhar na escuridão

3. Derrama sobre nós o Teu espírito,
E dá-nos, hoje muitas conversões;
Ó deixa-nos sentir poder celeste,
E vivifica os nossos corações
Ó deixa-nos sentir poder celeste,
E vivifica os nossos corações

4. Derrama sobre nós o Teu espírito,
E aos que sofrem da Tua proteção;
A orar ficamos em amor unidos
Para obter a prometida unção
A orar ficamos em amor unidos
Para obter a prometida unção

5. Desperta, Jesus Cristo, aos que dormem
O mui profundo sono do “jardim”
Como operaste nos antigos tempos,
Como o Teu poder nos guia até o fim.
Como operaste nos antigos tempos,
Como o Teu poder nos guia até o fim."
299;DESCANSO AOS DOMINGOS;;"Na terra, aos domingos, Jesus, descansamos,
Mas tens lá no céu um descanso melhor;
Se, aqui reunidos, prazeres gozamos,
Contigo teremos um gozo maior.

Mais paz e alegria no céu gozaremos,
Que aquelas que temos aqui, com Jesus;
Sem dores, sem prantos, alegres, veremos
Aquele que para a mansão nos conduz.

Sem medo de ataques de vis inimigos,
E sem os cuidados mundanos daqui,
Sem sombra de noite, sem nuvens de dia,
Contigo seremos ditosos ali.

Jesus, eu bem sei que Tu tens preparado
A aurora de gozos eternos pra mim;
Exausto, na senda de dor e pecado,
Eu quero descanso Contigo, sem fim."
300;DESCANSO EM JESUS;;"“Vem, vem a mim, se cansado estás”,
Diz o Filho do santo Deus;
“Com fé vem a mim e desfrutarás
O descanso que dou aos meus.”

Deus o proclama, Cristo te chama:
“Vem, pecador, vem a mim!”
A voz te fala com terno amor:
“Com fé hoje vem amim!”

“Vem, vem a mim”, diz o Salvador
Ao pior que no mundo houver;
A graça de Deus chama o pecador
Para pleno perdão obter.

Não nos podemos jamais gabar
De fazer nossa paz com Deus;
Jesus essa paz veio consumar
Sobre a cruz a favor dos seus."
301;DESCANSO VERDADEIRO;;"1. Cada coração procura, onde possa descansar
Mas descanso verdadeiro, só Jesus pode dar.

[coro]
Cristo sempre, e tão somente
Cristo, Salvador e Rei;
Meu abrigo, meu amigo,
Tudo, tudo Nele achei.

2. Pois meu coração Te entrego, Ó Jesus, meu Salvador!
Sejas Tu pra sempre Dele, O seu Rei e seu Senhor."
302;Desceu de Sua Glória (Down From His Glory);F;"Desceu de sua glória
E veio habitar entre nós
O Rei se tornou servo
E padeceu em meu lugar
A dívida que o homem não podia pagar
A crueldade do pecado custou a sua vida
Cordeiro Santo de Deus és Emanuel
Verteu seu Sangue na Cruz
Para me resgatar
e através de Jesus
Hoje tenho a vida eterna

Sou feito do Sangue
Eu sou do Sangue
Sou de uma linhagem inadulterada
pura e real
Sou feito do sangue
Eu sou do Sangue
Fui comprado por uma preço no calvário
Pelo sangue de Jesus

A dívida que o homem não podia pagar
A crueldade do pecado custou a sua vida
Cordeiro Santo de Deus és Emanuel

Verteu seu Sangue na Cruz
Para me resgatar
e atraves de Jesus
Hoje tenho a vida eterna"
303;DESEJAMOS IR LÁ;;"1. Nosso redentor foi preparar
Um lugar de repouso e esplendor;
Brevemente chamará para a casa a descansar,
Nós os salvos, do mundo enganador.

[coro]
Desejamos ir lá
Desejamos ir lá,
Que alegria será,
Quando nós nos encontrarmos lá.

2. Nesta terra tesouros não há,
Que nos possam aqui segurar;
Desejamos ir ao céu onde Cristo já está,
Ao lugar onde iremos descansar.

3. Neste lar com Jesus, o Senhor,
Nós havemos de sempre reinar
Vamos nós ali cantar, novos hinos de louvor
Ao cordeiro que veio nos salvar."
304;DESEJO DA ALMA;;"Vem Espírito divino, grande Ensinador!
Vem, descobre as nossas almas, Cristo o Salvador

[coro]
Cristo, Mestre, ouve com favor!
Em poder e graça insigne obre o Teu amor

Vem demole os alicerces, da enganosa paz;
Aos errados concedendo Salvação veraz.

Vem reveste a Tua igreja, de poder e luz;
Vem atrai os pecadores, ao Senhor Jesus.

Maravilhas sobernas, outros povos vem;
Oh! derrama a mesma benção, sobre nós também.

William H.Doane (1832-1915)
Fanny Jane Crosby (1820-1915)"
305;DESEJO INFANTIL;;"Sou um infantil, gosto de brincar,
Mas o mundo vil quero desprezar;
Sempre a Cristo honrar, seu querer fazer,
Sua lei amar, eis o meu prazer!

Aleluia! Aleluia!
Amo a meu Jesus!
Aleluia! Aleluia!
Quero andar na luz!
Aleluia! Aleluia!
Amo a meu Jesus!
Aleluia! Aleluia!
Quero andar na luz!

Sou um infantil, quase nada sei,
Mas meu ser gentil eu ao Mestre dei.
Amo a meu Jesus, ele me remiu,
Busco a sua luz, minha voz ouviu!

Sou um infantil, tenho pouca fé,
Mas o meu Brasil quero ver de pé,
Tenho fé em Deus, salvo por Jesus,
Sendo os filhos seus campeões da cruz!"
306;DESEJOS;;"Reproduzir almejo
A vida de Jesus;
Ser manso, ser humilde,
Também servir a Deus;
Eu aprender almejo
Com Jesus Cristo a orar,
Sozinho na montanha
Com o Senhor falar.

Amar eternamente
Desejo a Ti, Jesus;
Pois Tu por mim sofreste
A maldição da cruz.
Ó Salvador, concede
Que alcance teu amor;
A mim, ovelha tua,
Contempla com favor!"
307;DESEJOS DA ALMA;;"1. Vem, Espírito divino
Grande ensinador!
Vem, descobre as nossas almas
Cristo, o salvador!

[coro]
Mestre! Mestre!
Ouve com favor!
Em poder e graça insigne
Obre o Teu amor!

2. Vem, demole os alicerces
Da enganosa paz
Aos errados concedendo
Salvação veraz.

3. Maravilhas soberanas
Outros povos vêem,
Oh, derrama a mesma bênção,
Sobre nós também."
308;DESEJOS ESPIRITUAIS;;"Em mim vem habitar, oh, vem, Jesus,
Em mim fazer brilhar a tua luz!
Eis a minha ambição: ter e sentir, Senhor,
Mais gratidão e mais amor.

Os passos teus seguir eu quero, sim;
Servir e bendizer até o fim;
Eis o meu anelar, meu ideal maior:
Contigo andar, ó Salvador!

Em meu interior, vem tu brilhar;
Faz-me, com mais ardor, da cruz falar.
Reveste o coração de teu excelso amor,
De retidão e de fervor!

Oh, que consolação a Cristo amar,
Pois que com tanto amor me quis salvar!
nada me alegra mais, gozo não há maior
Que tua paz, ó Salvador!"
309;DESLUMBRANTE;;"1. Se nos cega o sol ardente,
Quando visto em seu fulgor
Quem contemplará Aquele
Que do sol é criador?
Patriarcas, nem profetas
O chegaram a avistar
Nem Adão chegou a vê-Lo,
Antes mesmo de pecar.

2. Luz pra qual o sol é trevas,
Quem Te pode contemplar?
Nossos olhos nus, humanos,
Não Te podem encarar.
Fogo em cima da arca santa,
Sarça ardente no Sinai,
São figuras só da glória
Do Senhor, do eterno pai.

3. Para termos nós com Ele
Franca e doce comunhão,
Cristo, o verbo, fez-se carne,
Fez-se nossa redenção
Para que na glória eterna
Nós miremo-Lo sem véu,
Cristo padeceu a morte,
Nova entrada abrindo ao céu."
310;DESPEDIDA;;"Graças, graças Te rendemos
Pela tua redenção;
E rogamos, fervorosos,
Tua firme proteção;
Teu Espírito domine o coração."
311;DESPEDIDA DO CULTO;;"Depede-nos, ó Salvador!
Despede-nos em teu amor;
Permite que nós outra vez
Nos ajuntemos, ó Senhor.

Protege-nos, ó bom Jesus,
E não nos largue a tua mão!
O teu amor só nos induz
A Te louvar de coração.

Pai nosso, Tu, que estás nos céus,
Aqui abençoar-nos vem;
Ó Tu, Espírito de Deus,
Dá-nos inspiração também."
312;DESPERTADO CORAÇÃO;;"Basta já de rebelião,
De vexame e perdição;
Com paciência, com amor,
Já te espera o Redentor.

Vem amigo, oh, vem já,
A Jesus te dedicar!
Vem amigo, oh, vem já!
Ele, pois, te quer salvar!

O que o mundo prometeu
Sabes que não concedeu;
Em Jesus tu acharás
Salvação, amor e paz.

Sem demora, amigo, vem;
De Jesus aceita o bem,
Nele sempre encontrarás
Vida infinita, gozo e paz."
313;DESPERTAR PARA O TRABALHO;;"Posso tendo as mãos vazias,
Com Jesus eu me encontrar?
Nada fiz, e vão-se os dias,
Que Lhe posso apresentar?

Posso tendo as mãos vazias,
Com Jesus, eu me encontrar?
Quantas almas poderia
Ao Senhor apresentar?

Não mais temerei a morte;
Vencerei por salvo estar;
Qual será a minha sorte,
Se no céu vazio entrar?

No celeste lar entrando,
Como irei ao Salvador?
Quantas almas irei levando,
Para meu fiel Senhor?

Do pecado, preso em elos,
Passei anos em vão labor;
Quem me dera reavê-los,
P’ra servir ao meu Senhor.

Despertemos, Já é dia;
Trabalhemos, com fervor;
E levemos, com alegria,
Muitas almas ao Senhor."
314;DEUS CHAMANDO;;"Ei-lo a convidar-me!
Ele quer solvar-me!
E, com persistência, Deus me chama sempre;
Com ternura chama,
Com amor me chama,
O Senhor insiste sempre em me chamar.

Deus sempre insiste em me advertir,
E eu sempre recusando ouvir;
Assim não devo proceder,
Mas, sim, ao Salvador correr.

Deus inda continua a instar,
E eu é que não o deixo entrar;
Porém não cessa de bater,
Deseja tanto me valer.

Eu vou, enfim, me decidir;
Quero a Jesus a porta abrir,
Eu quero ouvir o seu chamar
E sem demora me entregar."
315;DEUS CUIDARÁ DE TI;;"1. Aflito e triste coração
Deus cuidará de ti
Por ti opera a sua mão
Que cuidará de ti

[coro]
Deus cuidará de ti
Em cada dia proverá
Sim, cuidará de ti,
Deus cuidará de ti

2. Na dor cruel, na provação,
Deus cuidará de ti;
Socorro dá e salvação,
Deus cuidará de ti.

3. A tua fé Deus quer provar
Mas cuidará de ti.
O teu amor quer aumentar,
E cuidará de ti.

4. Nos seus tesouros tudo tens
Deus cuidará de ti;
Terrestres e celestes bens,
Deus cuidará de ti.

5. O que é mister te pode dar
Quem cuidará de ti.
Nos braços Seus te sustentar,
Pois cuidará de ti."
316;Deus está neste lugar;E;"Uma coisa estou sentindo aqui agora
Que Deus está neste lugar
Uma coisa estou sentindo aqui agora
Que Deus está neste lugar
Deus está neste lugar
Deus está neste lugar
O espírito santo me revela
Que Deus está neste lugar"
317;DEUS FONTE DA VIDA;;"Ó Deus do céu da terra e mar, humildes vimos Te adorar;
O Teu amor sim celebrar, que tudo dás.

A Luz benigna a luz solar, a brisa branda e salutar;
Que vem a tudo renovar, sim tudo dás

A verde relva a linda flor, de ricos frutos o penhor;
Proclamam Teu constante amor, sim tudo dás.

Tu por um mundo pecador, Teu Filho deste o Salvador;
Com Ele tudo dás Senhor, sim tudo dás

Dás vida aos mortos e perdão, dás aos perdidos Salvação;
De paz enchendo coração, sim tudo dás.

Pureza dás e dás poder, a Graça que nos é mister;
Por Ti viver, por Ti morrer, sim tudo dás.

Ensina nos Senhor a amar, ensina nos Senhor a dar;
E a Ti a vida consagrar, pois tudo dás."
318;DEUS ME ESCONDE;;"Mesmo que sofrer eu venha,
Deus o permite para o bem.
Em amor e não em ira,
O castigo seu nos vem.

Inimigos me perseguem,
Satanás me quer vencer,
Mas Jesus é poderoso
Para bem me defender.

Minha cruz vou carregando
Nesta peregrinação;
Nas maiores tempestades
Cristo dá-me proteção.

Jesus Cristo me resguarda
Onde o mal jamais me atinge;
Jesus Cristo me conserva
Sob sua proteção."
319;Deus pensou o Profeta falou eu creio;E;"Tudo o que o profeta disse, com certeza eu creio
Para estar com a Palavra não há outro meio
O profeta sendo verdadeiro, é Deus em um corpo humano
Sendo ele a boca de Deus, o Profeta não comete engano
(2x)

Deus pensou o profeta falou eu creio
Deus pensou o profeta falou eu creio

Tudo o que o profeta disse, eu digo amem
Billy paul disse que estará com ele, eu estarei também
ele disse naquela manhã, eu estarei lá
E pelo meu sorriso, ali você me reconhecera (2x)

Se isto não for a verdade, eu não sei o que é
Talvez você não entenda, mas creia com fé
Creia em toda a palavra, com amor e sinceridade
Deus não tem compromisso contigo, se você crê somente
na metade (2x)"
320;Deus pode fazer (God will make a Way);F;"Deus pode fazer, o impossível acontecer
Ira fazer acontecer
O que eu não posso entender
Sempre me guiara e também me guardara
com forca e amor a cada dia
Deus ira fazer o impossível acontecer

Por uma estrada no deserto me guiara
Rios no deserto eu verei
Céus e Terra passarão, mas tua palavra ficara
Algum milagre incomum Ele fara

Algum milagre incomum Ele fara"
321;DEUS TE OUVIRÁ;;"1. Ore com fé irmão, Chore aos pés De Jesus.
Venha Humildemente, Aqui ao pé da Cruz.

[coro]
Deus te ouvirá, Deus te Contemplará.
Ouvirá tua Oração, se orares De coração

2. Tuas enfermidades Jesus poderá Curar.
Só importa ter Santidade, e de Joelho com fé Orar.

3. Não sejas Desanimado, Sejas igual a Jacó.
Que lutou durante A noite e venceu Ao romper do sol."
322;DEUS TOMARÁ CONTA DE TI;;"Em todo o tempo, irmão, o Senhor
Tomará conta de ti.
Cristo, que fala de vida e amor,
Tomará conta de ti.

Deus tomará conta de ti,
Deus tomará conta de ti,
NEle descansa, sempre aqui,
Pois tem cuidado Deus, de ti.

Em toda prova, irmão, o Senhor
Tomará conta de ti
Cristo, que é teu amado Pastor,
Tomará conta de ti.

Em toda parte, irmão, o Senhor
Tomará conta de ti.
Cristo, que nos dá poder e valor,
Tomará conta de ti.

Chegando a morte, irmão, o Senhor
Tomará conta de ti.
Cristo será teu fiel condutor:
Tomará conta de ti."
323;DEUS VAI TE GUIAR;;"Andas carregado de tristeza e dor,
Sem nenhum auxílio, nem um Salvador?
Ouve a mensagem de teu bom Jesus,
E tem mais coragem, leva a tua cruz.

Deus vai te guiar com Sua forte mão;
Podes descansar na tribulação;
Seja tua vida livre de pesar;
Em tristeza e lida Deus vai te guiar.

Toda carga por ti, Ele quer levar;
Alma dolorida, ouve o Seu falar;
Senda espinhosa Ele já andou,
Morte afrontosa por ti suportou.

Se estás tentado, Deus te ajudará,
Sempre confiando, te libertará;
As pisadas segue do teu Salvador,
Crendo em Deus, prossegue, seja como for."
324;DEUS VELARÁ POR TI;;"Não desanimes, Deus proverá;
Deus velará por ti;
Sob Suas asas te acolherá;
Deus velará por ti.

Deus cuidará de ti
No teu viver, no teu sofrer;
Seu olhar te acompanhará;
Deus velará por ti.

Se o coração palpitar de dor,
Deus velará por ti;
Tu já provaste Seu terno amor.
Deus velará por ti.

Nos desalentos, nas provações,
Deus velará por ti;
Lembra-te dEle nas tentações;
Deus velará por ti.

Tudo o que pedes, Ele fará;
Deus velará por ti;
E o que precisas, não negará.
Deus velará por ti.

Como estiveres, não temas, vem!
Deus velará por ti;
Ele te entende e te ama bem!
Deus velará por ti."
325;DEUS É AMOR;;"Deus é amor, a Sua graça conquistou meu coração;
Concedeu me vida eterna, paz e luz e salvação.

[coro]
Deus é amor sim, Deus é amor!
Deus é amor sim, Deus é amor

Deus é amor, eis tudo acaba neste mundo de amargor;
Só perdura inalterável, Seu infindo e eterno amor.

Deus é amor, pois cuida sempre do Seu filho bom fiel;
Ele inspira, guia e livra como ao povo de Israel.

Deus é amor, vem auxilia a este pobre pecador;
Perdoado agora almeja proclamar o Teu amor."
326;DEUS É POR MIM;;"É Deus por mim; não temo
O mundo e seu furor;
Minha alma está segura,
Na graça do Senhor.
Sou pelo Rei amado,
O meu amigo é Deus.
E raivem inimigos,
Valido sou dos céus.

Firmado na esperança
Do Salvador Jesus,
Por ele assegurado,
Jamais me falta luz;
Nele é que me glorio,
Eu, triste pecador;
Seu sangue mui precioso
Tem divinal valor.

Se Deus me justifica,
Quem me condenará?
Do grande amor de Cristo
Ninguém me apartará;
A morte, a vida, os homens,
Tristeza e tentação,
Em vão procuram todos
Romper esta união.

Celeste luz me inunda
De paz e salvação;
De santo regozijo
Me pulsa o coração;
O sol que me ilumina
É Cristo, o meu Senhor;
O gozo que me alegra
É seu constante amor.

Aleluia! Aleluia!
O meu amigo é Deus!
Aleluia! Aleluia!
Valido sou dos céus!"
327;DEUS É SABEDOR;;"Eu sei que Deus é sabedor
Do meu sofrer, da minha dor;
Mas sei também que o meu penar
Em gozo pode transformar.

Meu Deus, meu Pai,
Meu Deus de tudo é sabedor.
Sim, Deus, meu Pai,
Vem minorar a minha dor.

Eu sei que Deus é sabedor
Que fui um grande pecador;
Mas com poder e compaixão
Livrou-me da destruição.

Eu sei que Deus é sabedor
Das minhas faltas, meu temor;
Mas pronto está pra me valer,
De todo o mal me protege."
328;DEUS É TÃO BOM;;"Deus olhando do céu para a terra
Não viu nem um justo sequer,
Até mesmo os seus seguidores
O abandonaram perdendo a fé.
Pois éramos levados juntos
Aos ídolos mudos de condenação
Deus viu nossa necessidade
De boa vontade estendeu-nos a mão

Deus é tão bom pois abriu a porta
Pra você passar
Deus é tão bom pois abriu a porta
Pra você passar
E a porta é Jesus
E a porta é Jesus

Vivíamos sempre caídos
Perdidos por causa da transgressão,
Jesus tirou-nos da rede
Caindo a parede da separação
A mulher que adulterasse
Na lei de Moisés deveria ser morta,
Levaram-na diante de Cristo
Neste mesmo ato, mas Ele era a porta
E ela passou. E ela passou."
329;DEVES DIVULGAR;;"Oh, que bela e doce história
Do bom Pai celestial,
Que nos vendo extraviados,
Em perigo sem igual,
Enviou seu Filho amado
Pra todos nós salvar!
Tão bela história, crente,
Tu deves divulgar!

Sim, tu, irmão, tens que contar
A história de Jesus;
Seus feitos e palavras
Tu deves divulgar!

Esta bela história é sempre
Poderosa pra salvar,
Transformando e abençoando
Quem a Cristo quer chegar.
Mas há muitos infelizes
Sem compreender a luz;
A eles vai e conta
A história de Jesus!

Oh, não digas que não podes
Essa história anunciar!
Faze tudo ao teu alcance
Para Cristo sempre honrar!
Vamos, crentes, proclamando
Jesus, o Salvador
A bela e doce história
De Deus e seu amor!"
330;DIA DO SENHOR;;"A semana já passou,
O Senhor guiou-nos bem;
O seu povo se lembrou
Que, reunido, bênçãos tem.
É dos sete o dia melhor,
De descanso e de louvor.

Vimos Te pedir perdão,
Ó amado Redentor;
Mostra tua compaixão,
Nossas culpas tira e a dor!
Dá-nos, hoje, a tua paz,
Bênção que nos satisfaz!

Desejamos Te louvar,
Tua graça aqui sentir;
Neste culto reforçar
Esperanças do porvir;
Paz e glória, lá dos céus,
Manifesta já, ó Deus!

O evangelho tem poder
Para o crente consolar,
Para o vício seu vencer,
Todo o mal abandonar.
Que hoje dê a pregação
Gozo e paz ao coração."
331;DIA FESTIVO;;"1. Que alegria neste dia
Estamos todos a gozar!
Neste ensejo bom desejo
Temos só a Deus louvar.

[coro]
Oh! Cantemos pois com alegria
Nesse grande e mui festivo dia.
Vê! Vê! O que nos fez o Rei do reis.

2. Que alegria neste dia
Enche-nos o coração
Inimigos e perigos,
Já venceu o capitão

3. Que alegria neste dia
Têm os crentes em Jesus;
Reunidos os remidos
Fazem tudo em sua luz.

4. Deus glorioso, Deus bondoso,
Abençoa-nos aqui;
Que esta igreja sempre seja
Consagrada só a Tí."
332;DIREÇÃO DIVINA;;"As tuas mãos dirigem meu destino.
Ó Deus de amor, que sempre seja assim!
Teus são os meus poderes, minha vida;
Em tudo, eterno Pai, dispõe de mim.
Meus dias sejam curtos ou compridos,
Passados em tristezas ou prazer,
Em sombra ou luz, é tudo como ordenas
E eu tenho por bem-vindo o teu querer.

As tuas mãos dirigem meu destino,
Cravadas dantes na sangrenta cruz;
Por meus pecados foram transpassado
E posso nelas descansar, Jesus!
Nos céus erguidas, sempre intercedeu
As santas mãos não pedirão em vão;
Ao seu cuidado, em plena confiança,
Entrego a minha eterna salvação.

As tuas mãos dirigem meu destino;
Acasos para mim não haverá.
O grande Pai vigia o meu caminho
E sem motivo não me afligirá.
Eu tenho em seu poder constante amparo,
Forte é seu braço, imenso o seu amor;
E em breve, entrando na cidade eterna
Eu louvarei meu guia e Salvador."
333;DISPOSIÇÃO DE TRABALHAR;;"Bendito Senhor, nosso Rei Jesus,
Dirige-nos pelo teu grande amor,
Contempla-nos, dá-nos divina luz,
Protege-nos, dando-nos teu favor.

Oh, vem, sim, querido Senhor,
Ouvir-nos em nossa oração,
E dá-nos da tua presença o penhor,
E dá-nos também direção.

Nós vimos a ti, Redentor, pedir
Poder e coragem no labutar;
Jesus, em teus passos queremos ir,
Contigo queremos viver, lutar.

Pois grande é a vinha, Jesus Senhor,
Os frutos maduros caindo estão.
Oh, vem, pois, encher-nos de fé e amor,
A fim de colhê-los com prontidão.

Os rogos atende dos servos teus,
Que invocam teu nome com devoção,
Sustenta-nos, cheios do amor de Deus,
Concede-nos sempre maior visão."
334;DITOSA CIDADE;;"A ditosa cidade deve ser linda
Se pudesse eu iria pra lá agora
Veria o Senhor frente a frente
Cantaria naquele imenso coral.

Veria anjos e querubins, ali
Reunidos, cantando Hosanas ao Rei
Breve este meu pensamento será realidade
Pois pra lá voarei.

Veria ainda todos os discípulos
Que andaram por aqui pregando a palavra
Imagina abraçar Paulo e Tiago
Ver João, Abraão, Isaque e Jacó

Irmãos se ficarmos em comunhão com Cristo
Naquela linda cidade nós iremos morar
Veremos o Senhor frente a frente
Cantaremos naquele imenso coral

Veremos anjos e querubins, ali
Reunidos, cantando Hosanas ao Rei
Teremos somente prazer e muita alegria
Para sempre amém."
335;DITOSO DIA;;"Ditoso dia em que aceitei do meu Senhor a salvação;
A grande paz que eu alcancei perdura no meu coração.

Que prazer eu senti no dia em que me converti!
Agora sinto o Seu amor, e segurança, paz fervor.
Sou feliz! tão feliz! pois em Jesus me satisfiz!

Aquilo que eu então votei minha alma sim, o cumprirá;
Em cada dia renderei louvor a Deus, que me ouvirá.

Que prazer eu senti no dia em que me converti!
Agora sinto o Seu amor, e segurança, paz fervor.
Sou feliz! tão feliz! pois em Jesus me satisfiz!

Exulta pois meu coração, no Filho do Supremo Deus;
Porque te deu a redenção e trouxe-te perdão dos céus.

Que prazer eu senti no dia em que me converti!
Agora sinto o Seu amor, e segurança, paz fervor.
Sou feliz! tão feliz! pois em Jesus me satisfiz!

Adapt. Edward F.Rimbault (1816-1876)
Philip Doddridge (1702-1751)"
336;DIVINO AMOR;;"Quem pode o Teu imenso amor contar;
Ó Salvador Jesus, e esquadrinhar
Seus alicerces no divino Ser
Sua extensão ou sua altura ver? Amor sem fim!

Quem pode amor tão vasto compreender?
Pois nem o céu o pode enfim conter.
Foi neste mundo que se revelou
Jesus sofrendo sobre a cruz mostrou: Divino amor

Quem pode dar adoração capaz
A Ti que sem limite amor nos dá?
A par do qual o parcial louvor
Que temos dado ao nosso Salvador Parece vão

Mas sempre nos ensina o Teu amor,
Que embora fracos temos no Senhor.
A fonte inesgotável de afeição
Que sabe a voz do nosso coração, Apreciar."
337;DIVINO COMPANHEIRO;;"1. Divino companheiro no caminho,
Sua presença sinto logo ao transitar.
E Tu dissipaste toda a sombra
Já tenho luz, a luz bendita do amor.

[coro]
Fica Senhor, já se faz tarde
Tens o meu coração para pousar
Faz em mim, morada permanente
Fica Senhor, fica Senhor meu Salvador.

2. A sombra da noite se aproxima
E nela o tentador vai chegar
Não, não me deixe só no caminho
Ajuda-me, ajuda-me até chegar."
338;Dizemos Amém;E;"Dizemos: Amém, amém, amém! (3X)
Dizemos: Amém!

Dizemos: Amém, amém, amém! (3X)
Dizemos: Amém!

Eu sei que sua Graça é por mim! (3X)
Eu sei que é a Graça!

Eu sei que o Seu amor está aqui! (3X)
Eu sei que é o amor!"
339;DO MUNDO DEUS SE CONDOEU;;"Do mundo Deus se condoeu;
De tal maneira que lhe deu,
Por Salvador o Filho Seu,
Louvor ao Pai e ao Filho dai!

Jesus sofreu sim, como réu;
A fim de nos levar ao céu,
Foi quem rasgou da morte o véu,
Louvor ao Pai e ao Filho dai!

E Cristo por morrer na cruz;
Outorga vida, gozo e luz,
Sim tudo temos em Jesus,
Louvor ao Pai e ao Filho dai!

Morreu Jesus e nos remiu;
Foi sepultado e ressurgiu,
E para Deus depois subiu,
Louvor ao Pai e ao Filho dai!"
340;DOCE LAR;;"Na pátria celeste, de Deus o doce lar,
Prepara Jesus, para os Seus, um lugar,
Pois longe do mal, do pecado e da dor,
Consigo p’ra sempre os quer ter seu Senhor.

Oh! Doce, doce lar!
Ali, com Jesus, vou para sempre descansar

Oh! lar sacrossanto de paz e de amor!
Ali sobre o trono, verei meu Senhor,
O meigo Cordeiro, reinando em luz,
Por todos louvado, bendito Jesus!

Que puras delícias se encontram em ti!
Que gozos supremos esperam ali,
Aqueles a quem juntos Si Deus quer ter,
E perpetuamente os satisfazer!

Não são seus prazeres que anseio gozar,
Mas, sim, com Jesus para sempre morar!
Jamais desonrá-Lo, jamais ofender
A quem, p’ra ganhar-me, por mim quis morrer."
341;DOCE PORVIR;;"Após as lutas desta vida,
Com o Senhor eu estarei;
Após a minha triste lida,
Após vitória decidida,
Com o Senhor eu estarei.

Doce porvir, meu doce lar!
Vem, ó Senhor, sim, vem sem demorar!

Depois de dores e gemidos,
Com o Senhor eu estarei;
Após meus dias concluídos,
Na companhia dos remidos,
Com o Senhor eu estarei.

Depois do termo da jornada,
Com o Senhor eu estarei;
Após as urzes desta estrada,
Após a vida atribulada.
Com o Senhor eu estarei.

Trad.: James Jackson Taylor (1855-1924)"
342;DOMINGO;;"Domingo, ó dia de amor,
Tão cheio de prazer!
Almejo, ó meu Senhor,
A graça e teu poder;
Honrar-Te, sim, glorioso Rei.
Cumprir a tua santa lei.

Encher-me vem, Senhor,
De gozo e muita fé
Ó grande Benfeitor
Concede-me a mercê
De pecadores despertar
E tua igreja estimular!

Espírito de luz,
Oh, dá-me o dom do amor,
Que vejo em meu Jesus,
O meigo e bom pastor!
Ensina-me, pois, meu dever;
Dirige todo meu viver."
343;DORMINDO NO SENHOR;;"Dormindo no Senhor,
Bendito é nosso irmão;
Perante o trono, vencedor,
Desfruta a salvação.

Dormindo no Senhor,
Liberto já do mal,
Deixando o mundo e seu labor,
Descansa em paz real.

Dormindo no Senhor –
Oh, santa e calma paz! –
O gozo do divino amor
Sua alma satisfaz.

Dormindo no Senhor –
É doce assim morrer!
Do crente a morte é sem terror,
É ir com Deus viver.

Os mortos no Senhor
Hão de ressuscitar;
Oh, vem, bendito Salvador!
Teus santos acordar!

Os mortos viverão;
E os vivos, com fulgor,
Ao teu encontro subirão.
Não tardes, ó Senhor!"
344;DORMIR EM CRISTO;;"Dormir em Cristo é muito bom,
Já livre de perturbação,
Fruindo, assim, ditoso dom:
Do mundo ter libertação.

Dormindo em Cristo o nosso irmão,
Já livre está de todo mal;
Não sofre dor nem tentação,
Já goza a vida perenal.

Dormindo em Cristo o nosso irmão,
Bem junto está do Salvador;
Já goza a santa comunhão
Com os remidos do Senhor.

Dormir em Cristo é estar em paz;
O despertar, supremo bem,
Pois ele transportar-nos faz
Ao gozo divinal de além.

Trad.: William Edwin Entzminger (1859-1930)"
345;DÁ ME GRAÇA;;"[coro]
Dá-me graça Senhor
Para prosseguir
Dá-me graça Senhor
Enquanto eu viver por aqui.

Sem Jesus tudo é tão triste
Esta minha solidão
Vem encher-me de amor
E alegrar meu coração.

Só em Ti somente espero
E eu Ti esperarei
Esperando a vitória
Que um dia alcançarei.

Vou seguindo a minha lida
Sei que não posso parar
Se Jesus é minha vida
N’Ele posso confiar."
346;DÁ TEU CORAÇÃO;;"Já chega de hesitação!
Já chega de oposição!
Oh, busca em Cristo o perdão,
E dá-lhe teu coração

Em santidade desejas viver?
Dá teu coração a Jesus.
Queres do Espírito Santo o poder?
Dá teu coração a Jesus.

A tempestade não quer acalmar?
Dá teu coração a Jesus.
Queres as tuas paixões refrear?
Dá teu coração a Jesus.

Dos teus amigos alguém te traiu?
Dá teu coração a Jesus.
Busca a amizade de quem te remiu,
Dá teu coração a Jesus.

Queres no céu a teu Deus exaltar?
Dá teu coração a Jesus.
Queres a glória divina alcançar?
Dá teu coração a Jesus."
347;DÁ-ME MAIS DESEJOS DE ORAR;;"No silêncio da noite eu te rogo,
Oh Deus santo vem me despertar.
Leva-me ao monte da oração
Dá-me fogo do teu santo altar.

Espírito Santo de Deus,
Em mim não deixe as chamas apagar.
Vem levar-me mais perto de ti.
Dá-me mais desejos de orar.

És qual lírio e rosa dos vales
Cujo odor para mim é sem igual.
Qual as flores ao romper da aurora.
Teu perfume eu quero exalar.

Se recebo seu santo ensino
Meu coração recebe poder.
Pois é dada a força à tua Igreja
Que o inferno faz estremecer."
348;DÊ-ME TUA MÃO;;"Irmão peregrino nesta terra, seja forte nesta guerra,
Que por Cristo tu estás a enfrentar.
Levante o estandarte de vitória, pois no céu
Com grande glória, breve havemos de entrar.

Dê-me tua mão irmão, e vamos ao combate
Em oração, o crente combate ajoelhado
Submisso e encorajado,
sob o comando de Jesus.

Irmão que neste instante está chorando
Saiba que em algum lugar alguém por ti está orando
E não pense que está só neste caminho,
Seja longe ou bem pertinho Deus por ti está velando.

O caminho sempre vai se estreitando
Para aqueles que na terra a Jesus estão amando.
O inimigo arma uma cilada a cada dia,
Mas nesta grande porfia o cristão que sai ganhando.

Deus unge os passos do obediente,
Que chorando ou contente não recua na batalha.
Ele dá força suficiente, ao guerreiro e
Fiel crente, Sua promessa não falha."
349;EBENÉZER;;"Fonte Tu de toda benção, vem o canto me inspirar,
Dons de Deus que nunca cessam, quero em alto som louvar!

Oh! ensina o novo canto dos remidos lá na cruz
Ao Teu servo e ao povo santo pra louvarmos Te bom Deus!

Sim meu Deus a Ti adoro, pois Jesus me socorreu.
E por Sua graça espero, transportar-me para o céu!

Eu perdido procurou-me, longe do meu Deus, sem luz;
Maculado e vil lavou-me, com Seu sangue o bom Jesus!

Devedor à Tua Graça, cada dia e hora sou.
Teu desvelo sempre faça com que eu ame a Ti Senhor!

Eis minha alma vacilante, toma-a prende-a com amor;
Para que ela a todo instante, glorifique a Ti Senhor!

John Wyeth (1770-1858)
Robert Robinson (1735-1790)"
350;Eco de Aleluia;E;"Estão ouvindo este eco de aleluias
Este barulhão de glórias a Deus
Quando aqui na terra se findar
Ainda continua lá no céu

Eu conheço muita gente que são como fariseus
Não gostam de aleluias e proíbem glórias a Deus
Irmãos queremos ver, onde os tais vão se esconder
Quando Cristo lá no céu aparecer

Por isto meus irmãos busquem o poder de Deus
Não olhem para o mundo nem escutem fariseus
Dai glória e aleluia, Jesus já vem aí
Este povo barulhento vai subir"
351;ECOS DE LOUVOR;;"Aquele que, de amor por nós,
À morte se entregou
E, pela mão tomando-nos,
Do mal nos libertou;
Que nos levou de novo a Deus,
O Deus de todo o amor,
A Cristo soem, pelos céus,
Os ecos de louvor.

Louvado seja quem nos quis
De Deus aproximar,
E em reino e sacerdotes seus
Com sangue consagrar.
Louvado seja quem o dom
Do Espírito nos deu;
Louvado seja, pois que abriu
A entrada para o céu.

Aos teus ouvidos, santo Pai,
Eleve-se o louvor,
Que destes fracos lábios sai,
A Cristo, Salvador,
Pois muito nos apraz saber
Que a Ti, no santo lar,
Louvor a Cristo agrada ouvir
Na terra celebrar."
352;EIA, AO COMBATE;;"Eia, ao combate! Em vibrações constantes, já
Vos chama o toque do clarim a ir!
Na grande luta, Cristo triunfante, sim,
Terá de contra o rei do mal sair.

Eia, ao combate, vós, ó crentes;
Os inimigos destroçar!
Em cada dia, o que confia
Ao lado de Jesus lutar!
Eia, ao combate, firmes, fortes
E corajosos, avançar!
O Onipotente é suficiente
Para à vitória nos guiar!

Eia, avançar! Unidos todos em Jesus
Triunfaremos; Deus conosco está!
E com as armas preparadas pelo Rei,
Na liça combatamos por Jeová!

Eia, avançar! Pois Cristo as trevas vai vencer;
Não tardará a vir aniquilar
As hostes do maligno e todo o seu poder,
E, com seu povo, em paz irá reinar!

Trad.: Salomão Luiz Ginsburg (1867-1927)"
353;EIS A NOVA;;"Eis a Nova: Quem em Jesus confia,
DEle há de ter verdadira luz, vida perdão e alegria!

Incomparável graça, cheia de santo amor,
Que ao pecador perdido, trouxe o bom Salvador!

Eis a Nova: Quem em Jesus confia,
DEle há de ter verdadira luz, vida perdão e alegria!

Pois o pecado avilta, enche de escuridão,
A alma rebelde e errada, sob sua maldição!

Eis a Nova: Quem em Jesus confia,
DEle há de ter verdadira luz, vida perdão e alegria!

Temos na cruz de Cristo, benção e salvação,
Porta da vida aberta, única redenção!

Eis a Nova: Quem em Jesus confia,
DEle há de ter verdadira luz, vida perdão e alegria!

J.S.Fearis
Manuel A.de Souza (1886-1962)"
354;EIS O DIA A DECLINAR;;"Eis o dia a declinar,
Nos convida a meditar
No Teu grande insigne amor,
Ó bendito Salvador,
E te louvar!

Santo! Santo! Santo Senhor dos céus
Toda terra louve a TI;
No céu, tudo adore a TI,
Bondoso Deus!

Glorioso no poder!
Infinito no saber!
A mais plena perfeição
Na justiça e no perdão
Nos fazes ver!

Na profunda escuridão,
Ouve a nossa petição,
Vem teus filhos proteger,
E seguros sempre os ter
Na Tua mão.

Quando tudo, enfim, passar,
Céus, estrelas, terra e mar,
Pela cruz do Salvador,
Faz-nos no Teu grande amor,
Contigo estar!"
355;EIS OS MILHÕES;;"Eis os Milhões que, em trevas tão medonhas
Jazem perdidos sem o Salvador!
Quem lhes irá as novas proclamando,
Que Deus, em Cristo, salva o pecador?

‘Todo o poder o Pai me deu
Na terra, bem assim no céu!
Ide, pois, anunciai o evangelho,
E sempre Eu estou convosco!’

Portas abertas, eis por todo o mundo!
Servos, erguei-vos, eia avante andai!
Crentes em Cristo, uni as vossas forças,
Da escravidão os povos libertai!

‘Oh! vinde a mim!’ a voz divina clama,
‘Vinde’ clamai em nome de Jesus!
Que pra salvar-nos do castigo eterno,
Seu sangue derramou por nós na cruz.

Ó Deus, apressa o dia tão glorioso,
Em que os remidos todos se unirão
Num coro excelso, santo, jubiloso,
Pra todo o sempre glória a Ti darão!

Trad.: Henry Maxwell Wright (1849-1931)"
356;Ele habita (He abides);D;"Ele habita, Ele habita
Aleluia, Ele habita em mim
Regozijando noite e dia
Andando na estreita via
E o Consolador habita em mim
Regozijando noite e dia
Andando na estreita via
Vendo a mão de Deus em toda a minha vida
A razão da minha alegria
O segredo dessa lida:
É que o Consolador em mim habita
Com coração cheio de pecado
Sem paz e preocupado
Quando soube que Jesus morreu por mim
Então prostrei-me a Seus pés
Em Seu Amor me encontrei
Logo o Consolador em mim habita

Está comigo em todo tempo
Dando o que eu preciso
Posso voar como a águia em alto céu
Seu Espírito me controla
Me selou por inteiro
Pois o Consolador em mim habita
Já não tenho apetite
Pelas coisas desse mundo
Pois há muito tempo, delas desisti
As trevas viraram dia
E o fardo mais suave, pois
O Consolador em mim habita"
357;Ele me conforta;E;"Atravessarei os montes e as pedras pularei
Com o meu Senhor ao lado minha cruz pesada leve
sentirei

Ele me conforta, Ele me anima com Ele vencerei
Ele me conforta, Ele me anima com Ele vencerei

Mesmo se houver barreiras e o pavor me sobrevier
Ele estando ao meu lado nada temerei com Ele vou
subir

E fim no fim da jornada a vitória eu terei
Vou morar no Lar Eterno e ali jamais lutas eu terei"
358;Ele Sabe Eu Nome (He Knows My Name);A;"Ele sabe quantas estrelas há no céu
O quanto de areia há na praia
Cada pássaro que cai
Criou as montanhas e mares
Tem o controle de tudo
Toda criatura que há
Ele sabe meu nome
Cada passo que dou
Todo movimento que faço
Cada lágrima vertida
Ele sabe meu nome
Quando estou cheia de dor
Sem poder ver a luz do dia
Sei que vai ficar tudo bem
Porque Ele sabe meu nome
Ele sabe meu nome
Ele sabe meu nome

Amanhã não sei
O que vai acontecer
Não sei o que está reservado
Não tenho as respostas
Pra as perguntas da minha vida
Mas eu sei em quem tenho crido
Ele enviou
O profeta de última Era
Me predestinou para crer
Eu ouvi a voz
Mansa e delicada
E agora sei quem eu sou"
359;Ele é Maravilhoso (115 Isn’t He Wonderful);E;"Ele é maravilhoso, maravilhoso, maravilhoso
Não é Jesus, meu Senhor maravilhoso?

Olhos veem, ouvidos ouvem
A Palavra se cumprindo,
Não é Jesus meu Senhor maravilhoso?

Maravilhoso, maravilhoso
Jesus é pra mim
Conselheiro que traz paz
Deus forte Ele é

Me salvou, me livrou
Do pecado e vergonha
Maravilhoso redentor
Glória ao Senhor

Estava perdido e me encontrei sem condenação
Jesus me deu, liberdade e completa salvação

Me salvou, me livrou
Do pecado e vergonha
Maravilhoso redentor
Glória ao Senhor"
360;ELE É TUDO PRA MIM;;"Ele é tudo pra mim,
Ele é tudo pra mim,
Ele é o tesouro que eu tenho
Guardado em meu peito
Ele é tudo pra mim."
361;Eles Vem Do Leste e Oeste;C;"Eles vêm do leste e oeste
Eles vêm de terra de longe
Com o Rei Festejar, alegremente cear
Abençoados esse peregrinos
Contemplando seu rosto santo
Reluzindo no Amor Divino
Bendito portadores de Sua graça
Como pedras da coroa a brilhar

Jesus vem chegando logo
Nossas lutas vão ter um fim
Oh, Se nosso Senhor, Nesse momento vier
Pra quem está livre do pecado
Isso então nos traria alegria
Ou tristeza e desespero
Quando o Senhor em glória chegar
Nós o encontraremos no ar"
362;Elias dos últimos dias;E;"Deus nos tem enviado o profeta
Prometido na bíblia sagrada
Ele veio restaurar a fé que os apóstolos pregaram
Trouxe luz para noiva de Cristo
Que ansiosa espera ao Senhor
Sua mensagem prepara o eleito e o leva ao céu

Aleluia ao nosso bom Deus
Por tão grande mensagem de amor
Que nos traz o alimento da hora
E nos livra da perdição
Obrigado querido Jesus
Por tão brilhante luz divinal
Que nos faz ver a Ti revelado de forma real

Mensageiro dos últimos dias
Foi um homem humilde e simples
Dedicado ao serviço de Deus,
Sem vaidade ensinou
Não tratou de criar controvérsias,
Sobre o vivo evangelho eternal
Simplesmente nos trouxe a luz,
Os mistérios de Deus

Este Elias nasceu numa cabana,
Nunca teve riquezas aqui
Viveu sempre ajudando os irmãos,
Cultivando o amor,
Sob o lema de somente crer
Um exemplo de fé nos deixou
Sua missão foi unir os cristãos
Pra o retorno ao céu"
363;Em algum lugar atento;D;"Quando Cristo chamar eu ouvirei
Quando chamar por mim responderei
Quando Cristo chamar eu ouvirei
Estou atento a ouvir chamar meu nome

Em algum lugar atento
Em algum lugar atento
Em algum lugar atento a me chamar

Em algum lugar atento
Em algum lugar atento
Em algum lugar atento a me chamar

Com o coração puro Ele me chama
Com o coração puro eu ouvirei
Com o coração puro Ele me chama
Estou atento a ouvir chamar meu nome

Se o meu manto é branco Ele me chama
Se o meu manto é branco eu ouvirei
Se o meu manto é branco Ele me chama
Estou atento a ouvir chamar meu nome"
364;EM CADA LUGAR;;"Se já estás salvo por Cristo, o Senhor
Dize-o em cada lugar!
E se ele perdido te achou, pecador
Dize-o em cada lugar!

Irmão! Irmão!
Dize-o em cada lugar!
Se tu os perdidos quiseres salvar,
Dize-o em cada lugar!

Se Cristo expiou tua culpa na cruz,
Dize-o em cada lugar!
Se sabes que te ama e que ao céu te conduz
Dize-o em cada lugar!

Se queres servir a Jesus por amor,
Dize-o em cada lugar!
Se tens boas-novas do teu Salvador,
Dize-o em cada lugar!

Se tu és herdeiro com Cristo nos céus,
Dize-o em cada lugar!
Até a presença chegares de Deus,
Dize-o em cada lugar!

Trad.: Ricardo Jacob Inke (1880-1936)"
365;EM JESUS;;"1. Em Jesus, vivendo cada dia,
Em Jesus eu tenho alegria!
Em Jesus, oh doce harmonia!
Em Jesus desfruto a paz de Deus

2. Em Jesus na rocha inabalável
Em Jesus, no homem incomparável!
Em Jesus, no Deus tão adorável!
Em Jesus, o mal não temerei!

3. Em Jesus, a graça é infinita,
Em Jesus, oh, benção inaudita!
Em Jesus minh’alma é bendita
Em Jesus eu tenho a salvação!

4. Em Jesus não temo o mal e a morte
Em Jesus estou firmado e forte!
Em Jesus meu barco ruma ao norte;
Em Jesus eu sempre hei de vencer!"
366;EM JESUS TENS A PALMA DA VITÓRIA;;"Tentado, não cedas, ceder é pecar,
Melhor e mais nobre, será triunfar,
Coragem, ó crente, domina o teu mal.
Deus pode livrar-te de queda fatal.

Em Jesus tens a palma
Da vitória, minh’alma;
E também doce calma
Pelo sangue da cruz!

Evita o pecado, procura agradar
A Deus, a quem deves no corpo exaltar;
Não manches teus lábios com impura voz;
Defende tua alma do vicio atroz.

Sê manso e benigno, qual morto até.
Na rocha eterna, firma tua fé;
Veraz é teu dito: de Deus é teu ser?
T’espera a coroa, tu podes vencer."
367;EM ORAÇÃO;;"Ouve, ó Deus, a nossa prece,
Feita em Nome de Jesus;
Teu amor nos enaltece,
Dá-nos fé, vigor e luz.

Hoje temos este ensejo
De pedir a Ti, Senhor,
Que nos guardes no desejo
De servir ao Salvador,
Nosso Mestre Benfazejo,
Que nos livra, com amor,
Do maligno e vil cortejo
Do infernal enganador.

Livra-nos, Senhor, de tudo
Que perturba a nossa paz
e reveste-nos do escudo
De uma fé real, veraz,
Para, em todo transe agudo,
Derrotarmos Satanás,
Pois da tua lei o estudo
Forças novas sempre traz."
368;EM TEUS BRAÇOS;;"Em teus braços eu me escondo,
Onde sempre quero estar;
Ao teu lado, protegido, eu desejo caminhar.
Inimigos me perseguem, eu sucumbo, ó Salvador!
Muito aflito te suplico: auxilia-me Senhor!

Em teus braços eu me escondo,
Onde sempre quero estar;
Ao teu lado, protegido,
Eu desejo caminhar.

Em teus braços eu me escondo,
Pois sem ti não posso andar;
Com o coração aflito venho a ti para implorar:
Oh! Escuta, Cristo os rogos que te faço com fervor!
Dá-me abrigo nos teus braços e protege-me Senhor!

Em teus braços eu me escondo,
Onde possa repousar
A minha alma tão cansada, e um abrigo possa achar.
Já eu creio que me atendes, eu confio em ti, Senhor;
Nos teus braços abrigado, bem seguro estou, Senhor!"
369;Emanuel;Dm;"Emanuel, Emanuel
Seu nome é, Emanuel
Deus conosco
Revelando em nós
Seu nome é, Emanuel"
370;ENCHA-ME COM TEU ESPÍRITO;;"[coro]
Encha-me com Teu Espírito
E com a vida eternal
Pra viver a cada dia até o fim
Vencendo toda luta infernal

Encha-me com Teu Espírito
Senhor é a minha oração
Pela graça tome este peregrino
E às alturas hei de voar então.

1. O meu desejo é viver a cada dia
Redimido até o tempo se cumprir
Por amor e também misericórdia
Tua humildade em mim quero sentir.

2. Ante ao Deus de julgamento venho
A responder pelos atos cometidos
Por cada palavra que falei
Pela graça aqui estou redimido.

3. Esquecendo-me das coisas que passaram
Estou buscando uma mudança em meu ser
Até que amigos e amados não me vejam
Mas em mim somente a Cristo possam ver."
371;Enche o meu caminho com amor (Fill my way with love);D;"Encha o meu caminho com amor
Enquanto eu ando com a pomba do Senhor
Deixe-me ir o tempo todo
Com uma canção e um sorriso
Encha o meu caminho com amor
Deixe-me ir, Oh Senhor,
No caminho que tens feito,
Levando direto pra terra celestial;
Animando no caminho,
O triste e o solitário,
Encha meu caminho com amor.

Me mantenha ao Teu lado
Meu Guia e Salvador
Não me deixe nas trevas vagar
Me afasta de toda ira
E satisfaz minh’ alma
Encha o meu caminho com amor
Logo a corrida findará
E não terei de viajar
Mas na casa celeste habitar
Cantarei canções ao Rei
Até no lado de lá
Encha o meu caminho com amor"
372;Entrando no meu coração;E;"Que mudança em mim fez o meu bom Jesus
Vindo ele ao meu coração
Deu-me paz divinal, deu-me gozo e luz
Entrando no meu coração

Entrando no meu coração
Entrando no meu coração
Que mudança em mim fez o meu bom Jesus
Vindo ele ao meu coração

Eu andava perdido, Jesus me salvou
Entrando no meu coração
Meus pecados sem conta, Seu sangue lavou
Vindo ele ao meu coração

Pelo vale da morte não temo passar
Com ele no meu coração
A cidade celeste me vai transportar
O guarda do meu coração"
373;ENTREGA O TEU CORAÇÃO;;"Ó alma triste, perdida,
Que vagas sem ter direção!
Aceita de Deus a vida,
Entrega teu coração!

Dá, hoje, a Cristo,
Teu coração, teu coração.
Pois nEle acharás a paz, o perdão,
Entrega teu coração.
Dá, hoje, a Cristo,
Teu coração, teu coração.
Pois nEle acharia a paz, o perdão,
Entrega teu coração.

Jesus não quer teu dinheiro;
De graça te dá salvação!
E gozo mui verdadeiro:
Entrega teu coração!

De Cristo ressuscitado
Aceita o vero perdão,
Se queres ser libertado,
Entrega teu coração.

Agora é o tempo aceitável
O dia em que há salvação.
A Cristo, meigo, adorável
Entrega teu coração."
374;ESCOLA DOS PROFETAS;;"A escola dos profetas não foi em quatro paredes.
Foi lá no meio do deserto, aonde Deus ensinou.
Foi ali que Deus ungiu os profetas do Senhor,
Pra pregar o evangelho com o assim diz o Senhor.

Na casa de uma viúva, um dia Elias chegou,
Pediu para ela um bolo e a viúva não negou.
O azeite da botija Elias multiplicou,
E a farinha da panela nunca mais faltou.

Um dia na minha casa Elias também chegou,
Com a mensagem de Deus meu coração alegrou,
Daquela hora em diante minha vida transformou,
E o pouco de fé que eu tinha o Senhor multiplicou.

Amigo que estás ouvindo, não deixe o tempo passar,
Em nome de Jesus Cristo vem hoje se batizar.
O Senhor está voltando para ao céu nos levar.
Não deixe para amanhã talvez a porta fechada está."
375;ESCRAVA RESGATADA;;"1. Eis a escrava resgatada
Grande preço Cristo deu;
Nem foi ouro, nem foi prata
Próprio sangue Ele verteu

[coro]
Tanto foi o Teu amor
Que por mim assim mostraste;
Pra remir meu cativeiro
Tua vida não poupaste.

2. Já agora que sou tua
Sem jamais a Ti perder,
Quero meu Senhor, servir-Te
Grata, e só para Ti viver.

3. Quero receber Teu jugo,
E em Teus passos caminhar.
Se por Ti eu sofro tudo,
Vou contigo em paz reinar.

4. Estas no céu, vivo eu na terra
Esperando Teu voltar;
Levarás então a escrava
Quando pra contigo ali ficar,

5. Todo amor por mim sentias
Padecendo a dor da cruz
Veste-me da Tua glória.
Vem,oh! Vem Senhor Jesus."
376;ESFORÇA A MINHA CORAGEM;;"1. Na minha angústia eu clamo ao Senhor,
E Ele me atende, ouve meu clamor.
Contemplo ao meu Deus pelo seu grande amor,
Esforça a minha coragem Senhor!

[coro]
Esforça a minha coragem Senhor,
Esforça a minha coragem Senhor,
Sem Ti sou tão fraco e não tenho valor,
Esforça a minha coragem Senhor.

2. Eu sei que estou num lugar muito alto
E se eu cair eu me despedaço,
E fico a orar ao meu Salvador,
Esforça a minha coragem Senhor.

3. Este mundo ingrato eu não posso vencer
Sem a Tua graça, sem o Teu poder,
Eu vou com Jesus na bonança e na dor;
Esforça a minha coragem Senhor.

4. Sei que esta jornada é dura e difícil
Mas eu me descanso nos braços de Cristo.
Só Ele é meu Deus meu libertador,
Esforça a minha coragem Senhor."
377;ESPERANDO;;"Bem ansiosos aguardamos
Tua vinda, ó bom Jesus,
Quando em majestade e glória
Tu voltares lá dos céus!
Removida, então, veremos
Toda dor, toda aflição;
Exultando, aplaudiremos
Tua glorificação!

Bem ansiosos aguardamos
Tua vinda, ó bom Jesus;
Pois, assim como subiste,
Voltarás do altos céus.
E nós, tuas testemunhas,
Com prazer e exaltação,
Exultando, aplaudiremos
Tua glorificação!

Bem ansiosos aguardamos
Tua vinda, ó bom Jesus;
Com os nossos bem amados
Gozaremos tua luz.
Quando Tu, Jesus, voltares,
Desfarás toda opressão;
Exultando, aplaudiremos
Tua glorificação!"
378;ESPÍRITO SANTO;;"Ó divino Preceptor,
Mostra-nos o Salvador!
Ó Tu, bom Consolador,
Enche-nos de santo amor!

Tu fiel Instruidor,
Com celestial favor,
Mostra como Te adorar,
Como culto a Deus prestar!

Santo Espírito de Deus,
Enche de fervor os teus,
Pra cantarem o louvor
De Jesus, o Salvador!

Vem, Espírito veraz!
Esta escuridão desfaz!
Enche-nos de santa luz,
Guia todos a Jesus!"
379;Esta alegria não vai mais sair;E;"Esta alegria não vai mais sair (3x)
De dentro do meu coração.
O fogo cai, o fogo cai,
O salvo em Cristo sabe para onde vai.
O fogo cai, o fogo cai,
O salvo em Cristo sabe para onde vai."
380;Esta casa é reservada para Deus;E;"Esta casa é reservada para Deus
Esta casa é reservada para Deus
Jamais o inimigo nela poderá tocar
Porque esta casa é reservada para Deus.

Josué foi destruir a Jericó
Mas a casa de Raabe não tocou;
Ele disse esta mulher ao Senhor se converteu
Esta casa é reservada para Deus.

Quando o crente está selado por dentro
Satanás selado fora ficará,
Quando ele bate na porta ouve algo lhe dizer
Esta casa é reservada para Deus.

Se o Espírito Santo está morando em mim
Neste mundo eu jamais terei prazer
Quando inimigo vem a me tentar eu lhe direi
Esta casa é reservada para Deus."
381;ESTA IGREJA NASCEU NO FOGO;;"Esta igreja nasceu no fogo,
Ela cresce no fogo, vai subir com fogo
Esta chama não pode apagar
No coração deste povo.
Não adianta o inimigo lutar,
É Jesus quem está espalhando fogo
Não adianta o inimigo lutar,
É Jesus quem está espalhando fogo.

Estou sentindo algo maravilhoso,
Ardendo em meu coração.
É meu Jesus glorioso,
Que está visitando esta congregação.

É Jesus que está operando,
Dentro da congregação.
É o poder lá do alto,
Que está alegrando nosso corações.

Cristo vai encher os vasos
Com o azeite da unção
Para deixar os soldados
Bem preparados pra santa missão."
382;Estamos muito alegres;E;"Estamos muito alegres
Jesus está aqui
Sentimos muito amor
Sentimos união

Sentimos que Jesus
Está aqui em nosso meio
Por isso temos paz no coração
Sentimos que Jesus
Está aqui em nosso meio
Por isso temos paz no coração"
383;ESTARÁS VIGIANDO?;;"Estarás tu vigiando, quando Jesus Vier?
Ansioso, esperando, quando Jesus vier?

Oh! Que noite! Solene noite!
Brilhará a tua luz, quando Jesus vier?
Ó, sê pronto, ó, sê pronto!
Ó, sê pronto, quando Jesus vier.
Ó, sê pronto, ó sê pronto!
Ó sê pronto, quando Jesus vier!

Ouvirás tu o bem-vindo, quando Jesus vier?
Darás o brado sorrindo, quando Jesus vier?

Só esperas preparar-te, quando Jesus vier?
Qual será a tua parte, quando Jesus vier?

Estarás tu jubiloso, quando Jesus vier?
Triste ou esperançoso quando Jesus vier?

Oh! Que culto glorioso, quando Jesus vier!
Cheio de sublime gozo, quando Jesus vier!"
384;ESTE ALGUÉM;;"1. Existe um alguém comigo
Que não vejo, mas pressinto;
Que comigo sofre as mágoas
Que no coração eu sinto

[coro]
É Jesus este alguém,
Este amigo singular!
E lá nas mansões celestes
Com Ele irei morar.

2. Quando estou mui pesaroso
E já prestes a chorar,
Ele vem me socorrer
E sofrer no meu lugar.

3. E quando o vale da morte
Eu tiver que atravessar,
Alguém minha mão segura
Prá que firme eu possa andar.

4. Então na eternidade
Para sempre eu louvarei.
Com este alguém ao meu lado
Feliz prá sempre serei."
385;ESTE MONTE SE MUDARÁ;;"Não com violência e nem por força
Por meu espírito, disse Deus
Não com violência e nem por força
Por meu espírito, disse Deus.

Este monte se mudará,
Este monte se mudará,
Este monte se mudará,
Por meu espírito, disse Deus."
386;ESTOU CONTENTE;;"Oh, como estou contente,
Feliz, meu coração!
Porque Jesus, meu Mestre,
Ouviu minha oração;
E livre já das trevas,
Agora vejo a luz;
Bendito seja Cristo,
Por mim levou a cruz!

Desamparado estive,
Mas Cristo me buscou;
Estive desviado,
Mas Ele me encontrou;
Seu sangue tão precioso
Da morte me remiu;
Em hora tão radiante
Da culpa me eximiu!

Perante o trono branco,
Oh, bem queria eu
Ver todos os remidos
Na glória lá no céu!
Oh, que inefável gozo
Ao ver meu Salvador,
E as hostes mui gloriosas
Cantando seu louvor!

Eu viverei pra Cristo
Enquanto aqui ficar,
Té quando ao lar celeste
Meu Mestre me chamar;
Feliz e sempre alegre
Serei no eterno lar,
Cantando as aleluias
Ao Redentor sem-par!

Cantarei na sua glória,
Cantaremos aleluia,
Jubilosos, lá no céu. (bis)"
387;ESTOU MARCHANDO;;"1. Estou marchando sempre para a glória
Aleluia, Aleluia.
Com Jesus eu quero estar mui brevemente
Aleluia, Aleluia.

[coro]
Aleluia cantarei na linda terra
Com Jesus o grande Salvador
Estarei sempre livre deste mundo
Na presença do meu querido Senhor.

2. Quando Cristo e seus anjos vier na glória
Aleluia, Aleluia.
Dou adeus a este mundo e vou-me embora
Aleluia, Aleluia.

3. O ditoso dia está quase chegando
Aleluia, Aleluia.
Quando todos os redimidos subiremos
Aleluia, Aleluia.

4. O milênio passará num só momento
Aleluia, Aleluia.
Este mundo vai ficar em sofrimento
Aleluia, Aleluia."
388;ESTOU PRONTO;;"Eu quero fazer o que queres, Senhor;
Serei sustentado por ti,
E quero dizer o que queres, Senhor,
Que o servo teu deva dizer.

Eu sei que há palavras de amor e perdão
Que aos outros eu posso levar,
Porque nas estrelas dos vícios estão
Perdidos que devo ir buscar.
Senhor, se com tua presença real
Tu fores pra fortalecer,
Darei a mensagem de servo leal,
Farei, meu Senhor, meu dever.

Eu quero encontrar um obscuro lugar
Na seara do meu bom Senhor;
Enquanto for vivo, sim, vou trabalhar
Em prova do meu grato amor.
De ti meu sustento só dependerá;
Tu, pois, hás de me proteger;
A tua vontade, sim, minha será;
E eu pronto o que queres a ser."
389;ESTOU SEGUINDO A JESUS CRISTO;;"1. Estou seguindo a Jesus Cristo
Deste caminho eu não desisto,
Estou seguindo a Jesus Cristo
Atrás não volto, não volto não

2. Atrás o mundo Jesus na frente,
Ele é o guia onipotente
Atrás o mundo Jesus na frente,
Atrás não volto, não volto não

3. Se me deixarem os pais e amigos
Se me cercarem muitos perigos
Se me deixarem os pais e amigos
Atrás não volto, não volto não.

4. Depois da luta vem a coroa,
A recompensa é certa e boa;
Depois da luta vem a coroa,
Atrás não volto, não volto não."
390;Estou Seguro;E;"Que consolação tem meu coração
Descansando no poder de Deus!
Ele tem prazer em me proteger
Descansando no poder de Deus

Descansando nos eternos braços do meu Deus
Vou seguro, descansando no poder de Deus

Sempre avante vou, bem contente estou
Descansando no poder de Deus
Tudo hei de vencer pelo seu poder
Descansando no poder de Deus

Não recearei, nada temerei
Descansando no poder de Deus
Tenho paz e amor junto ao meu Senhor
Descansando no poder de Deus

Lutas sem cessar hei de atravessar
Descansando no poder de Deus
Não me deixará, mas me susterá
Descansando no poder de Deus"
391;ESTRADA DA FÉ;;"Caminhando pela vida, vi um homem levantar
Do seu leito sofredor, vi também alguém sorrindo
Alcançando a vitória pelo poder do Senhor.
Percebi que ainda hoje, Jesus Cristo é o mesmo,
Para sempre assim será.
É um Deus de eterno amor,
Que transforma o pecador, grandioso Jeová.

[coro]
Este Deus ainda é, um Deus vivo de poder,
Ele está sempre operando no cansado
E abatido, é um Deus que tudo vê.
Este Deus ainda é, um Deus vivo de poder,
Ele está sempre operando no cansado
E abatido, é um Deus que tudo vê.

Vi passar o temporal, e em bonança prossegui.
Na estrada sem temor, segurança percebi,
Confiança recebi, pelo poder do Senhor,
Mas além de tudo eu vi, um perdido pecador
Dar um passo pra Jesus
Aceitando a salvação plena paz no coração
Pelo sangue lá na cruz."
392;ESTUDO BÍBLICO;;"Eis Samuel ouviu
Palavras de favor,
E muito se admirou,
Ouvindo o Criador!
Que dita, se Jesus assim
Viesse me ensinar a mim!

Não poderia estar
Com falta de atenção,
Por medo de pecar
De língua ou coração;
Mas sempre havia de escutar,
Ouvindo o grande Deus falar.

Pois na divina lei
Eu ouço a voz do Deus,
O santo, eterno Rei,
Falando-me dos céus.
Com reverente amor convém
Saber o que essa lei contém.

Eu devo, humilde, ouvir
A amável instrução,
e ao bom Jesus servir
De todo o coração;
Ser servo humilde, mas fiel,
Tal como o infante Samuel.

Sim, Deus agora está
Tão perto, tão real!
Oh, quão feliz será,
Com alma filial,
Dizer-Lhe, em hino de louvor:
“Escuto; fala, pois, Senhor!”"
393;Está chegando a hora;A;"Está chegando hora, está chegando hora
Está chegando hora da igreja de Cristo ir embora
Está chegando hora, está chegando hora
Está chegando hora da igreja de Cristo ir embora

Esta igreja que aqui tanto é pisada,
É criticada e sofre tanta humilhação
Pois brevemente ela será arrebatada,
Vai embora com Jesus para Sião
Por isso nós sofremos com prazer,
Porque sabemos que está chegando a hora
De um para o outro podemos dizer,
Prepara irmão está chegando a hora

Esta igreja vai embora com Jesus,
Vai para o Céu para as Bodas do Cordeiro
E este mundo vai ficar sem a luz
E o infiel vai ficar desespero
Porque já não haverá mais livramento,
Grandes tremores que aqui jamais se viu
Porque já aconteceu o arrebatamento
E a igreja de Cristo já subiu"
394;EU ALEGRE VOU;;"Perdido andei na escuridão,
mas Cristo me encontrou,
E com a luz do Seu amor
as trevas dissipou.

[coro]
Eu alegre vou na Sua luz,
pois Jesus agora me conduz;
Desde que me achou, da morte me livrou.
Ando sempre alegre Cristo me salvou!

No caso de se escurecer
de nuvens todo o céu,
Jesus bendito Salvador,
é luz que rasga o véu.

Andando estou na luz de Deus,
que doce comunhão,
Prossigo sempre com vigor,
deixando o mundo vão.

Lá face a face então
verei Jesus o Salvador,
O qual a Sua vida deu,
por mim vil pecador.

Winfield S.Weeden (1847-1908)
Judson W.V.Venter (1855-1939)"
395;EU AMO;;"EU O AMO

Eu o amo, eu o amo
Porque Ele primeiro me amou
E comprou-me a salvação
No madeiro, no calvário."
396;EU CONHECI JESUS;;"1. Eu conheci Jesus Como meu Salvador
Também eu Conheci como Meu curador,
(BIS)Sua luz Ele Me mostrou Também
E seu radiante Amor.

2. Sentindo esse Amor que bem Suave é
Deixei a pretensão O mundo e o Prazer,
(BIS) Oh glória Seja meu Senhor
Que me ajuda Vencer.

3.Confiando no Poder do meu Bom Salvador,
Espero eu vencer O astuto Tentador
(BIS) E Cristo Pode me livrar
Me ajuda em Minha dor

4. A palavra do Senhor me diz Prá confiar,
Que as dores Passarão a grande tribulação
(BIS) E em Jesus Me abraço eu
Prá ter Consolação."
397;EU CREIO NUM SER;;"1.Eu creio num Ser, que faz estremecer,
O mundo e o céu
É santo e Eterno de amor sempre terno
Que chama Jesus
Eu creio num Ser que teve o poder
Dos anjos criar,
E numa expansão que é sua mansão
Os fez habitar .

2. Eu creio num Ser, Senhor do poder,
Do tempo e progresso.
O espaço formou e nele fundou
O grande universo
Eu creio num Ser que faz florescer
Os campos e os prados;
Acalma as procelas, dá luz às estrelas,
E paz aos cansados.

3. Eu creio num Ser que faz renascer
As ervas do solo
O sol faz luzir e a chuva cair
Pra sábios e tolos;
Eu creio num Ser, que é no dizer,
No agir, no pensar,
É justo e bondoso, é Rei amoroso
Oh! Glória sem par."
398;EU CREIO, SIM;;"Te conhecer o amor sem fim,
Um pecador fui eu;
Em o meu pensar não houve lugar
Para Cristo e o céu.

Eu creio, sim, Já creio, sim,
Jesus morreu por mim;
Pelo sangue Seu, que Ele verteu,
Libertado fui por fim.

Pois, quando vi Jesus por mim,
Sofrendo sobre a cruz,
O meu coração, sem hesitação,
Recebeu o amor e a luz.

Com lágrimas, pedi perdão,
E dor, também senti;
Veio, então, Jesus, e a mim falou:
“Foi por ti que Eu morri”.

Eu sei que Deus, no Filho Seu,
Me vê perfeito e são;
Não há mais temor, só bendito amor,
Gozo no meu coração."
399;EU ERA UM PECADOR;;"1. A minh’alma estava longe do caminho dos céus
Eu era cego e desprezível pecador,
Mas Jesus já transformou minhas trevas em luz
Quando Ele estendeu Sua mão para mim.

[coro]
Quando Jesus estendeu Sua mão
Quando Ele estendeu Sua mão para mim
Eu era um pobre,
Perdido sem Deus sem Jesus
Quando Ele estendeu Sua mão para mim

2. Agora me regozijo desde que o aceitei
E na tempestade eu posso sossegar
Pois com Ele estou liberto do perigo e do mal
Desde que estendeu Sua mão para mim."
400;EU NUNCA A JESUS DEIXAREI;;"Quando me lembro do meu bom Jesus
E como sofreu o meu rei,
Quero servi-lo cada vez melhor,
Eu nunca a Jesus deixarei.

[coro]
(BIS) Não! Não! Não, não, não.
Eu nunca a Jesus deixarei.

Lá no calvário sofreu Jesus
Ali penduraram meu rei,
Quero servi-lo cada vez melhor,
Eu nunca a Jesus deixarei."
401;Eu não vou me mover (I shall not be moved);E;"Jesus é Quem me salva, não vou me mover
Com Seu amor e graça, não vou me mover
Como uma arvore, plantada junto ao ribeiro,
Eu não vou me mover
Eu não vou
Não vou me mover
Eu não vou
Não vou me mover
Como uma arvore plantada junto ao ribeiro
Eu não vou me mover
Em Cristo permaneço, não vou me mover
Em Seu amor escondido, não vou me mover
Como uma arvore, plantada junto ao ribeiro
Eu não vou me mover
O alimento é a Palavra, não vou me mover
Ela é quem me guia, não vou me mover
Como uma arvore, plantada junto ao ribeiro
Eu não vou me mover

Glória e Aleluia! Não vou me mover
Minha Âncora é Jesus, não vou me mover
Como uma árvore, plantada junto ao ribeiro
Eu não vou me mover
Com Seu amor comigo, não vou me mover
Assim sigo confiante, não vou me mover
Como uma arvore, plantada junto ao ribeiro
Eu não vou me mover"
402;EU PRECISO DE TI;;"1. Eu preciso de ti ó Senhor,
Quando a morte ao meu lado chegar.
Eu preciso da tua presença,
Pra minha fronte elevar e alegrar

[coro]
Eu preciso da tua amizade
Não duvido que em ti há prazer.
Se na vida eu tiver dissabores,
Alegria contigo eu terei.

2. Eu preciso sentir teu amor,
Quando o mundo me abandonar.
Ao teu lado as angústias desfazem,
Se bem perto de ti para sempre eu ficar.

3. Eu preciso de ti ó Jesus,
És amigo na tribulação.
Em tuas mãos eu deponho meu ser
Pois tu guias meu passos e meu coração."
403;EU PRESSINTO;;"Eu pressinto que algo grande está a caminho.
Porque eu sinto que algo bom está aqui
A promessa de um estrondo desde os céus,
Oh! Irmão, qualquer dia pode ser.

Se o crente se humilha e clama a Ele.
E do céu em fé, espera enquanto ora,
Eu pressinto que algo bom está a caminho.
Oh! Irmão, qualquer dia pode ser."
404;Eu pressinto que algo grae;E;"Eu pressinto que algo grande está a caminho.
Porque eu sinto que algo bom está aqui
A promessa de um estrondo desde os céus,
Oh! Irmão, qualquer dia pode ser.

Se o crente se humilha e clama a Ele.
E do céu em fé, espera enquanto ora,
Eu pressinto que algo bom está a caminho.
Oh! Irmão, qualquer dia pode ser."
405;Eu quero andar nas ruas de ouro;E;"Eu quero andar nas ruas de ouro com Jesus (2X)
Eu quero andar nas ruas de ouro (2X)
Eu quero andar nas ruas de ouro com Jesus
E lá na nova Jerusalém (3x)
Eu quero andar nas ruas de ouro com Jesus"
406;EU QUERO ENTRAR NO SANTUÁRIO;;"Senhor eu quero entrar
No santuário pra te louvar
Senhor eu quero entrar
No santuário pra te louvar.

[coro]
(BIS) Oh! Dá-me mãos limpas
E um coração puro
Afasta a vaidade
Ensina-me a amar.

Senhor eu já estou
No santuário pra te louvar
Senhor eu já estou
No santuário pra te louvar

[coro]
(BIS) Já tenho as mãos limpas
E um coração puro
Já não sou vaidoso
Eu já sei amar."
407;EU QUERO SER UM COM O SENHOR;;"Meu Deus eu quero ser um com o Senhor,
Que eu esteja em ti e tu em mim seremos um.
E para as coisas deste mundo
Eu não olho mais
O meu desejo é ir embora para a casa de meu pai.
E para as coisas deste mundo
Eu não olho mais
O meu desejo é ir embora para a casa de meu pai.

Senhor Jesus aqui eu venho te adorar,
Tua presença quero sentir e me alegrar.
Quantas das vezes em meu quarto vou orar
Crendo neste Deus de Elias
De alegria pego a chorar.
Quantas das vezes em meu quarto vou orar
Crendo neste Deus de Elias
De alegria pego a chorar.

Aqui estou a tua face quero buscar,
Com o teu Espírito Jesus querido venha me selar.
Venha guiar nesta terra os passos meus
E assim serei seu filho
E o Senhor será meu Deus.
Venha guiar nesta terra os passos meus
E assim serei seu filho
E o Senhor será meu Deus.

No céu de luz há uma mesa preparada
Todos os fiéis de cada era estarão ali
Na grande ceia há uma alegria sem fim
Com Jesus o nosso noivo
Passearemos pelo jardim.
Na grande ceia há uma alegria sem fim
Com Jesus o nosso noivo
Passearemos pelo jardim."
408;EU QUERO VER;;"Eu quero ver, eu quero ver
O povo santo se alegrando.
Eu quero ver, eu quero ver
O povo santo se alegrando.

Eu quero ver o que era mudo,
Erguer os braços glorificando.
O homem cego de olhar perplexo
O paralítico sair andando.
O homem cego de olhar perplexo
O paralítico sair andando.

Eu quero ver lágrimas rolando.
Os inimigos se abraçar cantando.
Os pecadores confessar a Cristo
O Espírito Santo batizando.
Os pecadores confessar a Cristo
O Espírito Santo batizando.

Eu quero ver como será o dia
Que Jesus Cristo vier voltando.
De norte a sul de leste a oeste.
Sobre o som do clarim tocando.
De norte a sul de leste a oeste.
Sobre o som do clarim tocando.

Eu quero vê-lo de face a face,
Jesus Cristo glorificado.
Santos, profetas e patriarcas,
Reis, Juízes e Apostolado,
A grande festa dos Redimidos,
Eu quero ver Jesus Amado."
409;EU SOU DE JESUS;;"Eu sou de Jesus e Jesus é meu.
Já estou com pressa de ir morar com Deus,
As lutas são tantas mas eu não desisto.
Quero estar pronto para ir morar com Cristo.
As lutas são tantas mas eu não desisto.
Quero estar pronto para ir morar com Cristo.

No céu tem morada pra os filhos de Deus,
Jesus preparou pra você e eu.
A noiva daqui vai desaparecer,
Será num instante e o mundo não vai ver.
A noiva daqui vai desaparecer,
Será num instante e o mundo não vai ver.

João Batista veio Jesus veio também,
Elias já veio Cristo vai vir também.
Para o nosso lar nós vamos subir
Pode até ser hoje que Cristo vai vir.
Para o nosso lar nós vamos subir
Pode até ser hoje que Cristo vai vir.

Falo de Jesus e muitos não crêem,
Mas daqui uns dias é que você vai ver.
A tribulação vai se manifestar,
Mas Jesus vem antes para nos levar.
A tribulação vai se manifestar,
Mas Jesus vem antes para nos levar."
410;Eu só confio no Senhor;E;"Eu só confio no Senhor
Que não vai falhar
Eu só confio no Senhor
Vivo a cantar
Se o sol chegar a escurecer
E céu tornar
Eu só confio no Senhor
Que não vai falhar

Posso confiar
Posso confiar
Que lá do céu
Cristo vai me dá
Se o sol chegar a escurecer
E o céu tornar
Eu só confio no Senhor
Que não vai falhar"
411;EU TE LOUVO;;"Glória a Deus, o Pai Eterno,
Cujo trono é os céus;
O universo Lhe pertence.
Glória, sim, ao nosso Deus.

Eu te louvo! Eu te louvo!
Oh! Jesus, meu Salvador!
Dai-Lhe glórias, ó remidos!
Pois Seu sangue limpa o pecador.

Glória ao Filho, mui amado,
Que merece o louvor.
Demos glória ao Seu nome,
Ao Cordeiro, ao Redentor.

Demos nós, ao Santo Espírito,
Mil louvores por Seu dom;
Por Sua graça tão imensa,
Glórias Ele, Ele é bom!

Glória, glória ao Pai bendito,
Glória, glória a Jesus;
Glória dai ao Santo Espírito.
Ao Deus trino, nossa luz."
412;Eu tenho paz;E;"Eu tenho paz como um rio (2X).
Eu tenho paz como um rio, em minha alma.

Eu tenho amor como um rio (2X).
Eu tenho amor como um rio, em minha alma.

Eu tenho paz, amor e vida como um rio (2X)
Eu tenho paz, amor e vida como um rio, em minha
alma.

Eu tenho paz, amor e vida como um rio (2X)
Eu tenho paz, amor e vida como um rio, em minha
alma."
413;Eu tenho um amigo que me ama;E;"Eu tenho um amigo que me ama
Que me ama, que me ama
Eu tenho um amigo que me ama
Seu nome é Jesus

Jesus, Jesus, Seu nome é Jesus
Jesus, Jesus, Seu nome é Jesus

Eu tenho um amigo que guia
Me guia, me guia
Eu tenho um amigo que me guia
Seu nome é Jesus

Eu tenho um amigo que guarda
Me guarda, me guarda
Eu tenho um amigo que me guarda
Seu nome é Jesus"
414;EU TENHO UMA CASA;;"1. A minha casa humilde aqui
Não é como as outras, que às vezes eu vi
Mas não me importa, pois Cristo ali
Já tem preparado um palácio pra mim.

[coro]
Eu tenho uma casa, naquela cidade
Resplandecente, com celeste fulgor!
Da minha pátria, eu tenho saudades,
Hei de estar com Jesus meu Senhor.

2. Aqui no mundo, as lutas não cessam
As tentações me atacam sem fim.
Mas, muito em breve, de tudo me esqueço,
Gozando delícias preparadas pra mim.

3. Eu não sou pobre, nem desamparado;
Peregrinando, com Cristo, eu vou.
Não estou triste, nem desanimado
Participante de um reino eu sou."
415;EU VENHO DIZER;;"Eu venho dizer (BIS)
Ao meu salvador,
Que eu amo a Ti (BIS)
Co meu coração.
Eu venho dizer (BIS)
Toda a verdade!
Te amo Senhor, te quero Senhor
Com meu coração.
Eu quero cantar (BIS)
De gozo e de paz.
Eu quero chorar (BIS)
De felicidade,
Eu venho dizer (BIS)
Toda a verdade!
Te amo Senhor, te quero Senhor
Com meu coração."
416;Eu Voarei (I Fly Away);E;"Quando um dia essa vida terminar
Eu voarei
Pra uma casa na glória celestial
Eu voarei

Eu voarei, Oh glória
Eu voarei
Quando eu for eu darei um grande adeus
Eu voarei

Quando as sombras dessa vida se acabar
Eu voarei
Como um pássaro que voa pra longe
Eu subirei

Suportando mais uns dias e então
Eu voarei
Pra uma terra onde a alegria é eterna
Eu voarei"
417;EXALTAREI;;"1. Exaltarei o nome do meu Senhor;
Exaltarei o nome do meu Jesus.
Me libertou do triste império do mal,
E me transportou para o seu reino de luz.

2. Pelo seu amor, alcancei o perdão,
Pelo seu amor, desfruto da redenção.
Sou agora redimido, pelo seu sangue vertido,
Sua tumba vazia … A vitória anuncia.

[coro]
Ele é a imagem, do grande e uno Senhor,
O primogênito de toda criação, é meu Jesus.
Nele tudo subsiste: o universo e principados.
Nele está a plenitude do Senhor,
E Ele é meu Jesus.
Nele está a plenitude do Senhor,
E Ele é meu Jesus."
418;Excelso Deus (Awesome God);C;"Nosso Deus é o excelso Deus e Rei
Que governa a terra e o céu
Com poder e amor nosso Deus é o excelso Deus"
419;EXTRAVIADO;;"Bem longe de Deus eu andava,
Um pobre perdido fui eu;
Pensava que fosse impossível
Entrar a minha alma no céu.

Vaguei tão errante nas trevas,
Nem raio de luz vinha a mim,
E triste, cansada a minha alma,
Não via perdão para mim.

Estando no meio das trevas,
Bem clara uma voz eu ouvi,
Dizendo-me: “Sou poderoso
Pra dar salvação hoje a ti.”

Parei; era a voz do meu Mestre,
Falando palavras de amor;
Clamei: “Sou um pobre perdido;
Oh, tem compaixão, Salvador!”

Então me entreguei a meu Mestre;
Feliz Jesus Cristo me fez.
A todos eu vou proclamando:
Foi ele que me satisfez.

E quando, por graça de Cristo,
O céu alcançar afinal,
Louvores darei para sempre
A quem me deu vida eternal"
420;EXULTAÇÃO;;"A Deus demos glória, com grande fervor;
Seu Filho bendito por nós todos deu,
A graça concede ao mais vil pecador,
Abrindo-lhe a porta de entrada no céu.

[coro]
Exultai! Exultai! vinde todos louvar
A Jesus, Salvador, A Jesus, Redentor;
A Deus demos glória, porquanto no céu,
Seu Filho bendito, por nós todos deu.

Oh! graça real, foi assim que Jesus,
Morrendo, seu sangue por nós derramou!
Herança nos céus, com os santos em luz,
Comprou-nos Jesus, pois o preço pagou.

A crer nos convida tal rasgo de amor,
Nos merecimentos do Filho de Deus;
E quem, pois, confia no seu Salvador,
Vai vê-lo sentado na glória dos céus."
421;EXULTAÇÃO CC.15;;"EXULTAÇÃO

A Deus demos glória, com grande fervor;
Seu Filho bendito por nós todos deu,
A graça concede ao mais vil pecador,
Abrindo-lhe a porta de entrada no céu.

[coro]
Exultai! Exultai! vinde todos louvar
A Jesus, Salvador, A Jesus, Redentor;
A Deus demos glória, porquanto no céu,
Seu Filho bendito, por nós todos deu.

Oh! graça real, foi assim que Jesus,
Morrendo, seu sangue por nós derramou!
Herança nos céus, com os santos em luz,
Comprou-nos Jesus, pois o preço pagou.

A crer nos convida tal rasgo de amor,
Nos merecimentos do Filho de Deus;
E quem, pois, confia no seu Salvador,
Vai vê-lo sentado na glória dos céus."
422;EXULTAÇÃO DO CRENTE;;"Vinde, cantai e entoei
Louvores a Jesus,
Que, para nossa salvação,
Morreu na amarga cruz,
Seu sangue derramou, de tudo me lavou,
Mais alvo do que a neve me tornou.

O sangue de Jesus me lavou, me lavou!
O sangue de Jesus me lavou, me lavou!
Alegre cantarei louvores ao meu Rei,
A meu Senhor Jesus, que me salvou.

Vinde conosco vos unir
Na guerra contra o mal;
E com nosso Salvador,
Em marcha triunfal,
A todos proclamar, Sua graça e Seu poder.
Seu sangue derramou p’ra nos salvar!

O Capitão da salvação
É Cristo, o Salvador;
O Rei dos reis, o Redentor.
Jesus, nosso Senhor;
Ele tudo vencerá, vitória nos dará;
A glória salvos, nos conduzirá."
423;FACE A FACE;;"1. Em breve a vida vai findar;
Aqui não mais eu cantarei,
Porque no céu irei morar
Lá na presença do meu Rei.

[coro]
E face a face vê-lo-ei!
De graça salvo, cantarei!
E face a face vê-lo-ei!
De graça salvo, cantarei!

2. Chegando o dia de esplendor,
Quando Jesus me vier buscar,
Bem certo estou de que o Senhor
No céu a mim dará lugar.

3. Ali a voz me soará
De cristo eterno Redentor:
Fiel, bom servo, bem está
Desfruta o gozo do Senhor.

4. Por meu Jesus eu vou viver,
Fazer a minha luz brilhar,
E cada dia vou fazer
Aquilo que ao Senhor honrar."
424;FACE ADORADA;;"1. Desprezando toda dor eu vou a cantar,
E o calvário ao pecador, sempre apontar;
Flechas traspassaram-me, padeci grandor,
Mas Jesus,minha luz, fez-me vencedor.

[coro]
A face adorada de Jesus verei,
Com a grei amada no céu estarei;
Na mansão dourada, hinos vou cantar,
A Jesus, minha luz, que me quis salvar!

2. Pode a noite escura ser, no servir Jesus,
Mas, clamando com poder, brilhará a luz.
Podem os laços de satã todos me cercar,
Mas, Jesus, pela cruz, faz-me triunfar.

3. Se entre as ondas estou sem luz, quase a perecer,
Meu piloto é Jesus, pode me valer.
O meu barco guia bem, pelo bravo mar;
Sim, Jesus, me conduz, posso sossegar."
425;FACE DO CORDEIRO;;"1. Quando os sinais vierem surgindo como aurora
Raiar nas nuvens o verdadeiro filho de Deus
É como o sol quando sai do oriente
Todos verão a linda face do cordeiro.

[coro]
Meu Salvador em Ti confio fielmente
Que vou subindo pela escada de Sião
Pela fé Tu me ensina o caminho
Pela fé eu vou seguro em Tuas mãos.

2. Entre as nações Jesus deixou um aviso
Que não durmais o sono da maldição
Vigiai, vivei sempre preparados
Que a minha vinda é como a hora do ladrão."
426;FALA À MINHA ALMA;;"1. Fala à minha alma, ó Cristo,
Fala-me com amor!
Segreda, com ternura:
Eu sou teu Salvador!
Faze-me bem disposto,
Para te obedecer,
Sempre louvar Teu nome,
E dedicar-Te o ser.

[coro]
Faze-me ouvir bem manso,
Em suave murmurar:
Na cruz verti Meu sangue
Para te libertar
Fala-me cada dia,
Fala-me com terno amor.
Segreda ao meu ouvido:
Tu tens um Salvador!

2. Fala-me sempre, Cristo.
Dá-me orientação,
Concede-me alegria,
E gozo em oração.
Faze-me consagrado,
Mui pronto a trabalhar,
Para o Reino eterno,
A vinda abreviar.

3. Como na antiguidade,
Mostravas Teu querer,
Revela-me hoje e sempre,
Qual seja o meu dever.
A Ti somente eu quero,
Louvores entoar,
Teu nome eternamente,
Engrandecer e honrar."
427;FALA, FALA SENHOR;;"Fala, fala Senhor nesta hora,
Que ansioso te quero ouvir.
Teu falar dá valor e restaura,
E mais sábio me faz no porvir.

Ó bendito teu nome é eterno,
Que tu falas a quem me escutar.
Dê saúde e repouso superno
Dê alegria e paz eternal.

Fala, fala, Senhor que conservo,
Tuas palavras de vida e vigor.
Estou pronto a seguir-te com zelo
Pelas tuas veredas de amor.

Fala, fala, Senhor que eu ouço,
Tuas palavras com todo o fervor.
Pois conduzem ao eterno repouso,
São conselhos mui ricos de amor."
428;FAVOR;;"Deus de paz, aos peregrinos
Ouve com benigno amor,
E protege os pequininos,
Dando-lhes favor.
E protege os pequininos,
Dando-lhes favor.

Jesus Cristo, luz divina,
Bênçãos dá ao pecador;
Traze-o à fonte cristalina,
Dá-lhe teu favor.
Traze-o à fonte cristalina,
Dá-lhe teu favor.

Verbo eterno, Deus bondoso,
Ao cansado viajor
Manifesta-te amoroso,
Dando-lhe favor.
Manifesta-te amoroso,
Dando-lhe favor.

Rei divino, Rei amado,
Sê o nosso protetor;
Guarda-nos do vil pecado;
Dá-nos teu favor.
Guarda-nos do vil pecado;
Dá-nos teu favor.

Trad.: Salomão Luiz Ginsburg (1867-1927)"
429;Faz-me Entrar em Desespero (Lord make me desperate);E;"Faz-me entrar em desespero
Se não perecerei
Ajuda- me orar
Me alimentar da tua palavra
Não deixe o comodismo ficar
Aquele dia está pra chegar
Quero ter fome e sede de ti
Em desespero
O inimigo quer mostrar coisas a brilhar
Mas no céu o meu tesouro está
As coisas deste mundo não vão me aprisionar
Pois tua voz vou sempre escutar
E quando algo acontece
Eu não consigo entender
Vou pela fé me esforçar
Ao meu Senhor segurar
Não quero estar preso a nenhuma coisa daqui

Quero sabedoria pra vencer aqui
Entender os eventos que estão a se cumprir
Eclipse no sol, a terra chacoalhar
O mar revolto, furacões pelo ar
Rumores de guerras , homem a desmaiar
E o Filho do homem na fita pregar
Erguei as cabeças
A redenção mui próxima está"
430;FAÇA-SE A LUZ;;"Mestre consolador,
Ânimo abrasador
Em nós produz.
Paz, zelo, fé, poder
Sempre ansiamos ter!
Cumpra-se teu prazer:
Faça-se a luz!

Nunca tiveste igual,
Único és e imortal!
Dá-nos a luz!
Pai, santo é teu amor;
És eternal Senhor,
Terno Consolador,
Faça-se a luz!"
431;FELICIDADE NO SERVIÇO;;"No serviço do meu Rei eu sou feliz,
Satisfeito e abençoado;
Proclamando do meu Rei a salvação,
No serviço do meu Rei.

No serviço do meu Rei
Minha vida empregarei;
Gozo, paz, felicidade
Tem quem serve a meu bom Rei.

No serviço do meu Rei eu sou feliz;
Obediente e corajoso;
Na tristeza ou na alegria, sei sorrir,
No serviço do meu Rei.

No serviço do meu Rei eu sou feliz,
Jubiloso e consagrado;
Ao seu lado desafio todo o mal,
No serviço do meu Rei.

No serviço do meu Rei eu sou feliz,
Venturoso e decidido;
Quanto tenho no serviço gastarei,
No serviço do meu Rei."
432;FELIZ;;"Jesus sendo meu,
sou muito feliz!
Eu vou para o céu,
meu lindo país;
eu não o mereço,
sou vil pecador,
mas, crendo, conheço
meu bom Salvador!"
433;FICA CONOSCO;;"1. Dois discípulos, no caminho de Emaús,
Iam falando a respeito de Jesus;
Um viajante deles se aproximou.
Não perceberam que era o meigo Salvador.

[coro]
Fica conosco nosso amado e bom Jesus!
fica conosco pelo seu imenso amor!
Como os discípulos te pediram,
Na aldeia de Emaús:
“Fica conosco nosso amado e bom Jesus!”

2. Eles falavam a respeito de Jesus,
Varão profeta que foi poderoso em obras
Diante de Deus e todo o povo. Aleluia!
Este Jesus ainda hoje nos conduz.

3. Estando à mesa tomando o pão abençoou
Partiu e deu, e eles então o reconheceram
Cheios de gozo em ver o filho de Deus,
No mesmo instante ele desapareceu."
434;FICA JESUS MAIS UM POUQUINHO;;"1. É uma honra ter Jesus em nosso meio
Foi convidado e o primeiro a chegar
Sua presença é marcante eu até vejo
A sua glória inundando este lugar.

[coro]
Fica Jesus mais um pouquinho
Não vá sem eu antes lhe falar:
Que Tu és maravilhoso!
Tua presença marcou este lugar!

2. O culto hoje foi marcado em Tua homenagem
E o pastor mandou anunciar
Que desta igreja não faltasse nenhum membro
E que trouxessem outros para te louvar

3. Que bom Jesus foi achar este endereço
Melhor ainda foi que Tu nos atendeste
Podes entrar, fica vontade , a casa é a Tua
Não só a cada, mas aqui tudo é Teu.

4. Cada momento desse culto é importante
Tudo aqui é somente adoração
Até as lágrimas que rolam em cada rosto
São para Ti um sinal de gratidão."
435;FIDELIDADE;;"Por meus delitos expirou
Jesus, a Vida e Luz;
Ele o castigo meu levou
Na ensanguentada cruz.

Oh, faz-me forte em confessar
A Ti, Jesus, Senhor!
Oh, faz-me pronto a confiar
Em teu excelso amor!

E eu hei de ter não fraca voz,
Que trema, ao confessar,
A quem, com morte tão atroz,
Minha alma quis salvar?

Pois eu desejo aqui cantar,
Tão grande Salvador;
E, quando for no céu morar,
Louvá-Lo-ei melhor."
436;Fiel Amigo;E;"Cristo Jesus é fiel amigo
Ele só, Ele só
E nas fraquezas está comigo
Ele só, Ele só

E nas lutas de cada dia
Cristo nunca me deixa só
Pois Ele é meu seguro guia
Ele só, Ele só

Não há amigo mais nobre e digno
Não, não há, Não, não há
Nem mais humilde e mais benigno
Não, não há, Não, não há

Ao pecador perdoar anela
Ele só, Ele só
E pelos Seus santos sempre vela
Ele só, Ele só

Deus, em seu filho, Se há comprazido
Nele só, Nele só
Mas Sua glória me há repartido
Dele só, Dele só

Nele nós temos um firme guia
Nele só, Nele só
A noite enche de alegria
Ele só, Ele só"
437;FILHO PRÓDIGO;;"Ide meu filho procurar, já prestes a perecer.
No meio dos males, no pecar, sua alma a se corromper.

Oh! ide buscpa-lo já, oh ide buscá-lo já!
Oh com amor, com intenso fervor, oh ide buscá-lo já!

Oh quem me dera contemplar, agora esse filho meu.
Oh como desejo ve-lo entrar na senda que vai ao céu.

Oh! ide buscpa-lo já, oh ide buscá-lo já!
Oh com amor, com intenso fervor, oh ide buscá-lo já!

Ide buscar meu filho já, tão vil é o seu viver.
Trazei-me meu filho como está, pois tanto o desejo ter.

Oh! ide buscpa-lo já, oh ide buscá-lo já!
Oh com amor, com intenso fervor, oh ide buscá-lo já!

Robert Lowry (1826-1889)"
438;FILHOS DA LUZ;;"Filhos da Luz que desfrutais perdão,
amados do Senhor;
Erguei-vos com fervor e retidão,
vivei prá Seu louvor.
Conforme a glória desta herança,
marchai com toda a confiança;
Marchai com toda a confiança,
andando em Luz, andando em Luz.

Filhos da Luz em santidade e paz,
vós precisais andar;
Pedindo auxílio estável e eficaz,
pois tendes de lutar.
Contra inimigos arrojados, deveis
estar bem preparados;
Deveis estar bem preparados,
vivei na Luz, vivei na Luz.

Filhos da Luz nascidos sois de Deus,
fugi de todo o mal;
Com santo zelo demandai aos céus,
à casa paternal.
E vigilantes, não dormindo,
as horas com temor remindo;
As horas com temor remindo,
andai na Luz, andai na Luz.

Filhos da Luz quando afinal chegar,
o dia do Senhor;
Bendito o servo que Ele então achar,
servindo-O com amor.
Pois com prazer no céu entrando,
os salvos cantm exaltando;
Os salvos cantam exaltando,
a Deus em Luz, a Deus em Luz.

Desconhecido
Sarah P.Kalley (1825-1907)"
439;FILHOS DE DEUS;;"Amados, filhos somos já de Deus,
E há de revelar-se o que nós seremos
Quando o dia de Cristo raiar.
Havemos de nos transformar
Na semelhança de nosso Mestre,
E vê-lo-emos como é.

Que esperança tão gloriosa,
A de vermos nosso Deus!
Oh, que graça incomparável
Habitar nos altos-céus!

Vem, Jesus, querido Mestre,
Vem os teus do mal tirar,
Completar a tua obra;
Vem, oh, vem-nos libertar!"
440;FIM DO ANO;;"Já termina o ano velho;
Damos a Jesus louvor,
Que do mal nos tem guardado
Todo este ano com amor.

Cristo eterno, te rogamos
Que na eternidade além,
De teu Pai, no trono excelso,
Nós gozemos todo bem.

A verdade em nós conserva;
Tem nossa alma em proteção;
De doutrina falsa e ímpia
Livra nosso coração.

Do pecado nos afasta,
Nossos passos vem guiar,
E, esquecidas nossas culpas,
Um bom ano vem nos dar.

Dá-nos vida santa e justa,
Em teus passos sempre andar,
E, no dia derradeiro,
Junto a ti feliz lugar."
441;FIM DO CULTO;;"Queremos em amor
De teu favor viver.
De teu Espírito gozar,
E a graça receber."
442;FINAL DOS TEMPOS;;"1. Chegou o tempo de pensar
Nas coisas que são lá do céu!
Deixando este mundo mal
Com todos os pecados seus,
Buscai as coisas que são lá de cima,
Que já se aproxima o reino de Deus.
Buscai as coisas que são lá de cima,
Que já se aproxima o reino de Deus.

[coro]
Buscai as bençãos do Senhor;
Confiai em nosso Salvador.
Os sinais estão te declarando
Que vai se passando o que Jesus falou.
Vem a Cristo que Ele te reveste
Com o dom celeste, o consolador.
Vem a Cristo que Ele te reveste
Com o dom celeste, o consolador.

2. Como foi nos dias de Noé
Que em dilúvio tudo se acabou;
Também nos dias de Sodoma,
Deus com fogo tudo devorou
Mas com tudo não houve agonia
Como nesse dia que vem o Senhor!
Mas com tudo não houve agonia
Como nesse dia que vem o Senhor!"
443;FINDA LIDA TERRAL;;"1. Finda a lida terreal quando já do rio além,
Nessa vida tão gloriosa me encontrar.
Sei que lá meu Redentor sorridente eu hei de ver
Entre todos o primeiro a me saudar.

[coro]
Hei de ver meu Redentor
Redimido junto Dele eu hei de estar
Hei de ver Meu Salvador
Os sinais dos cravos hei de contemplar.

2. Ó que enlevo Divinal o seu rosto a contemplar
No crepúsculo do dia perenal.
Como então meu coração, Ó não há de ali louvar
Pela graça e compaixão celestial.

3. Pelas portas de Sião, com as vestes a brilhar
Onde ao noite e o pranto não se encontrarão
Entre canto angelical, há meus passos de guiar
Perto sim, mui perto eu hei de vê-LO então."
444;FIQUEI CURADO;;"Para Jesus, Senhor, olhando pela fé,
Curado já fiquei e foi real mercê,
Pois Deus assim o mundo amou,
Que o próprio Filho lhe mandou.

Oh, de Jesus as chagas comoventes são!
Afirmam que na cruz existe o meu perdão;
O meu resgate vejo assim,
Pois que Jesus morreu por mim.

Reconciliado estou, a voz de Deus ouvi;
Seu filho me tornou, salvou-me para si;
Seu Santo Espírito me deu,
Penhor e guia para o céu."
445;FIRME NA ROCHA;;"Que alicerce tendes pra construir? uma casa firme pra resistir;
Grande tempestade que há de chegar.
E a instável casa há de derrubar?

Nossa morada na Rocha está, Firme e segura ela ficará;
Quando o temporal contra ela der,
Há de resistir todo o seu poder!

Como faz a areia na fundação, fazem nossas obras na salvação;
Pois alguém que só em si mesmo crê,
No Senhor Jesus ainda não tem fé.

Nossa morada na Rocha está, Firme e segura ela ficará;
Quando o temporal contra ela der,
Há de resistir todo o seu poder!

Os cristãos porém que deveram creem,
Pelas obras mostram a fé que tem;
Sua fé firmada no Salvador.
Na maior procela, ei-los sem temor

Nossa morada na Rocha está, Firme e segura ela ficará;
Quando o temporal contra ela der,
Há de resistir todo o seu poder!

William James Kirkpatrick (1838-1921)
Priscilla Jane Owens (1829-1899)"
446;FIRME NAS PROMESSAS;;"1. Firme nas promessas de meu Salvador,
Cantarei louvores ao meu criador,
Fico na dispensação do Seu amor.
Firme nas promessas de Jesus.

[coro]
Firme, firme,
Firme nas promessas de Jesus, Meu Mestre
Firme, Firme,
Sim, firme nas promessas de Jesus.

2. Firme nas promessas, não irei falhar,
Vindo as tempestades a me consternar,
Pelo Verbo eterno eu hei de trabalhar
Firme nas Promessas De Jesus.

3. Firme nas promessas, sempre vejo assim
Purificação no sangue, para mim;
Plena liberdade gozarei sem fim,
Firme nas Promessas De Jesus.

4. Firme nas promessas do Senhor Jesus,
Em amor ligado com a Sua cruz,
Cada dia mais alegro-me na luz,
Firme nas Promessas De Jesus."
447;FIRMES NA FÉ;;"Campeões da peleja sagrada
O clarim chama à luta os fiéis!
Vamos nós, nessa arena bendita,
Conquistar os celestes lauréis!

Vamos já, com Jesus,
Arvorando o glorioso pendão!
Contra as trevas lutemos com Deus,
Sempre juntos do bom Capitão!

Sim, a luta do bem é suprema,
Quando, sob o comando de Deus,
A vitória é completa e segura,
Porque temos a ajuda dos céus.

Se o labor desta causa altaneira
Tem espinhos que podem ferir,
É nos céus compensado mil vezes
Pela paz do celeste porvir.

E, se o mundo atear os seus ódios
Contra nós, com maldoso desdém,
Não importa, isso nunca enfraquece
Os heróis da conquista do bem."
448;FIRMES NAS PROMESSAS;;"Firmes nas promessas do meu Salvador,
Cantarei louvores ao meu Criador
Fico pelos séculos no seu amor,
Firme nas promessas de Jesus!

[coro]
Firme firme, firme nas promessas de Jesus Meu Mestre,
Firme, firme, sim firme nas promessas de Jesus!

Firmes nas promessas não irei falhar,
Vindo as tempestades a me consternar.
Pelo Verbo Eterno eu hei de trabalhar, Firme nas promessas de Jesus!

Firmes nas promessas sempre vejo assim,
Purificação no sangue para mim.
Plena liberdade gozarei sem fim,
Firme nas promessas de Jesus!

Firmes nas promessas do Senhor Jesus,
Em amor ligado com a Sua cruz.
Cada dia mais alegro me na Luz,
Firme nas promessas de Jesus!

Russel Kelso Carter (1848-1928)"
449;FIRMEZA;;"Em nada ponho a minha fé, Se não na graça de Jesus;
No sacrifício remidor, No sangue do bom Redentor.

[Coro]
A minha fé e o meu amor estão firmados no Senhor;
Estão firmados no Senhor!

Se Lhe não posso a face ver, Na Sua graça vou viver;
Em cada transe sem falhar, Sempre hei de nEle confiar.

Seu juramento é mui leal, Abriga-me no temporal;
Ao vir cercar-me a tentação, É Cristo a minha salvação.

Assim que o Seu clarim soar, Irei com Ele me encontrar;
E gozarei da redenção, Com todos que no céu estão.

William Batchelder Bradbury (1816-1868)
Edward Mote (1797-1874)"
450;FOGO ABRASADOR;;"Eu nasci no fogo, fogo abrasador.
Fogo da promessa do consolador.
Quem nasceu no fogo da consolação,
Tem a chama viva no seu coração

Fogo que só queima a força do mal.
Fogo invisível porém é real.
Fogo que destrói pecados cruéis
Ele é o mesmo que foi visto por Moisés.

Quando o fogo veio lá do monte Orebe.
O servo de Deus olhar não consegue,
O fogo aquecendo e ele aproximava,
A sarça ardia porém não se queimava.

Quando no cenáculo o fogo caiu,
As línguas de fogo todo mundo viu.
Línguas diferentes de outros continentes,
Foram repartidas para aqueles crentes.

Quando a igreja está em santidade,
Este fogo desce sobre a mocidade.
Desce sobre o povo na congregação,
Desce sobre a banda no toque da canção."
451;FOGO DIVINO;;"Fogo divino, clamamos por ti;
Vem lá do alto, vem, desce aqui;
Ó vem despertar-nos com teu fulgor;
Vem inflamar-nos com teu calor.

Desce do alto, bendito fogo,
Desce poder celestial!
Desce do alto, bendito fogo,
Vem, chama pentecostal!

Desce, Espírito Consolador,
Desce e enche-nos de santo amor,
Desce ao mundo, nos mostra Jesus;
Dá-nos poder, vida, graça e luz.

Arde em minh’alma, ó chama de amor
Arde em meu peito e dá-me valor;
Consome todos os restos do mal;
Desce já, ó fogo pentecostal!"
452;Foi Graça;E;"Quando terminar esta vida, e lá no céu eu chegar
Haverá uma multidão de irmãos
Esperando pra me abraçar,
E perguntarão a uma voz, Voltados para mim:
Oh conta-nos como você irmão,
Venceu e chegou aqui
E falarei, e cantarei, foi Jesus que me salvou
Que por este pecador a si mesmo se entregou

Foi graça, graça, super abundante graça
Graça, graça, preciosa e doce graça
Foi graça irmão, graça irmão
Eu vos digo que foi assim
Foi só pela graça de Jesus
Que eu venci e cheguei aqui"
453;FOI NA CRUZ FOI NA CRUZ;;"Oh quão cego eu andei e perdido vaguei,
Longe, longe do meu Salvador;
Mas da glória desceu e Seu sangue verteu,
Pra salvar um tão pobre pecador.

[Coro]
Foi na cruz foi na cruz onde um dia eu vi,
Meu pecado castigado em Jesus!
Foi ali pela fé que meus olhos abri,
E eu agora me alegro em Sua luz!

Eu ouvia falar dessa graça sem par,
Que do céu trouxe nosso Jesus;
Mas eu surdo me fiz, converter-me não quis,
Ao Senhor que por mim morreu na cruz.

Mas um dia senti meus pecados e vi,
Sobre mim o castigo da lei;
Mas depressa fugi em Jesus me escondi,
E refúgio seguro nEle achei.

Oh que grande prazer inundou o meu ser,
Conhecendo este tão grande amor;
Que levou meu Jesus a sofrer lá na cruz,
Pra salvar um tão pobre pecador.

Ralph E.Hudson (1843-1901)
Isaac Watts e Ralph E.Hudson"
454;FOI UMA ESTRELA;;"1. Esta igreja esta Reunida em Homenagem,
Ao rei Jesus Que nasceu para Nos salvar.
Foi o seu Pai Que mandou Seu santo filho.
A este mundo pra Salvar o pecador.

[coro]
Foi uma estrela Que guiou Aqueles magos
Que ansiosos a Jesus foram Adorar.
Esta estrela esta Noite ainda brilha,
E a Jesus nós Vamos juntos adorar.

2. O meu Jesus não Está mais na Manjedoura
Mas lá no céu à direita de seu Pai.
Olha por nós e Com as mãos Poderosas.
Está descendo e Ajudando os Filhos seus.

3. Oh meu amigo Que escutas Estes versos,
Foram escritos Da palavra do Senhor
Não te detenhas E vem junto Adorar,
Ao rei menino Que nasceu pra Nos salvar."
455;FONTE BENDITA;;"Oh, vinde a fonte de sangue;
Vinde, sim, vinde a Jesus!
Paz e perdão vos outorga;
Vinde alcançá-los na cruz.

Vinde, pois, vinde depressa!
Cristo vos quer receber!
Oh, vinde à fonte de sangue,
Vinde vos satisfazer!

Tais como sois, vinde à fonte;
Ele vos receberá;
Todos os vossos pecados
Cristo Jesus limpará.

Eis a promessa do Mestre,
Feita ao que queira aceitar;
Vida na glória celeste,
Junto de Deus vai gozar.

Vinde a Jesus! Vinde a Jesus!
Não demoreis; vinde já, vinde já!
Paz e perdão vos outorga;
Vinde alcançá-los na cruz."
456;FONTE DA CONSOLAÇÃO;;"Alma, que aflita estás, Deus, Pai bondoso,
Em compaixão e amor, tem o poder
De te livrar do mal e dar-te gozo,
E sem demora em Jesus te esconder.

Ó meu irmão, se tens grandes tormentos,
Lembra-te, então, de Deus, teu Protetor;
Ele te livrará desses lamentos;
Só ele pode sarar tua dor.

Se pesaroso estás em tua vida,
Busca o teu Salvador, Cristo Jesus.
Ele com muito amor já te convida,
Cristo te ajuda a levar tua cruz.

Oh, que consolação temos em Cristo,
Pois da tristeza Deus nos livrará!
Sempre sustenta os seus; somos benquistos,
Ele nos ama e nos protegerá."
457;FONTE DE AMOR;;"Fonte de amor perene,
É manancial de luz;
Água da vida corre
Do trono de Jesus.
Calmo rio, belo rio,
Quero estar também
Onde as águas sempre correm,
Desse rio além!

Muitos cantar já foram
Celestes melodias
Ao som de santas harpas,
Em lindas harmonias!
Santo rio! Junto ao rio
Vou cantar também,
Onde as vozes nunca cessam,
Na Jerusalém!

Límpida fonte jorra,
Brilhante como a luz,
Água que dessedenta
Quem crer em meu Jesus.
Corre rio, calmo corre –
Corra assim a paz
Em minha alma para sempre –
Corra mais e mais!

Trad.: Leônidas Philadelpho Gomes da Silva (1854-1919)"
458;FONTE DIVINA;;"Eu creio, sim, eu creio, sim,
Jesus por mim morreu;
E sobre a cruz, pra me salvar,
Castigo padeceu.

Na cruz meu Cristo já pagou
O mal que cometi;
E pela morte que passou
A vida eu consegui.

Assim, pois, fez-me, com amor,
Andar no trilho seu;
Confio sempre com fervor
Em quem por mim morreu."
459;FRENTE OUSADA;;"Eia, às armas, camaradas!
Prestos já formai!
Destras firmes nas espadas,
Sem temor marchai!

Frente ousada aos inimigos;
É por nós Jesus!
Quer livrar-nos dos perigos
Quem morreu na cruz.

O combate já ferido
Com furor, sem dó!
Tropas, tudo jaz sumido
Em bulcões de pó.

Contra nós a lança, irado,
Satanás brandiu,
Um dos nossos, alcançado,
Vacilou, caiu!

Não ouvis no céu brilhante
Toques de clarim?
Vem Jesus, vem triunfante!
Venceremos, sim!

Trad.: Júlio César Ribeiro (1845-1890)"
460;FUJAMOS DA TENTAÇÃO;;"Sempre combatamos toda tentação,
Pois infelicita nosso coração;
Sempre dominemos toda vil paixão,
A Jesus seguindo sempre em união.

Em Jesus procuremos
Força, auxílio e graça;
Ele está nos ouvindo,
Ele no-los quer dar.

Das más companhias não queirais saber,
A Jesus não ouvem, querem vos perder.
Sede fervorosos, com bom coração,
A Jesus seguindo sempre em união.

Cristo galardoa só a quem vencer;
Ide, pois, avante, nada há que temer.
Oh, volvei pra Cristo vossa atenção,
A Jesus seguindo sempre em união.

Trad.: Manuel Antônio de Menezes (1848-1941)"
461;Fé mais fé;E;"Fé mais fé
Amor mais amor
Quem não tem, peça ao Salvador!
Pois sem fé e sem amor não pode agradar ao Senhor"
462;FÉ PERSISTENTE;;"Almejo a fé que forte é
Diante do terror,
Que, calma, não recuará
Do mundo aterrador.

A fé que não me faz queixar
Na dor da correção;
Mas, quando o fogo mais arder,
Mais firma o coração.

A fé que sempre brilha mais
No negro furacão;
Que no perigo sente paz,
Audaz na escuridão.

Ó Deus, me dá tamanha fé,
Que, venha o que vier
Aqui na lide provarei
Celestial prazer."
463;GLORIOSA AURORA;;"A gloriosa aurora vem,
Do dia em que lá em Belém
Nasceu de Deus, o Filho;
Que belo dia e de luz,
No qual p’ra nós desceu Jesus,
Do céu mostrando o trilho.
Quantos santos hoje lembram,
E relembram a história
De Jesus, o Rei da Glória!

Nasceu Jesus lá em Belém,
Trazendo-nos o sumo bem
Do céu – a liberdade;
Nos concedeu perfeita paz,
Consolação que satisfaz
Por toda a eternidade!
Como fomos desgarrados,
Desviados e perdidos!
Hoje somos redimidos!

Conosco Cristo habitará
Com Seu poder nos velará,
Nos dando livramento;
E sempre há de nos guiar
Pois Sua graça vai nos dar
Em todo o sofrimento,
Scuta: Luta sempre forte.
Té a morte, pois ajuda
Tens em Cristo, que não muda!

Jesus desceu p’ra nos salvar,
O sol da graça vem brilhar,
Alegres jubilemos;
Jesus, ó nosso bom Pastor,
Vem nos guiar com Teu amor;
Ali nós pertencemos;
Almas salvas, perdoadas,
Libertadas hoje oram,
Reverentes Te adoram!"
464;GLÓRIA;;"Há um lugar de paz no mundo além,
Dos salvos a feliz Jerusalém.
Oh, como dão louvor
A Cristo, o seu Senhor,
Cantando, com amor,
Sempre, sem fim!

Cristo vos quer salvar; vinde e vereis!
Oh, vinde sem tardar, não hesiteis!
Com ele ireis morar,
Paz com Jesus gozar,
E nunca mais pecar,
Sempre, sem fim!

Os que no céu estão Brilham na luz,
Gozando a salvação do bom Jesus,
Os que no céu estão, brilham na luz;
Ao lar dos santos vêm
Só os que nele creem,
E muita glória têm,
Sempre, sem fim!"
465;GLÓRIA A DEUS;;"Pelo sol que brilha, glória à Deus;
Pela flor que nasce, glória à Deus;
Pelos montes altos, glória à Deus;
Pelo mar também, glória à Deus;
Pelos passarinhos, glória à Deus;
Pela noite e o dia, glória à Deus;
Pela brisa alegre, glória a Deus;
Que de longe vem, glória à Deus;
Pelo alimento, glória à Deus, pela habitação;
Pela amizade, glória à Deus de irmão prá irmão

Glória à Deus, glória à Deus
Glória à Deus, glória à Deus.
Glória à Deus, glória à Deus
Glória à Deus, glória à Deus.

Por esses meninos, glória à Deus,
Por essas meninas, glória à Deus
Pela juventude glória à Deus.
Pelos anciãos glória à Deus.
Pela nossa pátria glória à Deus.
Pela liberdade, glória à Deus.
Pela caridade, glória à Deus, que alguém produz;
Pelos céus que um dia, glória à Deus,
Nos mandou Jesus."
466;GLÓRIA A JESUS;;"Glória, glória, aleluia!
Glória, glória ao nosso Salvador!
Glória a Jesus, glória a Jesus,
nosso grande Redentor!"
467;GLÓRIA AO MEU JESUS;;"Por mim sofreu o Salvador,
Glória! Glória ao meu Jesus!
Louvai, comigo, ao Redentor!
Glória! Glória ao meu Jesus!

Jesus! Jesus! Ó Salvador;
É doce o nome do Senhor;
Abrasa -me com santo amor;
Glória! Glória ao meu Senhor.

C’oa meus pecados carregou,
Glória! Glória ao meu Jesus!
E sobre a cruz me resgatou.
Glória! Glória ao meu Jesus!

Eu sei que perdoado estou,
Glória! Glória ao meu Jesus!
E, com certeza, ao céu eu vou!
Glória! Glória ao meu Jesus!

E, quando a guerra aqui findar,
Glória! Glória ao meu Jesus!
No céu, melhor, eu vou cantar,
Glória! Glória ao meu Jesus!"
468;GLÓRIA AO SENHOR;;"A nosso Pai do céu, tributa lábio meu, glória e louvor!
A quem Seu Filho deu, O qual por nós morreu!
A quem me prostro eu; Glória ao Senhor!

Louvemos ao Senhor, O santo Redentor, O Rei Jesus!
Sua morte me remiu, a mim tão pecador,
E assim o céu me abriu; Glória a Jesus!

Espírito de Deus; mandado por Jesus, louvor a Ti
De Cristo o grande amor, revela, Instruidor!
Sê meu renovador; louvor a Ti!

Louvemos com ardor, com gôzo e com fervor,
O trino Deus!
Eternamente ali, em canto abrasador,
Trindade santa, a Ti louvor nos céus!"
469;GLÓRIA E HONRA;;"Glória, honra e poderio,
sempre sejam ao Cordeiro,
Jesus Cristo nosso Mestre!
Aleluia! Aleluia!
Vinde todos O adorar!"
470;GLÓRIA NO PORVIR;;"Temos sombras neste vale,
Em que estamos a passar;
Mas das águas cristalinas
Já se vê o marulhar.
Eis que o bom Pastor segreda,
Ajudando a prosseguir:
Há, sim, sombras neste vale,
Mas há glória no porvir.

Glória no porvir!
Glória eterna no porvir!
Há, sim, sombras neste vale,
Mas há glória no porvir.

Temos sombras neste vale,
Mas fragrâncias ao derredor;
Pois as rosas da montanha
Nos transmitem sei olor.
O bom Mestre nos anima
Na subida a prosseguir:
Há, sim, sombras neste vale,
Mas há glória no porvir.

Mas as sombras deste vale,
De uma vez se desfarão,
Com a vinda mui gloriosa
Do Senhor da criação.
Eia, pois, ó vós, remidos,
Escutai-o a repetir:
Há, sim, sombras neste vale,
Mas há glória no porvir."
471;GLÓRIA PRA MIM;;"Quando meu tempo de lutas passar,
Quando meu Deus para si me chamar,
Grato, perante Jesus hei de estar;
Glória perene será para mim!

Sim, há de ser glória pra mim!
Glória pra mim! Glória pra mim!
Quando puder o seu rosto mirar,
Oh, há de ser grande glória pra mim!

Quando, por graça do seu grande amor,
Eu alcançar o infinito favor
De ir para perto do meu Salvador,
Glória perene será pra mim!

Muitos amigos ali hei de achar,
Paz, alegria, eternal bem-estar;
Mas quando meu Salvador me saudar,
Glória perene será pra mim!

Trad.: Salomão Luiz Ginsburg (1867-1927)"
472;GOZO DE TER SALVAÇÃO;;"Podes receber a doce paz de Deus,
Crendo em Jesus, que já desceu dos céus:
Toma, hoje, tua cruz,
Vem das trevas para a luz,
E, assim, mui gozo te dará Jesus!

Gozo de ter salvação,
Gozo no teu coração.
Alegria fruirás,
Quando desfrutares paz,
Que te trouxa Cristo, na cruenta cruz!

O amor de Cristo podes conhecer,
Seu sustento santo podes receber:
Não mais só combaterás,
Cristo te defenderá,
E, assim, mui gozo te dará Jesus.

Queres tu, de Cristo, fiel soldado ser?
Pelejar por Ele sempre sem temer?
Vem, então, ao Salvador;
Far-te-á mui vencedor,
E, assim, mui gozo te dará Jesus.

Poderás por Cristo ser aqui uma luz,
Se obedeceres ao Senhor Jesus!
Ó vem, hoje, sem temor,
Aceitar o Salvador,
E, assim, mui gozo te dará Jesus."
473;GOZO E PAZ;;"Oh, eu sou feliz, pois já creio em meu Jesus
Que por mim morreu, deu-me a vida e deu-me luz!
Sim, eu sou feliz, tenho a paz que Cristo dá
E eu agora sei que do mal me guardará.

Sim, feliz eu sou só por Cristo;
E por ele sou benquisto;
Em Jesus eu gozo esse dom veraz;
Seu amor me satisfaz.

Que prazer maior posso então ambicionar
Do que ter Jesus e com ele sempre andar?
Mais prazer não há! Só Jesus me dá perdão,
Só Jesus concede gloriosa salvação.

Alegria e paz gozo em meu bom Salvador;
Neste mundo vil é Jesus meu Protetor.
Gozo infindo achei pela fé no eterno Rei;
Paz perfeita, paz no Senhor já encontrei."
474;GOZO EM JESUS;;"Oh! que gozo sinto em Jesus,
Que por mim expirou na cruz;
A minh’alma deu divina luz,
Glória a meu Jesus!

Quanta glória velo em Jesus,
Gozo santo e bendita luz,
Cujos raios brilham lá na cruz,
Na qual ,morreu Jesus.
Sempre avante quero eu andar,
Té no céu chegar.

Livre do pecado já estou,
Do abismo me retirou,
Sobre a rocha eterna me firmou;
Glória a meu Jesus!

Divinal louvor Jesus me deu;
Harmonia que vem do céu;
Cantarei, alegre, Cristo é meu,
Glória a meu Jesus!

Esta nova hei de proclamar;
Muitos hão de assim chegar,
E a glória receber, sem par,
Glória a meu Jesus!"
475;GRATA NOVA;;"Grata nova Deus proclama
Hoje, ao mundo pecador!
Doce nova revelada,
Lá na cruz do Salvador;
Cego e desviado, o homem,
Dos caminhos do Senhor,
Desconhece e desconfia
Deste Deus, o Deus de amor.

Grata nova, doce nova,
Vem dos lábios do Senhor;
Escutai com alegria:
“Deus é luz, Deus é amor”.

Com ofertas e obras mortas,
Sacrifícios sem valor,
Enganado, pensa o homem,
Propiciar Seu Criador,
Meios de salvar-se inventa;
Clama, roga em seu favor,
A supostos mediadores,
Desprezando o Deus de amor.

Luz divina, resplandece!
Mostra ao triste pecador,
Que na cruz estão unidos
A justiça e o amor.
Fala aos corações feridos,
Mostra-te, Deus Salvador;
E sem fim, proclamaremos:
“Deus é luz! Deus é amor!”"
476;GRATIDÃO NA LUTA;;"Com gratidão e com fervor
Cantemos já ao bom Senhor,
Pois seu poder nos libertou
E seu amor nos revelou.

Aceite-nos, Senhor, querido Salvador!
Aqui presente sê, dirige a tua grei,
A faze prosperar o nosso trabalhar:
Fazer o mundo todo teu nome conhecer!

Vem conservar-nos em união,
E encher-nos vem o coração
Do teu amor tão singular,
E em tua luz nos faze andar.

Pra bem lutar vem conceder
O teu favor e teu poder;
Ajuda-nos a prosseguir
No bom querer de te servir.

Trad.: Salomão Luiz Ginsburg (1867-1927)"
477;GRAÇA A DEUS;;"Graças ao bom Salvador,
que me livra do furor
do feroz destruidor!
Graças, graças a Jesus!

Graças ao fiel Pastor,
que morreu por grande amor
deste pobre pecador!
Graças, graças a Jesus!"
478;GRAÇA ADMIRÁVEL;;"Vinde aflitos pecadores, cheios de tristeza e dor.
A Jesus que vos convida com instante eterno amor.
Ele é forte, Ele é forte; confiai em Seu favor.
Ele é forte, Ele é forte; confiai em Seu favor.

Vinde pobres e famintos, e o favor de Deus buscai.
Fé bendita, toda a graça só em Cristo procurai.
Sem dinheiro, sem dinheiro, vinde a Cristo e já comprai.
Sem dinheiro, sem dinheiro, vinde a Cristo e já comprai.

A consciência diz bem claro: és indigno de favor.
Diz Jesus: Eu pelo indigno já morri, sou fiador.
Vinde logo, vinde logo; aceitai Seu rico amor.
Vinde logo, vinde logo; aceitai Seu rico amor.

Eis Jesus, Deus humanado, sobre o trono de esplendor.
Eis ferida a fronte e o lado, mostra o sangue redentor.
Isso basta, isso basta; vinde, vinde sem temor.
Isso basta, isso basta; vinde, vinde sem temor.

John Zundel (1815-1882)"
479;GRAÇA E SALVAÇÃO;;"Ide a mensagem ao mundo levar:
Salvação do Senhor!
Cristo Jesus aos perdidos quer dar
Graça e salvação!
Vede os aflitos nas trevas do mal,
Eis, como aspiram a paz divinal!
Ide levar-lhes o gozo eternal:
Graça e salvação!

Deste convite de perdão
Por todo o mundo a mensagem levai!
Este convite de perdão,
Antes da vinda do Mestre, pregai!

Forte é o braço daquele que dá
Salvação do Senhor.
Sua palavra declara que há
Graça e salvação!
Vós, ó remidos, bem alto cantai!
Ide, aos aflitos a paz proclamai!
Ide por todo lugar e mostrai
Graça e salvação!

Deus a mensagem por nós enviou:
Salvação do Senhor
São profundezas que nos revelou:
Graça e salvação!
Nós que sabemos da graça e do amor,
Vamos levá-los ao vil pecador!
Todos cantemos em alto louvor:
Graça e salvação!

Trad.: Ricardo Pitrowsky (1891-1965)"
480;GRAÇA INEFÁVEL;;"Oh, sim, qualquer que em Cristo crer
Perdão eterno vai obter
E vida nova receber.

Aquele que pecar, a morte sofrerá;
Quem aceitar Jesus, a vida alcançará.

Seu sangue derramou a fim de nos salvar,
E da condenação nos veio assim livrar.

Oh, vinde receber a vida e seu perdão,
E juntos possuir Jesus e a salvação!"
481;"GRAÇA; GRAÇA";;"1. A graça de Deus revelada
Em Cristo Jesus, meu Senhor,
Ao mundo perdido é dada,
Por Deus d`infinito favor!

[coro]
Graça, Graça,
A mim basta a Graça de meu Jesus;
Graça, graça,
A graça eu achei em Jesus.

2. Mais alta, que nuvens celestes,
Mais funda que profundo mar
A fonte da vida fizeste,
Na qual nos podemos fartar.

3. A graça de Deus, hoje prova,
Tu que vives na perdição,
Pois Ele te salva, renova,
Também limpa Teu coração!"
482;GRAÇAS DOU;;"1. Graças dou por essa vida,
Pelo bem que revelou
Graças dou pelo futuro
E por tudo que passou.

[coro]
Pelas bênçãos derramadas
Pelo amor, pela aflição
Pelas graças reveladas
Graças dou pelo perdão.

2. Graças pelo azul celeste
Pelas nuvens que há também
Pelas rosas do caminho
E os espinhos que elas tem

[coro]
Pela escuridão da noite
Pela estrela que brilhou
Pela prece respondida
E a esperança que falhou.

3. Pela cruz e o sofrimento;
E pela ressurreição
Pelo amor que é sem medida
Pela paz no coração.

[coro]
Pela lágrima vertida
E o consolo que é sem par
Pelo dom da eterna vida
Sempre graças hei de dar."
483;GRITEI, GRITEI;;"Meu barco encheu com a fúria do mar
Pedi a Deus ajuda pra não afundar.
Senti defendido diante do mar
Jesus com sua graça me veio livrar.

Foi quando gritei, gritei, gritei
Vem me ajudar
Jesus veio andando sereno
E tranquilo sobre o mar,
Entrou no meu barco
Estendeu sua mão e fez tudo acalmar.

A maré é forte mas eu vou lutar
Por cima das ondas poderei passar.
Cristo é meu piloto e sabe remar
Ao porto celeste poderei chegar."
484;GRÃO DE AREIA;;"Eu queria ter a fé de Abraão,
Eu queria ser forte como Sansão.
Lutar com o Anjo como fez Jacó,
Que lutou bastante, e dele Deus teve dó,
Eu queria ser como o profeta Jeremias,
Que por se lamentar, Deus sempre lhe ouvia,
Eu queria ser como o velho Simeão,
Que abrindo os olhos viu o autor da salvação.

[coro]
Mas como um grão de areia,
Nas mãos do Senhor.
Manda que vai eu vou, diz pra ficar eu fico,
E agindo assim com Deus não corro perigo.

Eu queria ter a paciência que teve Jó,
Que lutou bastante, e nunca ficou só.
Eu queria ser como o próprio Elizeu,
Que tocando a capa o rio lhe obedeceu.
Eu queria ser como Ana nossa irmã,
Que com oração o Messias aguardou.
Eu queria ser como a rainha Ester,
Que com humildade, lugar de honra alcançou."
485;GUARDA O CONTACTO;;"1. Queres neste mundo ser um vencedor?
Queres tu cantar nas lutas e na dor?
Queres ser alegre, qual bom lutador?
Guarda o contacto com teu Salvador.

[coro]
Guarda o contacto com teu Salvador
E a nuvem do mal não te cobrirá,
Pela senda alegre tu caminharás
Indo em contacto com teu Salvador

2. Queres tu com Deus a comunhão obter
Sua glória em ti sempre permanecer
Que o mundo possa Cristo em ti ver
Guarda o contacto com o Supremo ser

3. Deixe que o Espírito implante em teu ser
O amor de Cristo divinal prazer
Queres neste mundo todo o mal vencer
Guarda o contacto e terás poder."
486;GUIA, Ó DEUS;;"Guia, ó Deus, a minha sorte
Nesta peregrinação;
Frágil sou, mas tu és forte,
Não me largue a tua mão!

Nesta terra de inimigos
Ando às vezes com pavor;
Pelo meio dos perigos
Guia-me meu Salvador.

Nutre com maná celeste
Meu faminto coração;
O meu ser de paz reveste,
Livra-me da tentação.

Fonte cristalina abriste,
De onde as vivas águas vêm;
Nesta luta amarga e triste,
Faz-me aproveitá-las bem.

E, chegando ao fim da estrada,
O Jordão hei de passar,
E acharei no céu morada,
Que Jesus foi preparar.

Trad.: Richard Holden (1828-1886)"
487;GUIA-ME;;"1. Guia-me meu Salvador,
Sempre me conduz Senhor;
Certo, firme e forte estou
Pois, contigo andando vou.

Guia, guia
Sempre guia, Salvador
Com ternura, com amor
Guia-me meu redentor

2. Confiando sempre em Ti
Bom auxílio consegui
Oh! Dirige-me Senhor
Neste mundo enganador

3. Tu me guiarás a mim
Té chegar da vida ao fim
Para a terra do fulgor
Na presença do Senhor"
488;GUIA-ME SEMPRE;;"Aonde guiar-me meu Senhor
Eu seguirei por seu Amor,
É sua mão que me conduz.
Por mim ferida sobre a cruz.

Guia-me sempre meu Senhor,
Guia meus passos Salvador;
Tu me compraste sobre a cruz,
Rege-me em tudo meu Jesus.

Acho prazer em te seguir
Descanso e paz me faz sentir:
Doce é a mim o teu querer
Gozo me traz te obedecer.

Sigo sem medo o meu Senhor.
Que me encheu do seu amor;
Sentindo perto sua mão,
Posso cantar na escuridão.

Para o seu Reino me conduz,
Pelo jardim e pela cruz;
Lá ficou morto o velho “eu”
Lá meu espírito reviveu."
489;HERÓIS;;"Erguei-vos, cristãos! O clarim já soou;
À guerra vos chama quem vos libertou.
Os lombos cingidos, nas armas pegai;
À sombra da cruz, corajosos, lutai!

Oh, sede heróis!
Oh, sede heróis!
Sim, sede heróis,
E por Cristo lutai!

Das hostes do mal não tenhais mais temor;
Com zelo segui vosso bom Salvador!
Na santa peleja, formados, entrai;
À sombra da cruz, corajosos, lutai!

As forças do mal ide já enfrentar;
Das suas prisões os cativos livrar!
Valentes, a vossa firmeza mostrai;
À sombra da cruz, corajosos, lutai!

Trad.: Henry Maxwell Wright (1849-1931)"
490;HINO DA PROCLAMAÇÃO DA REPÚBLICA DO BRASIL;;"Seja um pálio de luz desdobrado
Sob a larga amplidão destes céus
Este canto rebel, que o passado
Vem remir dos mais torpes labéus!
Seja um hino de glória que fale
De esperanças de um novo porvir!
Com visões de triunfos embale
Quem por ele lutando surgir.

Liberdade! Liberdade!
Abre as asas sobre nós!
Das lutas na tempestade
Dá que ouçamos tua voz!

Nós nem cremos que escravos outrora
Tenha havido em tão nobre país…
Hoje, o rubro lampejo da aurora
Acha irmãos, não tiranos hostis.
Somos todos iguais! Ao futuro
Saberemos, unidos, levar
Nosso augusto estandarte que, puro,
Brilha, ovante, da Pátria no altar!

Se é mister que de peitos valentes
Haja sangue no nosso pendão,
Sangue vivo do herói Tiradentes
Batizou este audaz pavilhão!
Mensageiro de paz, paz queremos,
É de amor nossa força e poder,
Mas da guerra nos transes supremos
Heis de ver-nos lutar e vencer!

Do Ipiranga é preciso que o brado
Seja um grito soberbo de fé!
O Brasil já surgiu libertado,
Sobre as púrpuras régias de pé!
Eia, pois, brasileiros, avante!
Verdes louros colhamos louçãos!
Seja o nosso país, triunfante,
Livre terra de livres irmãos!"
491;HINO DE AMOR;;"1. Eu canto um hino inspirado
Por Jesus, meu Redentor.
Jamais aqui sou com tal fervor
Doce canto de amor.

[coro]
Oh, que belo hino Deus me deu,
Me pôs no coração,
Dulcíssima canção!
Oh, que belo dino Deus me deu,
Um hino do Divino amor!

2. Eu amo a Cristo que foi morto,
Sobre a cruz para me salvar,
Jesus um hino em meus lábios pôs,
Para Deus melhor louvar.

3. Quando estiver lá na glória,
Vendo os anjos a cantar,
Que belo hino vou ouvir então,
Lá no meu eterno lar!"
492;HINO NACIONAL BRASILEIRO;;"Ouviram do Ipiranga às margens plácidas
De um povo heróico o brado retumbante,
E o sol da liberdade, em raios fúlgidos,
Brilhou no céu da Pátria nesse instante.

Se o penhor dessa igualdade
Conseguimos conquistar com braço forte,
Em teu seio, ó liberdade,
Desafia o nosso peito a própria morte!
Ó Pátria amada, idolatrada, salve! salve!

Brasil, um sonho intenso, um raio vívido
De amor e de esperança à terra desce,
Se em teu formoso céu, risonho e límpido,
A imagem do Cruzeiro resplandece.

Gigante pela própria natureza,
És belo, és forte, impávido, colosso,
E o teu futuro espelha essa grandeza.

Terra adorada,
Entre outras mil, és tu, Brasil, ó Pátria amada!
Dos filhos deste solo és mãe gentil,
Pátria amada, Brasil!

Deitado eternamente em berço esplêndido,
Ao som do mar e à luz do céu profundo,
Fulguras, ó Brasil, florão da América,
Iluminado ao sol do Novo Mundo!

Do que a terra mais garrida
Teus risonhos, lindos campos têm mais flores;
‘Nossos bosques têm mais vida,
Nossa vida’, no teu seio, ‘mais amores’.
Ó Pátria amada, idolatrada, salve! salve!

Brasil, de amor eterno seja símbolo
O lábaro que ostentas estrelado
E diga o verde-louro desta flâmula:
‘Paz no futuro e glória no passado.’

Mas, se ergues da justiça a clava forte,
Verás que um filho teu não foge à luta,
Nem teme, quem te adora, a própria morte.

Terra adorada,
Entre outras mil, és tu, Brasil, ó Pátria amada!
Dos filhos deste solo és mãe gentil,
Pátria amada, Brasil!"
493;HINO VESPERTINO;;"Salvador, por ti guardados,
Desejamos descansar.
Os defeitos e os pecados
Tu nos podes perdoar.
Se de noite algum perigo
Contra nós puder surgir,
Teu amor nos dê abrigo
E nos deixe em paz dormir.

Dos teus olhos trevas densas
Não nos podem ocultar;
Teu cuidado nos dispensas
Num constante vigiar.
Se esta noite adormecemos
Para o nosso fim mortal,
Com certeza acordaremos
Na mansão celestial."
494;HINO À BANDEIRA NACIONAL;;"Salve, lindo pendão da esperança!
Salve, símbolo augusto da paz!
Tua nobre presença à lembrança
A grandeza da Pátria nos traz.

Recebe o afeto que se encerra
Em nosso peito juvenil.
Querido símbolo da terra.
Da amada terra do Brasil!

Em teu seio formoso retratas
Este céu de puríssimo azul.
A verdura sem par destas matas
E o esplendor do Cruzeiro do Sul.

Contemplando o teu vulto sagrado,
Compreende-nos o nosso dever,
E o Brasil, por seus filhos amado,
Poderoso e feliz há de ser.

Sobre a imensa nação brasileira,
Nos momentos de festa ou de dor,
Para sempre, sagrada bandeira,
Pavilhão da justiça e do amor!"
495;HISTÓRIA DE UM JOVEM;;"Eu vou contar a história de um jovem,
Que trazia muita paz e aqui peregrinou,
Suas palavras alegravam muita gente,
Até mesmo os doentes
que nunca soube o que é o amor.
Ainda pequeno ensinava os doutores
E mostrava os céus em cores
e a outra vida além,
Passou o tempo e a cidade ele voltou,
Em seguida ele chorou quando viu Jerusalém.

Quanta tristeza sentia a sua alma,
em ver aquele povo com sua ingratidão.
Muitos profetas ali foram massacrados,
mas falaram a verdade ai de ti Jerusalém.
Pelas montanhas e nos campos ele andava.
O Seu reino anunciava para aquela multidão,
muitos milagres ele ali realizava,
mas a turba o maltratava sem entender a salvação.

Porém seus dias apressavam velozmente,
embora aquela gente não souberam compreender.
Crucificaram o nosso bom salvador,
que nos trouxe muito amor, além disso o poder.
Volta depressa ó ovelha negligente.
Eu sei que és doente e está longe do curral.
Ainda é tempo pra chegar até o redil,
de onde você saiu bem antes do temporal."
496;HOJE A TEMPESTADE;;"1. Sopram ventos, sobre o meu viver
Deus porém, de tudo é sabedor
Meu pensar, também meu proceder
Posso descansar, em meu Senhor.

[coro]
Hoje a tempestade, sopram os ventos mil
Meu olhar levanto para os céus de anil.
Certamente as lutas, breve findarei
E seguro então com Cristo eu estarei.

2. No pecado, muito perdido andei
Mas um dia, a voz da cruz ouvi,
Meu Jesus morreu por mim eu sei,
Tanto amor jamais eu mereci

3. Breve, muito breve, muitos conhecerão
Que o tempo da graça terminou
Muitos hão de procurar perdão
Ai de quem a Cristo rejeitou."
497;HORA BENDITA;;"1. Hora bendita de oração.
Que acalma o aflito coração!
Que leva ao trono de Jesus
Os rogos para auxílio e luz.
Em tempos de cuidado e dor
Me refugio em meu Senhor;
Salvo do engano e tentação
Eu folgo na hora de oração.

2. Hora bendita de oração!
Quando a fervente petição
Sobe ao benigno Salvador
Que atende a voz do meu clamor.
Jesus me ordena a recorrer
Ao seu amor, ao seu poder;
Contente e sem perturbação
Espero a hora de oração.

3. Hora bendita de oração!
De santa paz e comunhão!
Desejo enquanto aqui me achar
Com fé constante, humilde orar;
E ao fim, no resplendor de Deus,
Na glória dos mais altos céus,
Me lembrarei com gratidão
De tão suave hora de oração."
498;HORA DE PARTIR;;"1. Está chegando a hora de partir
Prepara-te ó igreja pra subir
Vigia sempre firme em oração
É tempo de real consagração.

[coro]
Jesus em breve vem do céu
Em glória majestade e poder
Medita ó igreja de Jesus
Que dia glorioso há de ser.

2. Em breve os anjos vão anunciar
Que Cristo em grande glória vai descer,
A igreja triunfante subirá
E os crentes com Jesus irão viver.

3. E quando estivermos lá no céu
Em morte nunca mais se falará
O gozo, alegria e o prazer
No céu eternamente reinará."
499;Hosana Bendita Seja A Rocha;C;"Hosana
Bendita seja a Rocha
Bendita seja a Rocha
Salvadora

Glorifica ao Senhor, Pois Ele é digno de louvor
Jeová-jiré é o Seu nome, Ele provê o que preciso

Senhor Senhor Senhor

Senhor, Senhor, Senhor tem sido muito bom pra mim
Senhor, Senhor, Senhor tem sido muito bom pra min
Senhor, Senhor, Senhor tem sido muito bom pra min
Feito coisas que o mundo nunca fez

Salvou a minha alma quando tava perdido, tem sido muito bom pra mim

Salvou a minha alma quando tava perdido, tem sido muito bom pra mim
Salvou a minha alma quando tava perdido, tem sido muito bom pra mim
Feito coisas que o mundo nunca fez

Me encheu com Espírito Santo, tem sido muito bom pra mim
Curou o meu corpo, quando estava enfermo, tem sido muito bom pra mim
Me mostrou a Mensagem que me trouxe Paz, tem sido muito bom pra mm
Me deu o privilégio de ouvir a Sua Voz, tem sido muito bom pra mim
Me trouxe a Transmissão, tem sido muito bom pra mim"
500;HOSANA INFANTIL;;"Num sonho vi em resplendor
O céu de glória e luz;
Vi multidões, lá junto a Deus,
De salvos por Jesus.
Por entre a multidão feliz
Surgir crianças vi.
Cantando um coro angelical
Que ecoava até aqui:

Hosana! Hosana!
Ao nosso Salvador!
Hosana! Hosana!
Rendemos-te louvor!
Hosana! Hosana!
Ao nosso Salvador!
Hosana! Hosana!
Rendemos-te louvor!

Depois, a doce voz ouvi
De Cristo, o Salvador,
Que assim dizia aos servos seus,
Com puro e santo amor:
‘Não impeçais de vir a mim
Os seres infantis,
Porque dos tais é o santo céu,
Morada tão feliz.’

E, despertando, compreendi
Que infantes devem ser
Levados a Jesus, o Rei,
O que lhe dá prazer;
E sempre o sirvam com fervor,
Na terra aqui também,
E o louvem, como fazem lá,
Naquele coro além.

Trad.: Ricardo Pitrowsky (1891-1965)"
501;HOSANA NAS ALTURAS;;"Bendito o Rei que vem em nome do Senhor!
A quem nós esperamos;
ao qual nós adoramos!
Bendito o Rei que vem em nome do Senhor!
Hosana! Hosana! Hosana nas alturas!
Hosana! Hosana! Hosana nas alturas!
Os seus gloriosos feitos celebrai com fervor!
Em todo o vale soa nova pra nós tão boa!
Bendito o Rei que vem em nome do Senhor!

Bendito o Rei que vem em nome do Senhor!
Oh! rendam-lhe louvores,
a Cristo em seus fulgores!
Bendito o Rei que vem em nome do Senhor!
Hosana! Hosana! Hosana nas alturas!
Hosana! Hosana! Hosana nas alturas!
Ó vinde todos a Jesus, o Rei, Salvador!
Todos com alegria, vozes em harmonia!
Bendito o Rei que vem em nome do Senhor!

Bendito o Rei que vem em nome do Senhor!
Sim, vem tão majestoso
Jesus, o Rei bondoso!
Bendito o Rei que vem em nome do Senhor!
Hosana! Hosana! Hosana nas alturas!
Hosana! Hosana! Hosana nas alturas!
O Salvador seu povo chama a si com amor!
Venham os pequeninos! Venham já, os meninos!
Bendito o Rei que vem em nome do Senhor!"
502;HÁ LIVRE PERDÃO;;"Longe de Cristo só podes sofrer,
Mas nos seus braços há sumo prazer.
Em Deus há livre perdão!
Trevas te cercam? Oh, vem para a luz;
Paz, força e vida terás em Jesus
E pleno e livre perdão!

Cristo está pronto pra te perdoar!
Ó pecador, por que não aceitar?
Em Deus há livre perdão.

Basta pensar só no seu grande amor,
No seu sofrer e na morte de horror,
Pra ver que há livre perdão!
Arrependido, te entrega a Jesus,
Que te concede perdão pela cruz,
Sim, pleno e livre perdão!

Sim, há perdão para aquele que crer!
E mesmo agora tu podes obter
De Deus um livre perdão!
Cristo te espera, sim, vem como estás;
Oh, vem agora, pois receberás
Um pleno elivre perdão!"
503;HÁ MOMENTOS;;"Há momentos que as palavras não resolvem,
Só um gesto de Jesus, demostra amor por nós.

[coro]
Foi o calvário que Ele sem falar,
Demostrou ao mundo inteiro,
O que é o amar.

Neste mundo as desilusões são tantas,
Mas existe uma esperança,
É que Cristo vai voltar."
504;HÁ PAZ E ALEGRIA;;"Há paz e alegria no reino da luz;
Á pátria dos remidos, Jesus nos conduz,
No reino dos céus há gozo e paz;
Os filhos de Deus têm poder veraz.

Há paz e alegria no reino dos céus;
Os salvos lá entoam louvores a Deus;
Dai glória a Jesus! Porque nos amou;
Por nós o Seu sangue Ele derramou!

Jesus tem prometido o Consolador!
O Espírito Santo, o instruidor;
Também prometeu, no reino dos céus,
Um santo lugar, junto ao nosso Deus.

Firmado na promessa tão grande e eficaz,
Agora neste mundo desfruto a paz;
Espero Jesus, nas nuvens descer,
E na Sua glória me receber."
505;HÁ TRABALHO PRONTO;;"Há trabalho pronto para ti, cristão;
Que demanda toda a tua devoção;
Vem, alegremente, a Cristo obedecer,
Pois só tu, ó crente, o poderás fazer!

Por Jesus a trabalhar,
Prontamente, fielmente, trabalhar!
Em Servi-Lo, que prazer!
E só tu, ó crente, o poderás fazer.

Para cada crente, o Mestre preparou
Um trabalho certo, quando o resgatou,
O trabalho a que Jesus te chama aqui.
Como será feito, se não for por ti?

Pode ser humilde, mas se for p’ra Deus,
Ele é contemplado lá dos altos céus.
E o esforço feito não será em vão
Se tiver de Cristo, plena aprovação!

Quantos há perdidos, sem a salvação!
Quantos que precisam de consolação!
Como Cristo os ama, fá-los entender,
Pois só tu, á crente, o poderás fazer!"
506;HÁ UM CAMINHO SANTO;;"Há um caminho santo, ao céu de plena luz,
As vezes espinhoso, à glória nos conduz;
E o caminho certo pra todo pecador;
Jesus é o Salvador, Jesus é o Salvador.

Há paz inabalável pra quem está na luz;
Por preço incomparável
comprou-me a mim Jesus
O dom do Pai amado minh’alma satisfaz,
Jesus é minha paz, Jesus é minha paz.

Há um poder que sara o triste coração,
Que dá alívio à alma, paz e consolação,
E guarda minha veste, também, em nívea luz;
Poder de meu Jesus, poder de meu Jesus!

Há um fim glorioso, além do escuro véu;
No fim do espinhoso caminho está o céu;
E quando for tirado o véu da escuridão,
Verei Jesus, então, verei Jesus, então."
507;HÁ UM ESTÁDIO A CORRER;;"(BIS) Serei fiel
Precioso Jesus
Serei Fiel.

Há um estádio a correr
Há uma vitória a alcançar
A cada hora em meu viver,
Serei fiel"
508;Há um lugar para todos;E;"Há um lugar Para Todos
Entre a família de Deus
Muito amor e felicidade
Há um lugar para Ti!

Tem alimento na mesa
Para todos comer
Muito amor e felicidade
Entre a família de Deus!

Se em tua vida lhe faltam amigos
Venha a casa de Deus
Muito amor e felicidade
Entre a família de Deus!"
509;IDE;;"Cristo, divino Rei, para os perdidos
Lauto banquete mandou preparar;
Ide, pois, servos seus, ide apressados,
Os convidados fazei, pois, entrar.

Ide, pois, servos seus, ide apressados!
Cristo os famintos quer hoje fartar.

Se eles recusam vir, oh, com paciência
Novos convites a eles levai!
Sede animosos, ainda que zombem,
Vosso convite de amor renovai!

Cristo vos manda ir pelas estradas,
Mancos e cegos à ceia trazer;
Ide, pois, servos seus, ide apressados!
Cristo nas bodas a todos quer ver.

Trad.: William Edwin Entzminger (1859-1930)"
510;Igreja Primitiva;E;"Esta igreja é A primitiva,
E sempre foi a Igreja do Senhor.
Por isso ela é Uma igreja Viva,
E revestida do Consolador.

(BIS) Ela não cai, Não cai, não cai!
Porque Jesus do Meio dela não Sai

Esta igreja é A primitiva,
E sempre foi A igreja de Poder.
Trazendo sempre Uma mensagem Viva,
Pra converter todo que nele crer.

Esta igreja marcha Triunfante,
Porque existe Um povo Lutador.
Vivendo sempre Em Despertamento,
E combatendo contra o tentador

Esta igreja Quando se reúne,
Para buscar a Deus em Oração.
O fogo desce abrasadoramente
Trazendo gozo e Purificação.

Irmãos amados Vamos batalhar,
Não desanime Com as lutas Não,
Pois brevemente Cristo voltará
Nos levará Para a feliz Sião."
511;IGREJA UNIVERSAL;;"1. Por sobre a pedra que outros rejeitaram
A igreja Universal se levantou
E as portas do abismo se fecharam
Depois que o Cristo vivo triunfou.

[coro]
Tu és o Cristo o filho do Deus vivo
Vieste a tua noiva libertar
Vencendo o inimigo audaz e altivo
A salvação mandaste proclamar.

2. A igreja Universal tão gloriosa
Da qual Deus é o sábio construtor
Firmada tem suas bases poderosas
Na rocha eterna Cristo, o salvador.

3. E neste fundamento inabalável
Triunfa e marcha a igreja de Jesus
Falando do poder incomparável
Do sangue que vertido foi na cruz."
512;IGREJA, ALERTA;;"É tempo, é tempo, o mestre está chamando já!
Marchar! Marchar! Confiando em seu amor!
Partir! Partir! A salvação a proclamar,
Com a palavra santa do bom Salvador!

Sim, marchar avante!
Todos seguindo a divinal bandeira!
Sim, marchar avante!
Unidos, firmes sempre no avançar!
Glória, glória, eis que canta a multidão!
Consagrai-lhe todo o vosso coração
Pra Jesus obedecer!
E ao cumprir o seu querer
Entoai louvores altos! Avançai!

‘Queremos luz’ – é o grito das nações pagãs,
Que vem atravessando o imenso mar.
Ir já, sim, já, levando as novas com amor,
Sem esquecer também aqui de semear.

Desperta, igreja! O teu poder vem exercer;
A todos faze Cristo conhecer;
A tua mão estende com paciente amor,
Da morte eterna esforça-te para os deter.

Igreja, alerta! O dia prometido vem,
Quando aclamado o Salvador será;
Por toda parte o bem amado Redentor
Eterna glória, honra com louvor terá.

Trad.: A. J. Rodrigues da Silva"
513;IGUAL A DANIEL;;"Meu irmão, procura ser
Igual a Daniel!
Resoluto em combater
O usurpador cruel!

Faze com o Daniel!
Serve o eterno Deus;
Entre os infiéis, fiel,
Marcha para os céus!

Em coragem singular,
Leal sê tu ao Rei!
Sempre ousado em proclamar
Jesus a sua lei!

Fortalece o coração,
E deixa a timidez!
Muitos males cairão
Perante a intrepidez!

Trad.: Sarah Poulton Kalley (1825-1907)"
514;IMPORTARÁ;;"Importará ao Senhor Jesus
Que eu viva no mundo a ter
O meu coração cheio de aflição?
Sentirá meu triste viver?

Oh, sim, eu sei, Jesus bem vê
O que eu estou a sofrer;
Em cruel peleja, pavor, inveja
Jesus me quer valer.

Importará ao Senhor Jesus
Que eu viva com dissabor,
Por andar sem luz, que me vem da cruz?
Sentirá, pois, meu Salvador?

Importará ao Senhor Jesus
Que eu caia na tentação?
Se Satã puder minha fé vencer,
Me dará de novo o perdão?

Importará ao Senhor Jesus
Se a morte ferir meu lar?
E que diga aDeus aos queridos meus
Sentirá Jesus? Pessará?"
515;INABALÁVEL;;"Aleluia! Aleluia!
Aleluia por Jesus!
Aleluia! Aleluia!
Quem triunfa é só Jesus!

É sempre vencedora a cruz. Aleluia!
Aleluia!
Pois testifica de Jesus. Aleluia! Aleluia!
Sua graça ali brilhou,
Seu amor se nos mostrou,
Plena paz se efetuou!
Aleluia pela cruz!

Ali rendeu o Salvador, aleluia, aleluia,
A vida pelo pecador. Aleluia! Aleluia!
Foi ali que triunfou,
Salvação nos outorgou,
Sim, o céu nos conquistou!
Aleluia pela cruz!"
516;INCOMPARÁVEL;;"O grande amor de meu Jesus,
por mim morrendo sobre a cruz,
da perdição pra me salvar,
quem poderá contar?

[coro]
Quem pode o seu amor contar?
Quem pode o seu amor contar?
O grande amor do Salvador
quem poderá contar?

O cálix que Jesus bebeu,
a maldição que padeceu
na cruz por mim pra me salvar,
quem poderá contar?

A zombaria tão cruel,
a cruz sangrenta, o amargo fel,
que ali sofreu pra me salvar,
quem poderá contar?

Incomparável Salvador,
quão inefável teu amor!
Quão impossível de sondar!
Imensidão sem par!"
517;INDA HÁ LUGAR;;"Inda há lugar; o régio Salvador
Chama ao banquete o pobre pecador.

Vem, vem; oh, vem!
No céu inda há lugar!

Eis o convite, escuta a voz de Deus!
Oh, vinde a Cristo, vinde para os céus!

Ávido vem, e cheio de fervor
Ouve o bem-vindo de celeste amor.

Hoje há lugar; desperta, meu irmão,
Pois quem demora arrisca a salvação.

Bem cedo a porta tem de se fechar,
E se dirá então: ‘Não há lugar.’"
518;INESGOTÁVEL É SEU AMOR;;"Seja louvado o bom Salvador
Livre é Seu amor, livre é Seu amor.
Há preparado para o pecador,
Fonte preciosa de amor;
E, se em Cristo queres confiar,
Livre é Seu amor, livre é Seu amor;
A vida eterna tu irás gozar,
Inesgotável é Seu amor.

Terno, te chama Jesus: queres ir?
Ó pecador, ó pecador!
Ele deixou para nós, ao subir,
Fonte preciosa de amor.

Por que vivendo em pecado há de estar?
Livre é Seu amor, livre é Seu amor.
Cristo te chama, ó vem sem tardar,
Inesgotável é Seu amor;
Deixa as trevas por luz divinal,
Livre é Seu amor, livre é Seu amor;
Hoje Jesus quer livrar-te do mal,
Inesgotável é Seu amor.

Ó! se tu creres, perdão obterás,
Livre é Seu amor, livre é Seu amor;
Vem o momento que tu bendirás;
Inesgotável é Seu amor;
Cristo te espera, ó ouve o chamar;
Livre é Seu amor, livre é Seu amor;
Fé em Seu nome te há de salvar.
Inesgotável é Seu amor."
519;Irmão como estão;E;"Irmãos como estão? Estamos bem! (3X)
Com o Nosso Deus no coração!

Irmãs como estão? Estamos bem! (3X)
Com o Nosso Deus no coração!

Posso cantar e gritar: Oh! Glória a Deus! (3X)
Com o Nosso Deus no coração!

Não há, portanto, agora, Condenação! (3X)
Com o Nosso Deus no coração!"
520;IRMÃOS AMADOS;;"1. Irmãos amados e resgatados,
Segui avante e triunfantes,
Combateremos e venceremos,
No nome santo de Jesus!

[coro]
No nome santo, alegre canto;
Eu fui lavado, santificado;
Vivi perdido, mas sou remido,
No nome santo De Jesus!

2. Irmãos amados, santificados
Vivei unidos, pois sois remidos,
Não mais temendo; o bem fazendo,
No nome santo de Jesus!

3. Irmãos amados, purificados,
Sede valentes e mui prudentes,
Estai lavados e libertados
No nome santo de Jesus!"
521;Irmãos como vão?;C;"Irmãos, como vão?
Tá tudo bem.
Irmãos, como vão?
Tá tudo bem.
Irmãos, como vão?
Tá tudo bem.
Sem condenação no coração.
Irmãs, como vão?
Tá tudo bem.
Irmãs, como vão?
Tá tudo bem.
Irmãs, como vão?
Tá tudo bem.
Sem condenação no coração.
Agora, não tem mais
Condenação.
Agora, não tem mais
Condenação.
Agora, não tem mais
Condenação.
Sem condenação no coração.

Posso cantar, não há
Condenação
Sem condenação no coração.
Vou testificar, sem
Condenação.
Vou testificar, sem
Condenação.
Vou testificar, sem
Condenação.
Sem condenação no coração."
522;JAMAIS ME ESQUECEREI;;"1. Jamais eu deixarei de me lembrar,
Dos sofrimentos de Jesus meu redentor
O qual por sua morte veio salvar
A alma triste desse pobre pecador.

[coro]
Pelas suas pisaduras fomos sarados
E nossas dores sobre Si Ele tomou,
Realmente nossas vis enfermidades;
Nossos pecados lá na cruz Ele expirou.

2. Quantas vezes a minha alma esteve triste
Em agonia muita dor e opressão;
Mas quando ouvi dizer do Nazareno
Regozijou-se de prazer o meu coração.

3. Agora quero sempre trabalhar,
Levando ao mundo a mensagem de Jesus,
Pois a minha redenção custou mui cara.
Custou a vida do cordeiro lá na cruz."
523;JERUSALÉM;;"Jerusalém excelsa,
Gloriamo-nos em ti,
Afável esperança
De todo crente aqui.
Radiante é tua porta,
Que ao longe já se vê,
Por onde tem entrada
O que no Cristo crê.

A cruz e sua glória
E o grande Redentor
Em ti são exaltados
Em cantos de louvor.
Que gozo tu me inspiras,
Eterna habitação,
Pois sei que em ti se finda
A peregrinação!

Ó doce lar amado,
Descanso meu serás,
Quando eu tiver herdado
Teu bem e tua paz.
Ó coração, que gemes
Na dor que te desfaz,
Com Deus, que te redime,
Feliz, então, serás.

Trad.: Augusto de Souza Pinto Caldeira (1867 – ?)"
524;JESUS;;"Jesus, Jesus, Jesus
Cantem ao Pai, Pai, Pai, Pai
E Santo é Seu Nome, Santo, Santo, Santo.

Derrama água viva em minha alma,
Toma minha vida dá-me paz e calma.
E todos os problemas que perturbam minha mente,
Entrego aos Teus cuidados para sempre.

Vem agora em mim oh Espírito Santo,
Toma-me em seus braços, cura o meu pranto.
Apaga toda dúvida e orgulho que haja em mim,
Me atrai ao seu lado para sempre."
525;JESUS BONDOSO;;"Jesus, teu Nome é santo,
Amável teu querer;
Louvor real, com puro amor,
Queremos-Te render.
Poder e honra e glória a Ti
Nós vimos tributar;
Com gratidão e devoção
Teu culto celebrar.

Jesus, teu Nome é santo,
Merece o nosso amor;
Nos altos céus és nosso Deus,
O nosso Protetor;
Incomparável sempre és Tu
Em tua compaixão,
Pois Tu vieste ao mundo vil
Fazer-Te nosso irmão!

Jesus, teu Nome é santo,
Amarga foi a cruz:
O teu sofrer, o teu penar
A vida nos produz;
Na glória já sentado estás,
Atento à adoração
Que teus fiéis Te vêm prestar
Com grato coração."
526;JESUS BREVE VEM;;"Jesus breve vem cuidado.
Vamos unidos orar;
Jesus virá de surpresa,
Vem sua Igreja buscar.

Alerta Jesus breve vem
Vamos irmãos vigiar
Quem não vigia em oração.
Neste mundo vai ficar.
Quem não vigia em oração.
Neste mundo vai ficar.

Nas nuvens Jesus virá,
Vem sua igreja buscar,
Os fiéis subirão contentes;
Os ímpios terão que chorar."
527;JESUS COMO GUIA;;"Meu Jesus me guia sempre
Que mais posso desejar?
Duvidar do meu Amado?
Do meu Deus desconfiar?
Paz perfeita, gozo infindo
Tenho, e sua proteção;
Pois eu sei que por mim vela
Seu bondoso coração.

Meu Jesus me guia sempre,
Ensinando-me a viver,
Concedendo graça e força
Para me desenvolver.
Perecer jamais eu posso,
Pois quem pode resistir
Ao Deus forte, Pai eterno,
Que minha alma quis remir?

Meu Jesus me guia sempre,
Pelo seu tão terno amor!
Vida santa, glória eterna
Me garante o Salvador.
Oh, mui breve vem o dia,
O da grande redenção,
Quando salva, transformada,
Há de ser a criação!"
528;JESUS COMPROU-ME;;"Jesus comprou-me do mundo aqui,
Palavras doces são para mim;
Jesus comprou-me e vai me dar
Eterno gozo, celeste lar.
Jesus comprou-me e vai me dar
Eterno gozo, celeste lar.

Jesus comprou-me da escravidão,
A paz eu gozo por Seu perdão;
Sou desprezado um pouco aqui,
Mas eu espero gozar ali.
Sou desprezado um pouco aqui,
Mas eu espero gozar ali.

Jesus comprou-me, e eu fiquei
P’ra sempre livre da dura lei!
Agora espero até Ele vir,
P’ra que me leve ao Seu porvir.
Agora espero até Ele vir,
P’ra que me leve ao Seu porvir.

Ó vinde, amigos, e junto a nós,
Ouvi depressa do céu a voz;
– O que demora não chegará,
Porque se perde e morrerá.
– O que demora não chegará,
Porque se perde e morrerá.

Jesus comprou-me e me dará
Lugar às mesas, que esperam lá.
Ouve o convite, ó pecador,
Pois Jesus Cristo é o Salvador.
Ouve o convite, ó pecador,
Pois Jesus Cristo é o Salvador."
529;Jesus Convida;E;"Jesus convida pra com Ele viajar,
Esta viagem eu não posso rejeitar
Viagem longa é muito longa,
Mas é com Ele que eu quero viajar.

Jesus convida pra com Ele viajar,
Esta viagem eu não posso rejeitar
Tem água viva, tem pão da vida
Tem uma mesa para os salvos saciar

Jesus convida pra com Ele viajar,
E lá no céu um lugar foi preparar,
Mansão celeste pra Noiva eleita
Que brevemente no céu vai descansar"
530;JESUS CRISTO VEM;;"Jesus Cristo vem, Jesus Cristo vem.
Buscar os seus remidos, Jesus Cristo vem.
Jesus Cristo vem, Jesus Cristo vem.
Buscar os seus remidos, Jesus Cristo vem.

Já se fazem tantos anos,
Que ele aqui nasceu,
E entre tantos desenganos;
E o mundo não reconheceu,
Nasceu numa manjedoura,
Na cidade de Belém.
E a mensagem salvadora,
É que ele um dia vem."
531;JESUS CRISTO É O MESMO;;"[coro]
Jesus Cristo é o mesmo
Ontem, hoje e eternamente
Ele é o princípio e o fim
E o que há de vir brevemente

1. Quem pregou na Galiléia
Foi o que nasceu em Belém de Judá;
Quem curou em corazim
Aqui também vai curar;
Ele sempre é o mesmo
Ele nunca mudará.

2. Quem deu a vida a um jovem,
Na cidade de Naim;
Passou por Cafarnaum
E desfez as obras ruíns
Ele sempre é o mesmo
Ele é o princípio e o fim.

3. Quem é que foi a Betânia,
E o Lázaro ressuscitou?
É o mesmo que fôra em Gadara
E dois mil demônios de um homem expulsou
Ele sempre é o mesmo
Pois Ele nunca mudou.

4. Quem salvou o ladrão
Lá no alto de uma cruz
Salvou a mim e a você
O nosso amado Jesus,
Ele sempre e o mesmo,
E para o céu nos conduz."
532;JESUS E AS CRIANÇAS;;"Cristo tem amor por mim,
Com certeza creio assim;
Por amor de mim morreu,
Vivo está por mim no céu.

Ama os meninos, ama as meninas,
Ama os meninos, Jesus, o Salvador.

Sim, Jesus me tem amor,
Pois se fez meu Salvador;
Hoje ainda tem prazer
De crianças receber.

Pra gozar seu rico amor,
Hei de amar meu Salvador,
E desejo anunciar
Seu amor tão singular.

Meu Senhor Jesus está
Ao meu lado e levará,
Afinal, ao céu de luz,
Os que resgatou na cruz.

Trad.: Stuart Edmund McNair (1867-1959)"
533;JESUS GLORIOSO;;"Oh! sim, Jesus é tão maravilhoso
que Deus lhe deu o nome: o santo de Israel,
e lhe chamou de Todo-Poderoso
e Deus da paz, Senhor, Emanuel.
O Cristo Rei, que a santa lei
cumpriu com gozo, é sol divino e Salvador fiel.

[coro]
Só Cristo Salvador, em tudo é vencedor;
pois padeceu, na cruz sofreu humilhação!
Ó vinde desfrutar o seu amor;
buscai com grande ardor,
com devoção o seu favor.
Amai, irmãos, a quem nos deu perdão!

Jesus Senhor assim glorificado,
do céu notando o povo entregue a todo mal,
quis vir aqui salvá-lo do pecado,
e o fez, porém, com grande dor moral.
Cumpriu a lei, salvou a grei do triste estado,
e encheu-a de favor celestial.

Notai, irmãos, e vede que bondade!
Jamais se ouviu de alguém que assim provasse amar.
Deveis ouvir Jesus com lealdade
dizer que Deus por Cristo pode dar Real perdão,
a Salvação e liberdade!
Ó vinde a Cristo a vida consagrar!"
534;JESUS ME AMA;;"1. Longe do Senhor andava,
No caminho de horror.
Por Jesus não perguntava,
Nem queria o Seu amor.

[coro]
Oh! Porque Jesus me ama?
Eu não posso lhe explicar
Mas, a ti também te chama,
Pois deseja te salvar.

2. No juízo não pensava
Nem na minha perdição
Nem minh`alma desejava
A eterna salvação.

3. Já cansado do pecado,
Fui aos pés do Salvador,
E ali caiu o fardo
De tristezas e de dor.

4. Como é maravilhoso,
Pertencer ao meu Jesus!
Ter a graça e o repouso,
E ficar ao pé da cruz!"
535;JESUS ME TRANSFORMOU;;"1. Eu, perdido pecador,
Longe do meu Jesus,
Abatido, sem vigor,
A perecer sem luz;
Meu estado Cristo viu,
Dando-me Sua mão
E salvar-me conseguiu,
Da perdição.

[coro]
Cristo me amou, e me livrou;
O Seu imenso amor
Me transformou.
Foi seu poder o seu querer,
Sim, Cristo o Salvador
Me transformou.

2. Minha vida todo o ser
Quero lhe consagrar;
A Seu lado vou viver,
E Seu amor cantar.
A mensagem transmitir
Aos que perdidos são
Venham todos já fruir
A salvação."
536;JESUS MEU SALVADOR;;"1. Jesus salvou-me do mundo,
Ele é tão doce p’ra mim;
Amor, lhe tenho profundo
Por sua graça sem fim.
Quando ia eu no deserto
Sem gozo, paz e sem luz
Ele buscou-me por certo
Té que achou-me Jesus.

[coro]
Jesus, Jesus, Tu és meu Salvador
Jesus, Jesus, só Teu serei Senhor.
Na senda mui verdadeira
Guia-me Tua mão;
E ao findar minha carreira
Receberei galardão.

2. Jesus de Saron é a Rosa
Lírio suave é p’ra mim
Ele é a rocha preciosa
Onde há gozo sem fim.
É da manhã a estrela
Na noite escura e sem luz
Tenho doçura em vê-la
Pois Ela é meu Jesus.

3. Na manjedoura nascendo
No mundo só batalhou
Em meu lugar padecendo
Sangue por mim derramou.
Ressurgiu da sepultura
Subindo a destra de Deus
Breve virá das alturas
Descendo em nuvens do céu."
537;JESUS NA CRUZ;;"Só tu, Jesus, levaste a cruz,
humilde em teu amor;
no teu olhar brilhava a luz
de compaixão, Senhor!

Julgado foste como réu,
Pilatos foi juiz;
de enganador o teu labéu,
julgaram-te infeliz!

Sofreste zombarias mil,
desdém e amargo fel;
feriu-te a rejeição hostil
de gente tão cruel!

Suspenso em um madeiro vil
mostraste o teu amor;
perdão, pra gente tão servil,
rogaste, Salvador!

Rendeste o espírito a Jeová
com grande brado teu,
sim: “Tudo consumado está.”
Missão que o Pai te deu!"
538;JESUS NA MESA;;"1. Jesus se apresentou,
Estando os discípulos na mesa,
Depois de os ter exortado
Por sua grande dureza;
Por eles não terem crido,
No que lhes fora falado,
Quando as mulheres disseram;
Jesus é ressuscitado.

[coro]
Hão de seguir, hão de seguir
Estes sinais, hão de seguir
Foi Jesus quem falou
E ninguém poderá impedir.

2. Disse Jesus para eles;
Ide-vos por todo lado,
Pregai o meu evangelho
Isto vos tenho mandado,
Quem crer e for batizado
Alcançará salvação
Porém os que rejeitarem
Terão a condenação.

3. Os que em meu nome crerem
Estes sinais seguirão;
Expulsarão demônios,
Os enfermos curarão
Se beberem coisas mortíferas
Mal algum sucederá
E pegarão em serpentes
Novas línguas falarão."
539;JESUS NAZARENO;;"1. Jesus Nazareno pregado na cruz
Coberto de sangue, Seu rosto ficou,
Seu rosto em declínio, qual anjo divino;
Coroa de espinhos, o povo lhe deu.

[coro]
Eloim, Eloim lama-sabactani
Clamava ao Pai, o Seu filho Jesus
O bom Redentor, de novo clamou
Sem força, porém o Mestre expirou.

2. Não se maldizia da ingratidão
Que o povo fazia, sem ter compaixão
Lhe deram vinagre, Jesus recusou,
Sentindo agonia, da morte e da dor.

3. A luz se fez trevas, a terra tremeu
Morrendo na cruz, o filho de Deus
Rasgou-se o véu da separação
Nos dando a graça, a paz e o perdão."
540;JESUS NÃO MUDOU;;"Posso ver a igreja louvando,
O Senhor adorando com todo fervor.
Posso ver Jesus Cristo salvando,
Seu poder derramando, nos enchendo de amor.
Posso ver as suas maravilhas,
Na igreja de hoje acontecer.
Posso ver alegria reinando,
E o povo cantando louvores a Deus.
Posso ver alegria reinando,
E o povo cantando louvores a Deus.

Jesus não mudou e nem mudará,
Pois Ele operou no passado.
Hoje também operando está.
Jesus não mudou e nem mudará,
Pois Ele operou no passado.
Hoje também operando está.

Posso ver uma igreja Santa.
Que vive o que canta andando no amor.
Posso ver Jesus Cristo batizando,
E o fogo queimando todo pecado e dor,
Posso ver os doentes sarando,
E o povo cantando glórias ao Senhor.
Posso ver alegria reinando,
E o povo cantando louvores a Deus.
Posso ver alegria reinando,
E o povo cantando louvores a Deus."
541;JESUS O BOM PASTOR;;"Jesus o bom pastor, seguiu-me com grande amor,
E do perigo me livrou.
Ele estendeu-me mão, guiou-me na escuridão.
A luz do seu divino amor.

Querido salvador o teu imenso amor,
Enche meu coração de gratidão;
Eu só não posso andar vem-me Senhor guiar,
Com tua mão à celestial mansão.

Andando com Jesus cercado por sua luz,
O mundo perde a atração.
Jamais vou me importar se o mundo me desprezar,
Pois Cristo é todo meu prazer."
542;JESUS O SENHOR;;"Jesus, santo nome do Cristo de Deus,
por Deus posto acima de todos os céus!
Jesus, o bendito e divino Senhor,
Jesus o bondoso, fiel Redentor!
Fiel Redentor, fiel Redentor,
Jesus, o bondoso, fiel Redentor!

Jesus Nazareno, sem honras aqui,
Jesus, Deus excelso, com glórias ali,
Jesus, que saudamos, real Salvador,
Jesus, que aclamamos, do mundo o Senhor!
Do mundo o Senhor, do mundo o Senhor,
Jesus, que aclamamos, do mundo o Senhor!"
543;JESUS PROCURA A OVELHA;;"Eis Jesus a procurara ovelha, que a vagar
Desgarrou-se do aprisco do Senhor;
Pelos montes a sofrer, faça sol ou a chover,
Cristo busca Sua ovelha, com amor.

Com amor.., o Pastor…
Eis que chama Sua ovelha, sem cessar;
Possa hoje, o pecador
escutar a voz do amor,
De Jesus, que procura p’ra salvar.

Com Seus pés o bom Pastor, já feridos, que horror,
De descer nos tenebrosos pedregais,
E cansado de andar, mais, ainda a clamar:
“Ó ovelhas minhas, onde vós estais?”

Se escuta o gemer da ovelha, que prazer
Enche logo o coração do bom Pastor!
E correndo sem parar, ‘té a ovelha abraçar,
E trazê-la ao Seu ombro com amor.

Já em casa, o Pastor, Oh! Jubila com dulçor,
Pela ovelha desgarrada que achou;
E assim, também Jesus, com os anjos lá na luz,
Se alegra pelas almas que salvou!"
544;JESUS QUEBROU OS MEUS GRILHÕES;;"Jesus quebrou os meus grilhões,
Com sangue me comprou;
A minha alma, de prisões,
Eterna resgatou.

Aleluia! Cristo salva o perdido pecador!
Aleluia! Cristo salva o perdido com amor!

É minha paz, e proteção,
Meu bom Consolador;
Auxílio certo na aflição,
Remédio para a dor,

Nenhum perigo temerei,
Estando em Jesus;
As dores não mais sofrerei;
Jesus é minha luz.

Jesus, Teu nome louvarei,
Com todo o coração;
Alegre ao mundo anunciarei
Tão grande salvação."
545;JESUS RESSUSCITADO;;"Eis Jesus ressuscitado!
Ele para o céu subiu,
as prisões quebrou da morte;
grandes feitos conseguiu.
Eis Jesus ressuscitado!
Vive e reina lá no céu!
Eis Jesus ressuscitado;
Voltará ao povo seu!

Eis Jesus ressuscitado,
para nosso Mestre ser!
Conseguiu, na cruz morrendo,
pelo crente interceder.
Eis Jesus ressuscitado,
pra a vitória nos ganhar!
Eis Jesus ressuscitado,
para nos justificar!

Eis Jesus ressuscitado!
Ele a morte aniquilou
pra ressuscitar-nos todos,
sim, os crentes que salvou.
Eis Jesus ressuscitado!
Ele em breve voltará.
Eis Jesus ressuscitado,
e consigo nos terá!"
546;Jesus sim vem;E;"Jesus, sim, vem do céu, em glória Ele vem
Ecoa a nova pelo mundo além
Oh esperança que a Sua Igreja tem
Dai glória a Deus, Jesus em breve vem

Nossa esperança é Sua vinda
O Rei dos reis vem nos buscar
Nós aguardamos, Jesus, ainda
'Té a luz da manhã raiar
Nossa esperança é Sua vinda
O Rei dos reis vem nos buscar
Nós aguardamos, Jesus, ainda
'Té a luz da manhã raiar

Jesus, sim, vem, os mortos esperando estão
O gran momento da ressurreição
E do sepulcro em breve se levantarão
Dai glória a Deus, Jesus em breve vem

Jesus, sim, vem do céu cercado de esplendor
Aniquilando a corrupção e a dor
Quebrando os laços do astuto usurpador
Dai glória a Deus, Jesus em breve vem

Jesus, sim, vem, completamente restaurar
O mundo que se arruína sem parar
Sim, todas as coisas vem depressa transformar
Dai glória a Deus, Jesus em breve vem

Jesus, sim, vem, e sempiterna adoração
Daremos nós ao Rei de coração
Ao grande autor da nossa eterna salvação
Dai glória a Deus, Jesus em breve vem"
547;JESUS TEM O PODER;;"Jesus tem o poder de as culpas perdoar
a quem, arrependido, a Deus, com fé se confessar.
Jesus tem o poder, oh! graças ao Senhor!
De dar completa absolvição ao pobre pecador.

Sim, Cristo tem poder! Onipotente é!
Por esse seu poder merece a nossa fé!
Sim, Cristo tem poder! Só nele confiai!
Perante o seu poder humildes adorai!

Jesus tem o poder, real de converter
o mais rebelde pecador, tornando-o novo ser.
Jesus tem o poder de sempre nos guardar,
e assim ninguém das suas mãos nos pode arrebatar!

Jesus tem o poder de dar-nos proteção!
A atribulados corações dará consolação!
Jesus tem o poder de, quando o fim chegar,
cercar-nos de alegria e paz e a glória nos levar!"
548;JESUS TRIUNFOU;;"Jesus Cristo está sentado
no seu trono de poder;
tudo já tem consumado
do que quis aqui fazer.
Oh! que glória, oh! que glória
no Senhor se pode ver!

Desde o seu primeiro advento
em humana encarnação
té o pleno cumprimento
dessa terreal missão
vemos glória, vemos glória,
que é dos céus admiração.

Na agonia extrema vemos
que vitória então ganhou;
por morrer, nós compreendemos,
ele a vida nos legou;
com que glória, com que glória
sobre a morte triunfou!"
549;JESUS TU ÉS BOM;;"Meu Jesus, Tu és bom;
Tu és tudo pra mim!
Foste morto, mas vives em mim;
Tu mereces louvor,
Ó Cordeiro de Deus!
Tu és tudo, sim, tudo p’ra mim!

Quero a Ti dar louvor,
Pois és Rei sobre reis;
Tu és tudo, mas nada eu sou;
Enche meu coração
De ternura e paz;
Honra eterna e glória Te dou.

O Teu nome é amor,
Pois Tu amas a mim,
E eu quero andar neste amor;
Triunfante estou,
Confiando em Ti,
Meu Jesus, grande Consolador.

Ó Ungido de Deus,
Trazes paz e perdão;
Salvação, vida, tens para os Teus;
Que mensagem do céu
E de transformação,
Enviada do trono de Deus!"
550;JESUS VEIO AQUI;;"Oh como é tão singular Jesus, esbelto e mui gentil;
No rosto traz uma rara luz, fanal do mundo vil!

[coro]
Da Sua glória celestial, Veio Jesus aqui;
A Sua graça divinal, fê-lo ao mundo vir.

A Sua vida gastou aqui, perdidos pra salvar;
Na cruz sangrenta se deu a Si, afim de os resgatar.

O povo com apatia viu, a prova desse amor;
E Sua graça jamais mediu, um mundo pecador.

No céu agora Jesus está, mas breve há de voltar;
E à glória os salvos transportará,
Onde hão de descansar"
551;JESUS VINDO;;"Jesus desceu, a Bíblia o diz,
do seu celeste lar,
a fim de o grande amor de Deus
aos homens declarar.

Jesus morreu, a Bíblia o diz,
e fez expiação
do nosso mal, e, assim, achou
um meio de perdão.

A Bíblia diz que ressurgiu,
da morte vencedor,
e desde agora pode ser
o nosso Salvador.

A Bíblia diz que voltará,
a fim de nos levar
do mundo e da tristeza, aqui,
ao seu bendito lar.

A Bíblia diz-nos que Jesus
no mundo reinará;
então, Senhor universal,
louvor sem fim terá."
552;JESUS À PORTA DO CORAÇÃO;;"Quem está batendo assim,
Que enche-me de comoção?
Quem procurará por mim?
Sinto bater no coração.

Quem bate, diz com mansidão:
Eu sou Jesus, te vim salvar;
Abre, duro coração,
Dentro de ti quero cear.

Quem será? Quem pode ser?
Sinto bater no coração!
Que farei? Que vou fazer?
No vale estou da decisão.

Quem escuto eu bater?
– Eu sou Jesus, o bom Jesus:
Abre logo, sem temer
Quero te dar a minha luz.

Entra, entra, Salvador,
Meu coração te quero dar,
Só em Ti achei amor,
Mesmo em mim queiras morar.

No coração, ó bom Jesus,
Entra, trazendo Teu perdão!
Concedendo Tua luz,
Tenho, assim, a salvação."
553;JESUS É MELHOR;;"1. Jesus é melhor sim, que ouro e bens
Jesus é melhor do que tudo que tens
Melhor que riquezas e posições
Melhor muito mais do que milhões.

[coro]
Pode ser um rei, com poder nas mãos
Mas do mal um escravo sim,
Mil vezes prefiro o meu Jesus
E servi-lo até o fim.

2. Jesus é melhor que qualquer valor.
Amigo leal, no prazer e na dor
Melhor do que tudo, Ele é para mim,
Melhor que qualquer bom amigo enfim.

3. Jesus é mais puro, que a linda flor
Jesus é melhor Ele sim satisfaz
Jesus é melhor, sim Ele é amor,
Caminho, Luz, Verdade e Paz."
554;Jesus é o nome;E;"Jesus é o nome, Jesus é o nome
Jesus é o nome do Senhor
Jesus é o nome, Jesus é o nome
Jesus é o nome do Senhor

Bendito é o nome, Bendito é o nome
Bendito é o nome do Senhor
Bendito é o nome, Bendito é o nome
Bendito é o nome do Senhor

Magnificai o nome, Magnificai o nome
Magnificai o nome do Senhor
Magnificai o nome, Magnificai o nome
Magnificai o nome do Senhor"
555;JESUS, MEU ETERNO REDENTOR;;"Já o Filho de Deus é descido do céu;
A obra perfeita na cruz consumou;
E ali Sua carne, rasgada qual véu,
Vivo caminho para o céu nos consagrou.

Jesus é meu eterno Redentor!
Por Seu sangue lá remido estou;
Deu-me paz, poder consolador;
Vivo contente, pois Ele me amou.

Por Adão, o pecado no mundo entrou;
Ninguém dessa lei se podia libertar;
Mas o Filho do homem por nós triunfou,
NEle podemos do mal ressuscitar.

Do inferno, que paga aos maus, há de dar,
Do medo da morte, esse dardo cruel,
Do abismo eterno te pode salvar,
Só Jesus Cristo, o bom Emanuel.

Bem alegres buscamos a pátria de amor,
A qual Deus no céu para nós preparou,
Onde sempre veremos o nosso Senhor,
Cristo Jesus, que do mal nos libertou."
556;JESUS, MEU MELHOR AMIGO;;"1. Tenho em Jesus meu melhor amigo
Meu prazer, minha luz.
Outro não há que minh’alma salve
Só Jesus, Só Jesus.

[coro]
Meu Jesus sempre está comigo
Pela mão conduzir-me-á;
Tenho em Jesus meu melhor amigo.
Sempre enfim meu será.

2. Sei que Ele vê minhas negras lutas
Vê também minha dor.
Todo pesar com amor suaviza
Não terei mais temor.

3. Crente nenhum este amigo esquece
Não, nenhum; não, nenhum.
Outro não há tão humilde e manso,
Não, nenhum, não, nenhum."
557;JESUS, NOSSO SOCORRO;;"Em nosso socorro vem, ó vem, Jesus!
Pois grande tristeza nos ofusca a luz;
A Ti recorremos, vem nos dar vigor,
Reveste-nos todos do Teu grande amor!

Em nosso socorro vem, ó vem Jesus!
Em Ti confiamos, és a nossa luz;
Protege-nos sempre do vil tentador,
Reveste-nos todos do Teu grande amor!

Em nosso socorro vem, ó vem, Jesus!
Combate o inimigo com a Tua luz;
A Ti nós clamamos, responde, Senhor,
Reveste-nos todos do Teu grande amor!

Em nosso socorro vem, ó vem, Jesus!
A plena vitória, hoje nos conduz;
Dá-nos Tua graça, poder e valor.
Reveste-nos todos do Teu grande amor!"
558;JESUS, O BEM AMADO;;"Jesus, teu nome satisfaz;
por todo o orbe espalha paz;
perfeito gozo e vida traz,
Jesus, meu bem-amado!

[coro]
Cristo, nome de valor!
Cristo, forte Redentor!
Cristo, sumo e bom Pastor,
sou teu eternamente!

Pois à minha alma, ó Salvador,
o coração tão sofredor
concedes forças e vigor,
Jesus, meu bem-amado!

Aflito pela tentação,
me fortalece a tua mão,
prostrado, invoco, em oração,
Jesus, meu bem-amado!

Jesus, teu nome é sem igual,
tão carinhoso, tão leal,
és bom Pastor celestial,
Jesus, meu bem-amado!"
559;JOVENS LUTADORES;;"Ó jovens, acudi ao brilhante pavilhão
Que Jesus há desfraldado na nação!
A todos Cristo quer nas fileiras receber.
E mui firmes nos levar o mal a combater.

Vamos com Jesus e marchemos sem temor!
Vamos ao combate, inflamados de valor!
Com coragem, vamos todos contra o mal!
Em Jesus teremos nosso General!

Ó jovens, acudi ao divino Vencedor;
Quer juntar-vos todos hoje a seu redor!
Dispostos a lutar, vinde, pois, sem vacilar;
Vamos prontos, companheiros, vamos a lutar!

Quem nesta guerra entrar sua voz escutará,
Cristo então vitória lhe concederá!
Saiamos, meus irmãos, invistamos mui fiéis;
Com Jesus conquistaremos imortais lauréis!"
560;JUBILOSO;;"Desperta já, meu coração,
faz tua voz soar;
louvores ao teu Redentor,
não cesses de cantar!
Pois te remiu em uma cruz
dos vis pecados teus,
e com seu sangue te comprou
a doce paz dos céus.

[coro]
Desperta já, meu coração!
Desperta, sim, para entoar
canções sem fim à redenção,
de Deus o amor cantar!

Remido estou; meu Deus, meu Rei,
me deu a salvação!
E me livrou do vil poder,
da negra tentação.
Tão grande amor não pagarei,
não pagarei jamais;
pois nessa graça ainda vou
ter gozos divinais!

Oh! santo amor, sublime amor,
que os anjos lá nos céus
não têm poder de aquilatar,
o eterno amor de Deus!
Tudo ele faz resplandecer,
a tudo dá vigor;
ó céus, ó mar, ó vastidão,
louvai o Deus de amor!"
561;JUNTO A TI;;"Minha possessão eterna,
És o meu maior amor;
Bem maior que o bem da vida,
És, meu Deus, meu Salvador.

O prazer ou o descanso
Não te venho suplicar;
Quero trabalhar sofrendo,
Mas contigo sempre andar.

Pelo vale tão sombrio
E também terrível mar
Queira tua mão divina
Sempre, sempre me guiar.

Quando pelas santas portas
Da feliz Jerusalém
Eu puder entrar na glória,
Gozarei o eterno bem.

Junto a ti, junto a ti, ( bis )
Quero andar contigo sempre
Na jornada minha aqui."
562;JUNTO AO TRONO;;"Junto ao trono de Deus preparado
Tens, cristão, um lugar dado a ti;
Há prazeres, há gozo exaltado,
Há delícias profusas ali;
Sim, ali, sim, ali,
De seus anjos fiéis rodeado
E cercado de glória e de luz,
Junto a Deus já te espera Jesus.

Não nos podem da terra os encantos
Dar ideia do gozo dali;
Se no mundo os prazeres são tantos,
São prazeres que cessam aqui;
Mas ali, mas ali,
As venturas eternas concorrem,
Na existência perpétua da luz,
Pra tornar-te feliz com Jesus.

Conservemos em nossa lembrança
As riquezas do lindo país,
E guardemos conosco a esperança
De uma vida melhor, mais feliz;
Pois dali, pois dali,
Uma voz verdadeira não cansa
De chamar-nos ao reino da luz;
É a voz divinal de Jesus.

Se quisermos gozar da ventura
Que no belo país haverá,
E somente pedir de alma pura,
Que Jesus sua graça nos dá;
Pois ali, pois ali,
Todo cheio de amor, de ternura,
Desse amor demonstrado na cruz,
Nos escuta e recebe Jesus.

Trad.: Luiz Vieira Ferreira (1835-1908)"
563;JUSTIFICAÇÃO;;"Das águas da vida quem queira beber,
Bem arrependido no Salvador crer.
Da pena da morte liberto será;
Pois Cristo a Seu povo do mal salvará!

[coro]
O Dom é de graça e Cristo é capaz,
De satisfazer com dulcíssima paz!
Ao homem que aceita Seu pleno perdão,
Sem outra esperança de obter salvação.

Por meio do sangue que Cristo verteu,
Ficou consumado o resgate do réu.
E o Pai lhe oferece por Seu terno amor;
Lugar em Seu lar, com o bom Salvador!

É Deus quem afirma que dá salvação,
De todo pecado concede perdão.
E então vos convida quem assim como estais;
Vós sem mais receios a Cristo venhais!

Philip P.Bliss(1838-1876)"
564;JUSTO ÉS SENHOR;;"Justo és, Senhor, nos Teus santos caminhos;
És digno em todas as Tuas obras

Justo és, Senhor, nos Teus santos caminhos;
És digno em todas as Tuas obras

Eis, perto estás de todos que Te invocam
De todos que Te invocam em verdade

Eis, perto estás de todos que Te invocam
De todos que Te invocam em verdade

Aleluia! Aleluia!"
565;JUVENTUDE;;"Levantai-vos, moços crentes,
Para anunciar Jesus
Como Salvador do mundo,
Verdadeiro guia e luz.

Despertai-vos! Levantai-vos!
Não há tempo que perder.
Se quereis servir a Cristo,
Tendes muito que fazer.
Meditai no seu amor,
Meditai no que ele fez:
Pela morte no Calvário,
Resgatou-nos de uma vez! (bis)

Sim, ele é ‘a luz do mundo’!
Ele poderá dizer:
‘Só eu dou a vida eterna
A qualquer que queira crer.’

Pois se nós estamos certos
De que Cristo é Salvador,
Vamos publicá-lo a todos
Com coragem e fervor.

E se nós, sinceramente,
Já servimos nosso Deus,
Exultamos na certeza
De encontrá-lo lá nos céus."
566;JÁ CERTO ESTOU;;"Já certo estou, sim, certo estou:
Jesus morreu, morreu por mim.
Já certo estou, sim, certo estou:
Jesus morreu por mim.

Já salvo estou por meu Jesus,
Pois padeceu na cruz por mim;
Já salvo estou por meu Jesus,
Pois padeceu por mim."
567;JÓIAS PRECIOSAS;;"Eis que Cristo vem à terra,
Buscar suas jóias,
Suas jóias mui preciosas,
De muito valor.

Como estrelas da aurora,
Brilhando na fronte
De Jesus, lá na glória,
Adorno serão.

Vem buscá-las, vai levá-las
Ao reino celeste,
Suas jóias resplendentes,
De muito valor.

Os meninos e as meninas
Que servem a Cristo
São-lhe jóias, ricas jóias,
De muito valor.

Trad.: William Edwin Entzminger (1859-1930)"
568;JÚBILO;;"Jesus, Senhor altíssimo,
A morte quis sofrer,
De pecadores míseros
Irmãos seus quis fazer.

Por isso canto, canto todo o dia,
Cristo me enche de gozo e alegria!

Com incessante júbilo,
Proclamo o amor de Deus,
Porque me enxuga as lágrimas,
E diz-me: “Tu és meu.”

É esta a história única
Da compaixão de Deus
O meu alegre cântico
Aqui e lá nos céus."
569;LAR DO CÉU;;"1. Óh! Pensai nesse lar lá do céu,
Bem ao lado do rio de luz,
Onde os santos pra sempre já gozam
Da presença do nosso Jesus.

[coro]
Lá do céu! Lá do céu!
Oh! Pensai nesse lar lá do céu!

2. Oh! Pensai nos amigos do céu
Que a jornada já tem acabado,
E nos cantos que soam nos ares,
No palácio por Deus preparado

3. Hei de ver lá no céu meu Jesus.
Face a face Seu rosto mirar;
Longe, longe, cuidados, tristezas
Com Jesus vou pra sempre morar.

4. Cedo, cedo no céu estarei,
Vejo o fim da jornada chegar;
Meu Jesus ali está me esperando,
É melhor estar ali, que aqui estar."
570;LAÇOS BENDITOS;;"Benditos laços são
Os do fraterno amor,
Que nesta santa comunhão
Nos unem ao Senhor.

Ao mesmo trono vão
As nossas petições;
É mútuo o gozo, ou a aflição
Dos nossos corações.

Aqui tudo é comum,
O rir e o prantear;
Em Cristo somos todos um,
No gozo e no lidar.

Se desta santa união
Nos vamos separar,
No céu eterna comunhão
Havemos de gozar."
571;LEALDADE;;"Seu amor pregai,
Almas conquistai!
Manda-nos Jesus, Senhor.
Avante, avante, irmãos,
Sim, como bons cristãos,
Fiéis e sempre leais
A Cristo, Salvador!

Oh, vinde-vos unir,
Dispostos para agir,
Fiéis, leais no labor,
Mesmo até morrer!
O mal a derrotar,
A luz fazei brilhar,
Fiéis e sempre leais
A Cristo, Salvador!

Eis-nos, Senhor, aqui;
Consagra-nos a ti;
Queremos, pois, ser fiéis,
Mesmo até morrer!
A causa defender,
Teu reino promover,
Fiéis e sempre leais
A Cristo, Salvador!"
572;LEALDADE A CRISTO;;"Mocidade, estais amando
A Jesus e seu pendão?
Já marchais sob seu comando,
De abrasado coração?
Dedicai-vos, sem reserva,
Ao serviço de Jesus.
Pois o inferno se conserva
Em combate contra a luz!

Defendei a sã doutrina;
Proclamai com grande ardor
Tudo quanto nos ensina
A palavra do Senhor.
Combatei a vil mentira,
Avançai em união,
Tenho sempre em vossa mira
Jesus Cristo e seu pendão!

Despertai-vos já e vede
Quantas almas há sem luz,
Tão cansadas e com sede
Do descanso de Jesus;
Apontai-lhes a água viva
Que dimana do Senhor;
Ela torna rediviva
A alma opressa, sem vigor.

Transmiti o dom eterno
Que lograstes alcançar;
Deus, em seu amor paterno,
Os perdidos quer salvar.
Sim, de vós é que se espera
Que ao Brasil a luz leveis,
Onde o erro tanto impera
Contra Cristo e suas leis."
573;LIBERTADO POR CRISTO;;"Um dia eu estava condenado a morrer,
Jesus Cristo veio a terra minha vitória conceder.
Carregou uma cruz pesada e foi nela crucificado.
Libertou-me com seu sangue hoje não sou condenado.

Grande amor por mim mostrou ocupando meu lugar,
Passando tão grande dor que eu tinha que passar.
Ele pagou o preço que eu tinha que pagar,
Sou um salvo por sua graça e no céu eu vou morar.

Eu agora vou lutar para sempre lhe agradar,
Pois tudo que fez por mim não tenho com que pagar.
Dou a vida por Ele agora e nos seus passos vou andar
Deste mundo eu vou embora e com Jesus eu vou morar.

Quando lá no céu chegar muitas coisas hei de ver,
Ver os santos do passado que alegria que vou ter
Juntamente com Jesus que um dia me salvou,
Tenho um lar celestial que Jesus preparou."
574;LIBERTO DA ESCRAVIDÃO;;"Em Babilônia, em prisão,
Estava Israel,
O povo santo de Sião,
Sofrendo dor cruel.

Mas, um dia, se ouviu,
Que do rei a voz saiu
P’ra voltarem da escravidão.
Todo povo a Jubilar,
Com as harpas a cantar,
Foi em busca de Sião.

“Cantai” disseram os caldeus,
Os hinos de Sião,
Mas isto mais entristeceu,
Os filhos de Abraão.

Libertos foram lá por Deus
Da vil escravidão.
E toda alma se encheu,
De riso e gratidão.

Quão grandes coisas nos fez Deus!
Cantavam, já. então;
E qual um sonho pareceu
A volta pra Sião.

E neste mundo, qual Babel,
Há muitos em prisão,
Sofrendo uma dor cruel,
Sem ter consolação.

Mas, de Cristo se ouviu
Que de Deus, a voz saiu,
P’ra voltarem da escravidão.
Queiras isto aceitar,
Com a harpa vem cantar,
E, assim, volta p’ra Sião."
575;LIVRE ESTOU;;"1. Eu vagava pela senda de horror,
Oprimido pelo pecado e temor,
Quando o Salvador eu vi.
Sua eterna voz ouvi.
Meu Jesus me libertou por Seu amor.

[coro]
Livre estou! Livre estou!
Pela graça de Jesus, livre estou,
Livre estou! Livre estou!
Aleluia! Pela fé livre estou!

2. Eu vagava pela senda de horror
Não pensando no amor do Salvador.
Eu vagava sem ter luz,
Longe do Senhor Jesus,
Mas liberto hoje canto a Deus louvor…

3. Eu vagava pela senda de horror
Mas, agora, quero andar com meu Senhor;
Quero ouvir Sua eterna voz,
E seguí-lo sempre após;
Glória seja dada ao nosso Bom Pastor!"
576;LIVRO BENDITO;;"1. Eu tenho um livro bendito
Onde está escrito que Deus é amor
Eu tenho um livro que fala
Que a fé não se abala em Cristo Senhor
Eu tenho um livro precioso,
E é tão glorioso senti-LO assim
Fala da santa promessa,
Da vitória certa que hei de fruir

[coro]
Bíblia tu és o meu livro de mui terno amor
Bíblia tu és e serás sempre o meu condutor.
Bíblia tu és o meu livro de mui terno amor
Bíblia tu és e serás sempre meu condutor.

2. Eu tenho um livro bendito
Que fala do Cristo pregado na cruz.
De Paulo em sua jornada
Depois de sentir em si uma luz
Eu tenho um livro que fala
Do cego liberto lá em Jericó.
Fala que entre os amigos aqui neste mundo
Jesus é melhor."
577;LIVRO DA VIDA;;"1. As riquezas mundanas
Nada valem pra mim;
Quero ir para o reino
Onde há vida sem fim
Em o livro da vida,
Que é escrito por Ti.
Dize-me, ó bom mestre,
Está o meu nome ali?

[coro]
Foi escrito por Ti
O meu nome no céu,
Em o livro da vida
Foi escrito por Ti.

2. Meus pecados são muitos,
Como areia no mar;
Mas Jesus me revela
Caridade sem par;
Veio para salvar-me
O Seu sangue verteu,
E as delícias eternas
Ele me prometeu

3. Ó Cidade festiva
Refulgente de luz,
A morada do Santos
E fiéis de Jesus!
Pois em ti só penetra
O que crê no Senhor,
Cujo nome já esteja
Com o Seu redentor."
578;LOUVAI;;"Louvai, louvai, Cristo o bom Mestre divino,
Por nós na cruz, Ele sofreu, morreu.
Perdão, perdão hoje aos contritos outorga,
Pois precioso sangue na cruz verteu.
Sim louvai-O, ei-Lo tão exaltado,
Mediador que nunca nos faltará.

[coro]
Louvai, louvai, falai da Sua grandeza,
Do perdão da graça que a todos dá!

Louvai, louvai, Cristo o bom Mestre divino,
Conselhos bons dá Ele ao pecador.
Anunciai as bênçãos maravilhosas,
Concedidas por esse Salvador.
Ide todos, servos de Jesus Cristo,
Ele nunca vos abandonará.

Louvai, louvai, Cristo o bom Mestre divino,
Cantai, cantai Seu grande amor cantai.
Fiéis cantai, de coração bem unidos,
Seu poder e glória louvai louvai.
Qual pastor que cuida do seu rebanho,
Cristo assim os crentes protegerá.

Chester G.Allen (1838-1878)
Fanny Jane Crosby (1820-1915)"
579;LOUVAI A JESUS;;"1. Louvai a Jesus amoroso;
Na cruz os pecados levou
Que nos enche de santo gozo;
Com sangue os céus nos ganhou.

[coro]
Ao meu Senhor, que tenho no meu coração
Eu dou louvor, pois Ele me deu Salvação.

2. Louvai a Jesus poderoso,
Que veio livrar da prisão
Um povo cativo, medroso,
Que não tinha consolação.

3. Louvai a Jesus, dai-lhe glória
Pois rei e Senhor Ele é;
Na cruz nos ganhou a vitória;
Vencei com Jesus pela fé."
580;LOUVAI AO SENHOR;;"Louvai ao Senhor, o Deus Onipotente,
Louvai, ó remidos, louvai ao Senhor!
Ó homens, Deus ama-vos eternamente,
Pois provas nos deu por Jesus, Salvador.

Louvai, louvai, louvai nosso Redentor!
Cantai, cantai, cantai sempre em seu louvor.
Jesus sofreu por nós na cruz,
Louvai, exaltai nosso Senhor!

Perdão vos concede o Senhor poderoso,
Que Cristo por nós no madeiro alcançou;
Deixai vossos vícios e o mundo enganoso,
Fugi para Cristo, que vos libertou!

Sim, Cristo vos salva de toda a maldade,
Vos livra dos vícios, da carne e do mal,
Vos tira das trevas, vos dá liberdade
E salva pra sempre! Que amor sem igual!"
581;LOUVAMOS;;"Louvamos, louvamos, Senhor e adoramos
A Ti, ó Deus Homem no céu assentado;
Que em tempo devido, na terra humilhado,
Por nossos pecados morreste na cruz,
Por nossos pecados morreste na cruz.

Louvamos, louvamos, Senhor e adoramos
A Ti, que justiça de Deus sustentaste;
A pena sofrendo por nós merecida,
A vida depondo pra assim nos remir,
A vida depondo pra assim nos remir

Louvamos, louvamos, Senhor e adoramos
A glória divina por Ti revelada;
Que para nós brilha na luz espendente,
Fazendo-nos ver a real perfeição,
Fazendo-nos ver a real perfeição

Em Ti concilia-se a santa justiça,
Que não pode a culpa deixar sem castigo,
Com a compaixão que por graça recebe
E exime de culpas o réu pecador,
E exime de culpas o réu pecador."
582;LOUVEMOS AO REDENTOR;;"Minh’alma, louva ao Redentor
Jesus, teu Rei, teu Salvador,
Que sobre a cruz, em teu lugar,
Seu sangue deu p’ra te salvar!

Sim, sobre a cruz, em meu lugar,
Jesus morreu p’ra me salvar!
Salvo e seguro nEle estou,
Pois com Seu sangue me livrou.

Oh! quão perdido e longe andei,
Longe de Deus e Sua lei!
Com terno e paciente amor
Seguiu-me sempre, o Salvador!

Bendito dia, quando, enfim,
Vi Cristo sobre a cruz, por mim!
Vencido pelo Seu amor,
Rendi-me logo ao Salvador.

Vem, alma aflita, descansar;
Eis Cristo pronto a perdoar!
Confia nEle, de coração,
E teu será o gran perdão."
583;LOUVOR;;"1. Louvamos-te, ó Deus, pelo dom de Jesus,
Que por nós pecadores, foi morto na cruz

[coro]
Aleluia, toda a glória Te rendemos sem fim;
Aleluia, Tua graça imploramos. Amém!

2. Louvamos-Te, ó Deus, pelo espírito, luz
Que nos tira das trevas e a cristo conduz.

3. Oh, vem nos encher de celeste fervor,
E fazer-nos fruir Teu afável amor!"
584;LOUVOR AO SENHOR;;"Ó gratos ao Senhor, ao vosso Rei louvai;
Com alegria e com fervor,
Com alegria e com fervor,
Seu culto celebrai, Seu culto celebrai!
A Ele pertencem benção e sabedoria, sim!
Glória e soberania, agora e pra sempre sem fim."
585;LUGAR DE DELÍCIAS;;"1. Junto ao trono de Deus preparado,
Há cristão, um lugar para Ti;
Há perfumes, há gozo exaltado,
Há delícias profusas ali;
Sim ali, sim ali.
De seus anjos fiéis rodeados,
Numa esfera de glória e de luz,
Junto a Deus nos espera Jesus.

2. Os encantos da terra não podem
Dar idéia do gozo dali;
Se na terra os prazeres acodem,
São prazeres que findam-se aqui;
Mas ali, mas ali,
As venturas eternas concorrem
Com a existência perpétua da luz,
A tornar-nos feliz com Jesus.

3. Conservemos em nossa lembrança
As riquezas do lindo país.
E guardemos conosco a esperança
Duma vida melhor, mais feliz,
Pois dali, pois dali
Uma voz verdadeira não cansa
De oferecer-nos do reino da luz
O amor protetor de Jesus.

4. Se quisermos gozar da ventura
Que no belo país haverá,
É somente pedir de alma pura,
Que de graça Jesus nos dará,
Pois dali, Pois dali,
Todo cheio de Amor, de ternura,
Desse amor, que mostrou lá na cruz,
Nos escuta, nos ouve Jesus."
586;LUGAR PARA CRISTO;;"Tu deixaste Jesus o Teu Reino de luz,
E baixaste a este mundo tão vil!
Um presépio em Belém, Tu Jesus Sumo Bem,
Escolheste por berço infantil.

[coro]
Vem Jesus habitar comigo, Em minha alma há lugar ó vem já;
Vem Jesus habitar comigo, Em minha alma há lugar, oh vem já!

Alegraram-se os céus, com os santos de Deus,
Sim por teres nascido Jesus;
Vindo aos filhos de Adão conceder salvação,
Pela morte em resgate na cruz!

Tu vieste Senhor, revelar nos amor,
E Te aprouve do mal nos salvar;
Mas provaste do fel do motejo cruel,
Morte enfim, Te fizeram provar.

Outra vez Tu virás, e por mim chamarás;
Rodeado dos anjos de Deus;
Oh que gozo pra mim, se disseres assim:
Um lugar te darei Eu nos céus."
587;LUTAI POR CRISTO;;"Lutai, irmãos, por Cristo
Soldados, sois da luz;
Alçai seu estandarte,
Lidai por Sua cruz!
Vencei os inimigos,
As hostes derrotai;
Oh, sede destemidos,
À frente Cristo vai!

Marchai, ó crentes,
Soldados de Jesus!
Alçai seu estandarte,
Unidos, lutai por Sua cruz!

Estai bem preparados,
Ao toque do clarim;
Segui de perto a Cristo
Até da luta o fim!
As armas empunhando,
Cobertos de valor,
Dispostos, bem ousados,
Marchai, pois, sem temor!

Oh, confiai em Cristo,
Na sua proteção,
Pois, confiando em outro,
Só lutareis em vão!
Da santa vestidura
De Deus vos revesti;
Na brecha, no perigo,
Firmai-vos, resisti!

A luta já travada
Em pouco findará,
E o grito da vitória
Bem cedo soará;
Então a recompensa
Terá o vencedor,
Daquele Rei da glória,
Do forte Redentor.

Trad.: William Edwin Entzminger (1859-1930)"
588;LUTAR;;"Vamos batalhar, juntos pelejar,
Todos guerrear, vamos já!
O inimigo que com as hostes vem
Tão feroz e mau, quem vencerá?

Vamos, crentes, vamos já avante,
Firmes sempre contra satanás!
Jesus Cristo é o nosso comandante,
Vai conosco o general capaz.

Vamos avançar, sem temor alçar,
E fazer brilhar nossa luz!
Trevas vão fugir, glórias hão de vir,
Venham todos proclamar Jesus!

Ó glorioso pai, o fiel não cai,
Sempre avante vai, vencedor!
Quando o fim chegar desse batalhar,
Vem nos coroar, por teu amor!"
589;LUTAR CC. 475;;"Vamos batalhar, juntos pelejar,
Todos guerrear, vamos já!
O inimigo que com as hostes vem
Tão feroz e mau, quem vencerá?

Vamos, crentes, vamos já avante,
Firmes sempre contra satanás!
Jesus Cristo é o nosso comandante,
Vai conosco o general capaz.

Vamos avançar, sem temor alçar,
E fazer brilhar nossa luz!
Trevas vão fugir, glórias hão de vir,
Venham todos proclamar Jesus!

Ó glorioso pai, o fiel não cai,
Sempre avante vai, vencedor!
Quando o fim chegar desse batalhar,
Vem nos coroar, por teu amor!"
590;LUTAS E VITÓRIAS;;"São fortes as lutas que a ti tem afrontado.
Duros momentos vem tua vida entristecer.
Em certas horas quase tens desanimado,
As duras provas tem feito você sofrer
A cruz pesada os teus ombros tem ferido,
Até parece que ninguém quer te valer…

Saiba irmão,
Que as lutas que estás passando,
Tem dois olhos contemplando,
E logo vem te socorrer.
Saiba irmão,
Que as lutas que estás passando,
Tem dois olhos contemplando,
E logo vem te socorrer.

Talvez teus filhos desviaram da igreja,
E isto dói muito em seu coração.
Quem sabe até estas desempregado.
E preocupado pensa em lhe faltar o pão.
Talvez alguém tenha te caluniado,
Desesperado não sabes o que fazer…

Do outro lado da batalha nos espera,
Uma coroa e um grande galardão.
Em que o justo Juiz naquele dia,
Entregará a cada um de nós irmão.
Ruas de ouro lá estão nos esperando
E muito breve nossos pés palmilharão…
Um lindo céu glorioso nos espera,
Passará o céu e a terra
Mas estas promessas não.

Um lindo céu glorioso nos espera,
Passará o céu e a terra
Mas estas promessas não.
Não hão de passar.
Um lindo céu glorioso nos espera,
Passará o céu e a terra
Mas estas promessas não.
Não hão de passar."
591;LUZ APÓS TREVAS;;"Luz após trevas, glória após luz
Ganho após perda, trono após cruz,
Paz após luta, fruta após flor,
Riso após pranto, gozo após dor.

Crente após ímpio, justo após réu,
Graça após ira, vista após véu,
Sol após chuva, mel após sal,
Lar após lida, bem após mal.

Perto após longe, Cristo após eu,
Vida após tumba, terra ante o céu;
Glória, paz, vida, fé, trono e luz,
Tudo isso eu tenho, crendo em Jesus.

Trad.: Raul Gonçalves (1875 – ?)"
592;LUZ BENDITA;;"Que bendita, que gloriosa luz,
É mais clara que a do dia!
Ilumina as almas a seguir
Cristo o Mestre o Eterno Guia

[coro]
Luz Bendita, Luz gloriosa,
concedida lá dos altos céus
Só ao crente em Cristo o Redentor,
Ó bendita Luz de Deus!

Sempre canta alegre seu louvor,
Quem possui a luz dos céus!
Goza afável e celeste paz
Dom gracioso só de Deus

Vida nova em santa retidão,
tem os crentes em Jesus;
Quem de perto ao Salvador seguir,
DEle alcança graça e luz

Esperança vida e Salvação,
hás de ter, ó pecador;
Aceitando Cristo nossa Luz,
este Dom do Deus de amor

John R.Sweney (1837-1899)
Eliza E.Hewitt (1851-1920)"
593;LUZ BENIGNA;;"Na escuridão, oh, brilha, meiga Luz!
Guiar-me vem!
Na negra noite brilha e me conduz;
Guiar-me vem!
Não peço luz a fim de longe ver:
Somente luz em cada passo ter.

Em outro tempo não queria luz
Pra me guiar;
Não quis seguir o que me impõe a cruz:
Quis vacilar.
Sem luz eu não desejo mais andar;
Oh, vem, Senhor, oh, vem meus pés guiar!

Guardou-me até aqui o teu poder,
E guardará;
Teu braço vai-me ainda defender,
E guiará.
E, finda minha vida terreal,
Irei morar no lar celestial."
594;LUZ DIVINA;;"Oh, vem, divina luz,
Converte o coração,
E dá-me a salvação!
Oh, vem, divina luz!

Amor celeste, vem,
Vem inundar meu ser,
E o ódio desfazer.
Amor celeste, vem!

Oh, vem tu, meu Senhor,
Habita no meu lar!
Erige o teu altar
Em mim, ó Salvador!

Sem luz, nas trevas vivo;
Na alma que se humilha,
Ó luz divina, brilha;
Brilhar agora vem!"
595;LUZ DO MUNDO;;"Luz do mundo, Jesus Cristo,
Vem, dissipa as ilusões
Tira o véu de nossos olhos
Ilumina os corações.
Para ver-Te, para ver-Te
Cumpre nossas orações.
Para ver-Te, para ver-Te
Cumpre nossas orações.

2. Nos desertos desse mundo,
Onde reina Satanás,
Resplandeça o evangelho,
Brilhem Tua graça e paz;
Luz divina, luz divina
Vença toda luz falaz.
Luz divina, luz divina
Vença toda luz falaz.

3. Onde as trevas do pecado
Obscurecem Teu amor,
Raie divinal ensino
Do benigno Salvador;
Manifesta, manifesta
Tua glória, ó Senhor.
Manifesta, manifesta
Tua glória, ó Senhor.

4. Luz dos homens, luz da vida.
Brilha com poder nos teus,
Esclarece suas almas,
Mostra-lhe o grande Deus.
Luz do mundo, luz do mundo,
És o resplendor dos Céus.
Luz do mundo, luz do mundo,
És o resplendor dos Céus."
596;LUZ NAS TREVAS;;"Avançai! Avançai! Derramai santa luz
Sobre os povos da terra que não têm Jesus!
Ide, pois, diz o Mestre. De vós, quem irá,
Observando o preceito que Cristo nos dá?
Confiai no Senhor; não tenhais mais temor!
Avançai com Jesus, avançai!

Avançai! Avançai! Com a Bíblia na mão;
Proclamai às nações que já há remissão!
Encarai os perigos com fé em Jesus!
Se sofrermos aqui, reinaremos em luz;
Vinde, crente, lutai; nos trabalhos entrai!
Avançai sem temor, avançai!

Avançai! Avançai! A pregar aos milhões
Que perecem nas trevas e sem salvação!
Foi por ele tembém que Jesus padeceu,
Que na terra pobreza e insultos sofreu.
Proclamai redenção! Em Jesus há perdão!
Avançai com amor, avançai!

Trad.: Robert E. Neighbour"
597;LÁ NO CÉU;;"Há um lar mui feliz lá no céu,
Onde não há tristeza nem dor,
Onde os salvos irão habitar,
Na presença do seu Salvador.

Lá no céu, lá no céu,
Há um lar mui feliz lá no céu.
Lá no céu, lá no céu,
Há um lar mui feliz lá no céu.

Tenho amigos fiéis lá no céu,
Que desfrutam o gozo na luz;
Já venceram os males daqui
E lá cantam louvor a Jesus.

Lá no céu, lá no céu;
Tenho amigos fiéis lá no céu!
Lá no céu, lá no céu;
Tenho amigos fiéis lá no céu!

Eu também vou viver lá no céu,
E hei de ver quem me deu salvação.
Não demora o momento de eu ir
E morar lá naquela mansão.

Lá no céu, lá no céu;
Eu também vou viver lá no céu!
Lá no céu, lá no céu;
Eu também vou viver lá no céu!

Nesse lar tão feliz, lá no céu,
Nunca o mal poderá penetrar;
Só há gloria, pureza e prazer
Onde os salvos por Cristo hão de entrar.

Lá no céu. lá no céu;
Nesse lar tão feliz lá no céu!
Lá no céu. lá no céu;
Nesse lar tão feliz lá no céu!

Trad.: Ricardo Pitrowsky (1891-1965)"
598;LÁ NÃO HÁ DOR;;"1. Eu ouvi de um país
Onde tudo é feliz,
Terra de gozo puro e sem dor.
Nele habita Jesus, e de glória reluz
E não há da velhice o temor.

[coro]
Lá não há dor, não há temor;
Nunca os jovens envelhecerão.
Sim, não há dor, nem há temor;
Os remidos a Deus louvarão.

2. Nesse formoso lar
Onde iremos morar,
Será tudo delícias e louvor;
Os fiéis e leais, lá nos poços reais.
Para sempre verão o Senhor.

3. Quando aqui terminar
A tarefa de dar
A mensagem divina, eficaz,
Nossas lutas, então, para sempre estarão
Esquecidas, na mais doce paz."
599;MADEIRO;;"1. Pendurado no madeiro,
Ó Jesus, quiseste assim
Resgatar do cativeiro,
E provar-me amor sem fim.
O Teu sangue foi vertido
Expiraste, ó meu Jesus,
E ficou por Ti cumprido
Meu resgate sobre a cruz.

2. Nesse sangue que verteste,
Purifica-me Senhor;
Foi por mim que Tu morreste;
Sê propício ao pecador
Sê propício ao desgraçado
Sob a dor da maldição
Desse abismo do pecado
A lutar na escuridão.

3. Quero a Ti, Jesus bendito,
Minha fronte, levantar;
Mas não posso, réu maldito,
Tua glória contemplar.
Ah! Leproso, nunca esperes
De Jesus no reino entrar.
Eu bem sei … Mas, se quiseres,
Bem me podes limpar.

4. Vinde a mim Jesus humilha
Já tão manso coração;
Já da fé na chama brilha
O pendor da salvação,
Ei-Lo ali na cruz pregado;
Chama a todo pecador
A limpar o seu pecado
Nesse sangue expiador."
600;MADEIRO LAVRADO;;"1. Cortaram o madeiro e fizeram uma cruz
Para o meu Salvador.
Madeiro lavrado, com pregos cravados
Pesado ficou.
Ele carregou a cruz
No caminho caiu,
Mas Deus deu-Lhe graças,
Morrendo na cruz por mim e por ti.

[coro]
Foi feita assim
A cruz do Salvador
Madeiro lavrado com pregos cravados,
Pesado ficou.

2. Perante pilatos Jesus foi levado
Como um malfeitor.
Chegando a ele, olhando ao mestre
Assim perguntou: “És o rei dos Judeus?”
Disse Jesus “Na verdade Eu Sou.
O meu reino é eterno,
Não é deste mundo,
Daqui eu não Sou”

3. Chegando ao calvário pregaram na cruz
O meu Salvador.
Com a coroa de espinhos,
Com a fronte sangrando ao Pai suplicou,
Traspassado de dor ficou,
O meu Salvador.
As três horas da tarde.
Inclinou a cabeça e ali expirou."
601;MAIOR É DEUS;;"1. Se o coração nos condena, maior é Deus!
Deus sabe todas as coisas, maior é Deus.
Se o inimigo rodeia, se a derrota campeia,
Ou se fico só?
(BIS) Por maior que seja o problema
Nada há que eu tema,

[coro]
Deus é maior.
Maior é Deus, maior é Deus.
Deus é maior que a morte,
Ele é rei, Ele é forte, Ele é maior.
Deus é maior que o pranto
Ele é justo, Ele é Santo, Ele é maior.

2. Quando vem a enfermidade, maior é Deus!
Quando vem a dor ou saudade, maior é Deus.
Quando a tristeza me assalta, quando a força me falta,
Orar é melhor?
(BIS) Pela oração vem conforto.
Nosso Deus não é morto.
Ele é maior."
602;MAIS AMOR;;"Em Jesus confio, pois que me salvou;
Derramou seu sangue, seu amor mostrou,
E das densas trevas para a sua luz
Me tirou, e agora sempre me conduz.

Sempre hei de segui-Lo, sim, de coração,
Pois que me protege sua forte mão;
Ele é poderoso para me guiar
Sempre no caminho em que convém andar."
603;MAIS DE CRISTO;;"Eu quero mais e mais de Cristo
Eu quero mais do Seu poder
Eu quero mais da Sua Presença
Eu quero mais e mais de Cristo."
604;MAIS PERTO;;"Andando triste aqui, na solidão,
Paz e descanso a mim, Teus braços são.
Sempre hei de suplicar, mais perto quero estar,
Mais perto quero estar, meu Deus de Ti!

Minha alma cantará, a Ti Senhor,
Cheia de gratidão, por Teu amor.
Sempre hei de suplicar, mais perto quero estar,
Mais perto quero estar, meu Deus de Ti!

E quando a morte enfim, me vier chamar,
Com serafins nos céus, irei morar.
Então me alegrarei, perto de Ti meu Rei,
Perto de Ti meu Rei, Meu Deus de Ti!

Lowell Mason (1792-1872)
Sarah Flower Adams (1805-1848)"
605;MAIS PERTO DA TUA CRUZ;;"Meu Senhor, sou Teu – Tua voz ouvi
A chamar-me, com amor;
Mais, de Ti, mais perto eu quero estar,
Ó bendito Salvador!

Mais perto, perto da Tua cruz
Quero estar, ó Salvador!
Mais perto, perto, perto da Tua cruz
Leva-me, ó meu Senhor!

A seguir-Te só, me consagro eu,
Constrangido pelo amor,
E, alegre, já me declaro Teu,
P’ra servir-Te a Ti, Senhor.

Oh! Que pura e santa delicie é,
Aos Teus santos pés me achar,
E com viva e reverente fé,
Com meu Salvador falar."
606;MAIS PERTO DE JESUS;;"1. Mais perto de Jesus, procuro sempre eu chegar,
Mais belo que o ouro do sol nada é a Ti mirar!
Em pensamentos, sonhos, tanta glória nunca vi;
Pois Ele é mais belo do que eu jamais previ!

[coro]
Não posso explicar
Quão meigo é Jesus;
Mas, face a face, no teu lar,
Eu te verei Jesus!

2. A estrela resplandente da manhã é minha luz;
O lírio dos vales é o bom Senhor Jesus;
Suave e doce é o cheiro, que só vem de Ti;
Pois Ele é mais belo do que eu jamais previ!

3. Se mágoas vem me perturbar, o bálsamo Ele tem
Me toma nos Seus braços e, assim,descanso bem
Na cruz levou Jesus o meu pecado sobre Si;
Pois Ele é mais belo do eu jamais previ!"
607;MAIS PERTO MEU DEUS DE TI;;"1. Mais perto quero estar,
Meu Deus de Ti! Inda que seja a dor
Que me una a Ti!
Sempre hei de suplicar,
Mais perto quero estar,
Mais perto quero estar
Meu Deus de Ti!

2. Andando triste aqui
Na solidão,
Paz e descanso a mim
Teus braços dão;
Nas trevas vou sonhar
Mais perto quero estar,
Mais perto quero estar
Meu Deus de Ti!

3. Minh’alma cantará
A Ti, Senhor!
E em Betel alçará
Padrão de amor,
Eu sempre hei de rogar,
Mais perto quero estar,
Mais perto quero estar
Meu Deus de Ti!

4. E quando Cristo, enfim
Me vier chamar,
Nos céus com serafins
Irei morar.
Então me alegrarei,
Perto de Ti, meu Rei
Perto de Ti meu Rei
Meu Deus de Ti!"
608;MAIS UM MILAGRE;;"1. Novamente o Senhor realizou
Sobre mim o seu anjo se acampou
Mais um milagre o Senhor realizou:
Minha vida desperançada
Muitos dias multiplicou.

[coro]
Mais um milagre
Quero que o Senhor me faça.
Que sustente a minha alma
Quero viver da Tua graça

2. A mão de Deus repreendeu de mim a morte,
Por isso agora eu anuncio este Deus forte,
Vou contemplando o reflexo de Sua glória
Vou contando a toda gente esta tão grande vitória.

3. É ele mesmo quem sustenta o meu viver;
Na minha vida o meu Deus me dá prazer
O que eu faço, pois eu não posso pagar
O que eu posso oferecer é a minha vida
E o meu cantar."
609;MAIS UM OBREIRO;;"Mais um obreiro escuta
A tua voz, Jesus,
E quer entrar na luta,
Seguindo tua luz;
Tem força diminuta,
Mas, crendo em tua cruz,
Os planos executa,
Que teu amor produz!

Senhor, desperta e chama
Ceifeiros mais e mais;
Pois tua vinha clama
Por servos mui leais,
Que levem tua fama
De amor, perdão e paz
Ao mundo que Deus ama
Com graça e amor veraz!

Ao servo teu dá graça
E vida de poder;
Que a tua obra faça,
Visando o teu querer.
Protege-o da desgraça
De sua fé perder;
Reveste-o da couraça
Do teu real poder.

Concede-lhe justiça
E um nobre coração;
Que escape à vil cobiça
Em toda ocasião;
Que tenha fé submissa,
Contigo em comunhão,
Fiel na santa liça,
Vencendo a tentação."
610;MAIS UM TEMPLO;;"Hoje, inaugura-se aqui, santo Deus,
Mais um padrão de teu amor;
Um novo templo, fanal para os céus,
Causa de mais louvor!

Glória a Deus, glória a Deus!
Cantem os filhos teus!
Glória a Deus, glória a Deus!
Glória nos altos céus!

Casa de cultos e fonte de luz,
Onde o Senhor dá salvação
Pelo evangelho que trouxe Jesus
Com tanta compaixão!

Marco sublime da proclamação
Do teu amor, do teu querer;
Os pecadores aqui ouvirão
Qual é o seu dever.

Seja esta casa lugar de oração,
Habitação certa de Deus,
Porta do céu e lugar de perdão,
Vida de paz dos céus!"
611;MAIS UMA NOITE;;"Oh meu Jesus quando será que vem buscar-nos,
A tua noiva ansiosa te espera.
São tantas as lutas e opressões que aqui passamos.
Volta Jesus para levar-nos desta terra.

Mais uma noite te esperamos mestre amado
Se não voltares amanhã te esperaremos,
Somente tu podes consolar o nosso pranto
Jesus querido dia e noite te esperamos.

Noivo querido a tua noiva te espera,
Porque deseja viver na glória sempre ao teu lado.
Pois só em ti felicidade encontraremos,
Jesus tu sabes que aqui tanto sofremos."
612;MANSO E SUAVE;;"1. Manso e suave Jesus, Convidando,
Chama por ti E por mim.
Eis que ele à Porta te espera Velando:
Vela por ti E por mim.

[coro]
Vem já, vem já! Alma cansada Vem já!
Manso e suave Jesus, Convidando,
Chama: ó Pecador, vem!

2. Pois que esperamos? Jesus, Convidando,
Convida a ti, Sim, e a mim.
Oh! Não desprezes mercê que Está dando,
Sim, dando a ti, Dando a mim.

3. Correm os dias, As horas se Passam.
Passam por ti E por mim.
Transes de morte Por fim nos Esperam,
Vem tanto a ti Quanto a mim

3. Oh! Grande amor que Jesus nos Tem dado,
Tem dado a ti, Dado a mim!
Veio salvar-nos De tão vil Pecado,
Veio por ti E por mim."
613;MARANATA;;"1. Aguardando a volta do Senhor em prontidão está
Tens mostrado com tua vida que Jesus não tardará.
Andas ocupado em seu serviço, ocioso estás
O relógio de Deus breve baterá.

[coro]
Maranata, aleluia
Maranata, aleluia
Maranata, aleluia
Cristo volta e sua noiva levará.

2. Os sinais dos tempos mostram que Jesus breve virá.
Muito anelo encontrá-Lo e com Ele sempre estar.
Novas vestes meu Senhor naquele dia me dará.
Oh! Que gozo Sua face contemplar!"
614;MARAVILHA;;"Chegado á cruz do meu Salvador,
Prostrado aos pés do meu Redentor,
Ele atendeu logo a meu clamor;
Glória ao Salvador!

Que maravilha, Jesus me amou!
Tudo de graça me perdoou!
Quebrou meus laços e me livrou!
Glória ao Salvador!

Glória ao Salvador! ( bis )
Agora sei que ele me salvou.
Glória ao Salvador!"
615;MARAVILHAS DIVINAS;;"Ao Deus de amor e de imensa bondade,
Com voz de júbilo vinde e aclamai;
Com coração transbordante de graças,
Seu grande amor, todos vinde e louvai.

No céu na terra, que maravilhas,
Vai operando o poder do Senhor!
Mas seu amor aos homens perdidos,
Das maravilhas é sempre a maior.

Já nossos pais nos contaram a glória
De Deus, falando com muito prazer,
Que nas tristezas, nos grandes perigos,
Ele os salvou por seu grande poder.

Hoje também nós bem alto cantamos
Que as orações Ele nos atendeu;
Seu forte braço, que é tão compassivo,
Em nosso auxílio Ele sempre estendeu.

Como até hoje e daqui para sempre
Ele será nosso eterno poder,
Nosso castelo bem forte e seguro,
E nossa fonte de excelso prazer."
616;MARAVILHOSA GRAÇA;;"1. Maravilhosa graça, maior que o meu pecar
Como poder cantá-la? Como hei de começar?
Pois alivia a minha alma, e vivo em toda calma
Pela maravilhosa graça de Jesus.

[coro]
Graça, quão maravilhosa é a graça de Jesus
Alta como o firmamento, alta e é sem fim.
Graça, quão maravilhosa, suficiente a mim.
É maior que a minha vida inútil,
É maior que o meu pecado vil
O nome de Jesus engrandecei e glória daí.

2. Maravilhosa graça, quão ricas bênçãos traz
O seu poder transtorna, o pecador falaz
Estou salvo com a verdade, por toda a eternidade,
Pela maravilhosa graça de Jesus."
617;MARAVILHOSA PAZ;;"1. Oh! Quão doce é a paz que do meu coração
Invadindo vem todo meu ser;
Uma calma infinita que só poderão
Os remidos de Deus compreender.

[coro]
Paz, paz! Quão doce paz
É aquela que Deus me dá,
Eu te peço pra sempre que inunde meu ser
Dessa paz e do amor celestial.

2. Essa paz inefável consolo me dá
E descanso perene em Jesus
Perigo nenhum no caminho haverá
Pois eu ando com Ele na luz."
618;MARAVILHOSO É CRISTO;;"Maravilhoso é Cristo, incomparável sim,
Maravilhoso é Cristo,
Antes de tudo, Ele é pra mim,
Maravilhoso é Cristo,
Quão grande é seu amor,
Melhor amigo não tenho,
Tudo Ele é pra mim."
619;MARAVILHOSO É JESUS;;"1. Maravilhoso é Jesus,
Dá me vida e luz
Pois me salvando, me perdoando
Para Sião me conduz.

[coro]
Maravilhoso, sim, maravilhoso,
É Cristo, pois salvou-me a mim.
Maravilhoso e mui glorioso,
É Cristo que vive em mim.

2. Nunca podia Saber,
Qual é o grande prazer,
Dum que, perdido, arrependido,
A graça vem receber.

3. Ele nas trevas me achou,
Eternamente me amou;
Vida abundante, gozo bastante,
Tenho por quem me salvou.

4. Cristo é tudo pra mim.
Também será para ti;
Vou caminhando, Sempre O louvando,
Pois Ele salvou-me a mim."
620;MARCHAI SOLDADOS DE CRISTO;;"Marchai, soldados de Cristo Jesus,
Marchai, marchai e enfrentai
O inimigo do bem e da luz;
Soldados, avançai!

Sim, avançar, não recuar;
Sem temor, com valor,
Marchai, lutai, pois Cristo vai
Na vanguarda – Avançai!

Marchai, soldados, bem alto erguei
O pavilhão da salvação;
A Belial, firmes, ousados, vencei;
Vencei a corrupção.

Vossa armadura de guerra tomai,
O elmo, sim, da salvação:
E a espada: a Bíblia levai,
E vencereis, então.

Avante, avante, confiando em Jesus,
Fortes sereis por Seu amor,
Marchai invictos, soldados da luz,
Jesus é o vencedor."
621;Me dê Jesus (Give Me Jesus);C;"De manhã ao acordar
De manhã ao acordar
De manhã ao acordar
Só Me dê Jesus
Me dê Je sus
Só Me dê Jesus
Você pode ter, o mundo inteiro
Só me dê e e Jesus

Monumentos, templos e ídolos deste mundo
Passarão, mas a Palavra não passará
Então aceite e creia, pra se tornar, A Palavra Viva
Memoriais de Deus testados pelo tempo
Oh! Um dia Ele virá cavalgando à frente
Tendo cicatrizes de batalha estarei com Ele
Além da atmosfera e estratosfera
direto a presença de Deus
Aprovada a Noiva passa no teste
Quando eu estou sozinha
Quando eu estou sozinha
Quando eu estou sozinha
Só Me dê Jesus
E na hora da morte
E na hora na hora da morte
E na hora da morte
Só Me dê Jesus"
622;Memoriais de Deus Testados Pelo Tempo (Time Tested Memorials);A;"Quando o vento faz a árvore sacudir
Balançando de um lado a outro parece cair
Isso desprende a raiz pra que possa ir mais
fundo e se firmar melhor
Memoriais de Deus testados pelo tempo
Sempre que a doença bate em sua porta
E algum problema quer te frustrar
Toda vez que alguém chega e fala mal de ti
Memoriais de Deus testados pelo tempo
Deus está nos moldando pra que possamos se
firmar melhor
Na Rocha Eterna da Imutável Palavra de Deus
É assim que Ele faz temos que lutar
Pra atestar e pra aprovar
Memoriais de Deus testados pelo tempo"
623;MENSAGEM DO SENHOR;;"Eis a mensagem do Senhor, Aleluia!
Que a todos quer abençoar:
“Cristo salva o pecador, Aleluia!
Salva até por meio de um olhar”.

[coro]
Oh olhai irmãos, olhai!
Sim; olhai só a Jesus!
Ele salva o pecador, aleluia!
Salva até por meio de um olhar!

Vossa dívida pagou, aleluia!
Jesus a satisfez na cruz.
Sua vida Ele entregou, aleluia!
Para todos vos guiar em luz.

Esta oferta Cristo faz, aleluia!
Eterna vida lá nos céus.
Redenção aqui vos traz, aleluia!
Convertei-vos já ao vosso Deus!

Aceitai a salvação, aleluia!
Segui nos passos do Senhor!
Publicai seu perdão, aleluia!
Proclamai o grande redentor!"
624;MENSAGEM REAL;;"Sou forasteiro aqui, em terra estranha estou,
Do reino lá do céu, embaixador eu sou.
Meu Rei e Salvador, vos manda em Seu amor:
As boas novas de perdão.

[CORO]
Eis a mensagem que me deu,
Aquele que por nós morreu,
Reconciliai-vos já, é ordem que Ele dá,
Reconciliavos já com Deus!

É ordem do meu Rei, que todo pecador,
Arrependido já, confesse ao Salvador.
Todo pecado seu, pois Ele prometeu,
Dar o perdão por Seu amor.

No meu eterno lar, não há perturbação,
Eterno gozo e paz os salvos fruirão.
E quem obedecer a Cristo vai viver,
No Reino Eterno do meu Rei.

Flora Hamilton Cassel (1852-1911)
Elijah Taylor Cassel (1849-1930)"
625;MEU BARQUINHO;;"O mar da vida é tão grande meu Senhor.
E como posso navegar sem Teu amor?

No negro mar vai meu barquinho a navegar!
Jesus segura pra meu barco não virar!

Eu vejo a onda engolindo o meu barquinho
Não tenho medo sei que não estou sozinho.

Estou remando não sei quando vou chegar,
Só Jesus Cristo é quem pode me ajudar."
626;MEU CANTO CELESTIAL;;"Já muitas vezes eu pensei
Qual há de ser o canto meu,
Indo eu saudar Jesus, meu Rei,
Quando eu chegar ali no céu.
Oh, que alegria irei gozar
Assim que o seu “bem-vindo” ouvir!
Que canto alegre há de emanar
Do impulso que eu então sentir!

Ali, eu cantarei do amor
Do meu Jesus, o qual sofreu
Por mim, tão grande pecador,
A quem a vida concedeu.

E quando, enfim, eu penetrar
No céu de eterno gozo e luz,
Os anjos vão preludiar
O meu cantar ao bom Jesus.
Quando eu, feliz, me apresentar,
Seu rosto eu hei de ver então,
E ecoará o meu cantar
De um salvo e puro coração.

Oh, quão mavioso ali será
Meu canto! Sim, meu coração
Transbordará, exultará
Por ter completa salvação!
Encontrarei palavras que
Exprimam minha dita ali?
Ser dos remidos! Oh, eu sei
Que nunca tal eu mereci!"
627;MEU CLAMOR;;"Neste mundo, mar profundo,
Não me deixes perecer;
Sê comigo, bom Amigo,
Ó Jesus, eterno Ser!
Desta vida minha ida
Pouco tardará a chegar;
E, entretanto, Cristo santo,
Guarda-me pra não pecar.

Deus clemente, onipotente,
Livra-me da perdição,
E que goze eternamente
Da celeste habitação;
Que minha alma em doce calma,
Frua teu imenso amor;
E, exaltando-te, louvando,
Viva sempre, Redentor.

Meu Jesus, ó meu bom Mestre,
Sê meu Guia e Protetor;
Nesta vida, triste lida,
Dá amparo ao pecador!
Humilhado, consternado,
Te dirijo o meu clamor;
Em tormentos, meus lamentos
Oh, escuta bom Senhor!"
628;Meu coração contente esta;E;"Meu coração contente está
Meu coração contente está
Porque o Senhor já me salvou

Meu coração contente está
Meu coração contente está
Porque o Senhor já me salvou

Oh quão feliz, feliz, feliz
Se sente a alma com Jesus
Com a paz, que nenhum outro pode dar

Oh quão feliz, feliz, feliz
Se sente a alma com Jesus
Com a paz, que nenhum outro pode dar"
629;MEU CRISTO! MEU CRISTO!;;"Quem do céu por mim desceu,
Tudo em meu lugar sofreu,
E por mim na cruz morreu?
Foi Cristo! Foi Cristo!

Os meus pecados expiou:
De toda a pena me livrou!
Da maldição me resgatou,
Meu Cristo! Meu Cristo!

Quem me trouxe, qual pastor,
Seu cordeiro com amor?
Quem quis ser meu Salvador?
Foi Cristo! Foi Cristo!

Quem com branda compaixão,
Derreteu meu coração?
Deu-me plena salvação?
Foi Cristo! Foi Cristo!

Quem diz: “Não te deixarei,
Nem te desampararei,
Sempre te socorrerei?”
É Cristo! E Cristo!

Quem é digno de louvor?
Quem merece o meu amor?
É Jesus, meu Salvador,
Meu Cristo! Meu Cristo!

As minhas trevas dissipou!
Minha alma enferma Ele sarou!
Meu coração Ele alegrou!
Meu Cristo! Meu Cristo!"
630;MEU DESEJO É SER COMO CRISTO;;"Meu desejo é ser como Cristo
Meu desejo ser-lhe fiel,
Ser como Cristo
Oh, Sim eu quero,
Viver pra Cristo,
Meu Salvador."
631;MEU DEUS PROVERÁ;;"Na forte aflição, nos perigos e dor,
Na vil traição e no negro terror,
Com toda a certeza vitória virá;
É firme a promessa: ‘Meu Deus proverá.’
‘Meu Deus proverá, meu Deus proverá.’
É firme a promessa: ‘Meu Deus proverá.’

Às aves do céu dá sustento o bom Deus,
E com mais prazer Ele cuida dos seus,
Pois nada de bom aos fiéis faltará;
Que grande verdade: ‘Meu Deus proverá.’
‘Meu Deus proverá, meu Deus proverá.’
Que grande verdade: ‘Meu Deus proverá.’

Se vem Satanás e nos quer assustar
Com medo falaz para a fé nos tirar,
Não pode; que é nossa e pra sempre será
A rica promessa: ‘Meu Deus proverá.’
‘Meu Deus proverá, meu Deus proverá.’
A rica promessa: ‘Meu Deus proverá.’

A nossa virtude Ele pode aumentar;
Jesus nos ajuda a vitória a ganhar;
Do vil inimigo nos esconderá;
Com grande largueza: ‘Meu Deus proverá’.
‘Meu Deus proverá, meu Deus proverá.’
Com grande largueza: ‘Meu Deus proverá.’

Na hora final, quando a morte chegar,
A voz do Senhor só nos há de alegrar;
E mesmo na morte eu hei de cantar
Com plena certeza: ‘Meu Deus proverá.’
‘Meu Deus proverá, meu Deus proverá.’
Com plena certeza: ‘Meu Deus proverá.’"
632;MEU DEUS É SABEDOR;;"Meu Senhor de tudo sabe,
Certamente, sim;
Com cuidados incansáveis
Me protege a mim.
Tudo quanto Deus permite,
Pra meu bem será,
E, no dia mais penoso,
Forças Deus dará.

Sei que Deus o meu futuro
Tem na sua mão;
Seus desvelos compassivos
Incessantes são.
Inda que eu mais tarde encontre
Provações e dor,
Por detrás das negras nuvens
Brilha seu amor.

Gosto de contar-lhe quanto
Me sucede aqui;
Sou seu filho e quer que esteja
Sempre junto a si,
Para que seus bons cuidados
Possa aqui gozar,
Dando graças por aquilo
Que me queira dar.

Oh, sim, confiadamente
Quero prosseguir,
Sem receios, nem cuidados
Quanto ao meu porvir;
Pois que Deus, meu Pai, me assiste
Com divino amor,
Sendo aquele que me guia
Cristo, o Salvador."
633;MEU FARDO ELE LEVOU;;"1. Eu canto sempre alegre e vou dizer porquê:
Meu fardo Ele levou.
Se alguém me perguntar como, eu lhe direi:
Meu fardo Ele levou.

[coro]
Seu sangue derramou e meu coração lavou,
Os meus pecados todos carregou
No mar do esquecimento
Pra sempre os quis deixar.
Meu fardo Ele levou.

2. Ao vir satã tentar-me, eu lhe direi assim:
Meu fardo Ele levou.
Minh`alma perturbaste, porém foi tudo em vão
Meu fardo Ele levou.

3. Pra Cristo eu vivo agora e bem feliz estou.
Meu fardo Ele levou.
Divina melodia minh`alma entoará,
Meu fardo Ele levou."
634;MEU FORTE REDENTOR;;"Vagando eu em grande escuridão,
O Salvador me encontrou,
Perdido, mesmo, sem ter salvação;
A minh’alma Seu sangue lavou.

Jesus é o meu forte Redentor;
Ele é meu grande Salvador,
Que me libertou na cruz, com mui amor,
Cristo é meu Rei e meu Senhor.

Nos meus pecados e vil turbação,
A luz mostrou-me, o Senhor;
E fez-me ver que ali na perdição
Me alcançava Seu grande amor.

Eu gozo desta grande salvação,
Meu nome já no céu está;
E recebi a divina! unção,
Que aos fiéis ainda Deus dá.

Num dia alegre, Cristo voltará,
E para o céu eu subirei;
Meu corpo transformado, então será,
Qual o de Cristo Jesus. o meu Rei."
635;Meu meu meu;E;"Meu, meu, meu, Jesus é meu (2X)
Dia a dia Ele é meu Salvador
Meu, meu, meu, Jesus é meu."
636;MEU NOME EM SUAS MÃOS;;"1. Meu caminho ponho em suas mãos
Nelas deixo estar minh’oração
Nestas santas mãos estão gravados
Meu nome e Teu, ó meu querido irmão.

[coro]
Meu nome está nas mãos,
Nas mãos de Meu Jesus
Foi ali na cruz que o escreveu
Esquecer-me não será possível
Tem sobre a mão meu nome lá no céu.

2. Foi na dura cruz em que morreu
Que tais cicatrizes recebeu,
Mas ao ver as mãos assim sangrarem
Eu vi ali meu nome escrito estar.

3. Sei que em Sua mão leva o sinal
Que no próprio céu nos lembra o mal
Para sempre está meu pobre nome
Gravado sim nas mãos de meu Jesus."
637;MEU REI ESTÁ VINDO;;"Meu rei está vindo
Meu rei está vindo
Eu espero pela vinda do meu rei."
638;MEU TERNO JESUS;;"1. Quão profunda é a paz
Que por fim encontrei!
Santo gozo que o mundo não dá,
Quando pude ter fé, e minh’alma entreguei
A meu terno e bendito Jesus.

[coro]
Bendito Jesus, bendito Jesus,
Louvado por célicas hostes em luz!
Eu me prosto em amor, ó bendito Senhor,
Meu terno e bendito Jesus!

2. Aos teus pés meus talentos eu venho depor;
Teus caminhos meu prêmio será.
Nada quero guardar, tudo quero entregar
Ó meu terno e bendito Senhor."
639;MILÍCIA DE JESUS;;"Milhares de milhares em refulgente luz!
Eis os guerreiros santos, milícia de Jesus!
Completa, sim, completa sua longa luta aqui,
Com Cristo, seu Senhora Rei, vão descansar ali;

Que doces sinfonias encham a terra e o céu!
Que coros d’aleluias rompem além do véu!
E que chegou o dia, o dia triunfal,
E Cristo reinará, enfim, em glória divina!

Então, não há mais choro, nem há mais tentação;
As dores, as tristezas p’ra sempre fugirão,
E os remidos todos verão seu Salvador;
E transformados, todos, serão como o Senhor."
640;MINH'ALMA ESTÁ CHEIA DE PAZ;;"A minh’alma está cheia de paz (BIS)
Tenho gozo celeste e prazer em dizer
A minh’alma está cheia de paz

Eu caminhando vou (BIS)
Para a cidade santa
Eu caminhando vou.

Eu vou cantar no céu (BIS)
Um hino de vitória,
Eu vou cantar no céu.

Eu vou me consagrar (BIS)
Pra Jesus meu Mestre,
Eu vou me consagrar."
641;MINHA ASPIRAÇÃO;;"Cristo, bom Mestre, eis meu querer;
Mais santidade de vida ter;
Faze-me firme, Cristo, meu Deus,
Para não deixar a senda dos céus.

Cristo, bom Mestre, eis meu querer;
Todas as minhas faltas vencer;
Faze-me rijo para lutar,
Para a vitória sempre ganhar."
642;MINHA COROA;;"Meu deleite é pensar numa terra de além,
Onde irei, finda a luta de aquém;
Quando por meu Jesus conseguir já chegar,
Na coroa eu estrelas terei?

Na coroa as estrelas preciosas terei,
Quando o dia de glória raiar?
Quando Deus me acordar
E da tumba me erguer,
Na coroa eu estrelas terei?

No poder de Jesus vou orar e lutar,
Para ao céu muitas almas guiar;
Quero, pois, merecer, nesse dia final,
A coroa de glória a brilhar.

Oh, que gozo será o seu rosto mirar,
E, prostrado aos seus pés, o adorar!
Na cidade celeste de Cristo, meu Rei,
A coroa da vida terei.

Trad.: Theodoro Rodrigues Teixeira (1871-1950)"
643;Minha fé olha pra ti (My faith looks up to thee);;"Minha fé olha pra Ti
Cordeiro do Calvário
Salvador Divino
Ouça-me enquanto eu oro
Tire todo os meus pecados
Deixe me agora sim
Ser todo Seu

Possa a rica graça dar
Força ao meu coração cansado
Aumentar meu zelo
Como Tu morreste por mim
Que eu possa te amar assim:
Puro, ardente, sem variar
Um fogo vivo
Enquanto o labirinto eu passo
E as dores me afligem
Sejas Tu meu guia
Tornes a escuridão em a dia
Limpe as lágrimas vertidas
Nem me deixe afastar
De Ti, Jesus"
644;MINHA ORAÇÃO;;"1. Eu quero meu Senhor viver só para Ti
E andar sempre em sua luz
Servir com mui temor sempre ao meu Jesus
E um novo canto entoar.

[coro]
Eu quero meu Senhor andar em sua bela luz
E amar aos que me perseguem
Viver só para os outros
A apregoar sempre o bem
Eu quero mais de Ti Jesus.

2. Eu quero meu Senhor ter prazer de sofrer
Afrontas pelo nome Teu
E ouvir sempre o Senhor dizer: Vem filho meu
Recrear-se em minha lei.

3. Quando a noite chegar quero sentir Senhor
Tua presença em meu ser
E ouvir sempre o Senhor dizer: Vem filho meu
Recrear-se em Minha Lei."
645;Minha Pequena Luz (This little light of mine);F;"Minha pequena luz,

Eu vou deixar brilhar

Minha pequena luz,

Eu vou deixar brilhar

Minha pequena luz,

Eu vou deixar brilhar

Deixar brilhar, deixar brilhar, deixar brilhar.

Não vou esconde-la, Não!

Eu vou deixar brilhar
Não vou esconde-la, Não!
Eu vou deixar brilhar
Não vou esconde-la, Não!
Eu vou deixar brilhar
Deixar brilhar, deixar brilhar, deixar brilhar.
Não deixe Satanás apagar
Eu vou deixar brilhar
Não deixe Satanás apagar
Eu vou deixar brilhar
Não deixe Satanás apagar
Eu vou deixar brilhar
Deixar brilhar, deixar brilhar, deixar brilhar.

Brilhando até Jesus voltar
Eu vou deixar brilhar
Brilhando até Jesus voltar
Eu vou deixar brilhar
Brilhando até Jesus voltar
Eu vou deixar brilhar
Deixar brilhar, deixar brilhar, deixar brilhar."
646;MINHA POSSESSÃO ETERNA;;"1. Minha possessão eterna,
Mais que a vida, mais que o amor,
Mais que tudo que eu conheço,
És meu Deus, meu Salvador.

[coro]
Junto a Ti, junto a Ti,
Junto a Ti, junto a Ti,
Quero andar contigo sempre
Na jornada minha aqui!

2. Pelo vale tão sombrio,
Ou no mais terrível mar,
Queira Tua mão divina
Sempre e sempre me guiar.

3. Quando pelas santas portas
Da feliz Jerusalém
Eu entrar na Tua glória,
Gozarei eterno bem!"
647;MINHA VIDA SEJA ASSIM;;"1. Minha vida seja assim,
Consagrada a Ti Senhor.
Possa sempre Tu por mim,
Operar o Teu amor.

[coro]
A minh’alma lava ó salvador,
No teu sangue puro, carmezim.
Minha vida toma para ser, Senhor,
Tua para sempre, sim.

2. Que meus pés somente vão,
Onde os santos possam ir.
Numa eternal canção,
Minha voz se faça ouvir.

3. Seja o meu tempo já,
Consagrado em Teu labor,
Que meus lábios, Jeová,
Falem só do Teu amor.

4. Toma, ó Deus o meu querer.
Faze-o Teu, ó Salvador.
Hoje habita no meu ser,
Enche-me do Teu fervor.

5. Ó recebe-me, Senhor,
Quando venho me prostrar,
Aos Teus pés, ó Salvador,
Hoje vem me consagrar."
648;MINHA ÂNCORA É JESUS;;"1. Meu barco vai navegando, sobre as ondas deste mar,
As ondas já se levantam, querendo tragar minha nau,
Mas, eu tenho uma âncora, em que posso confiar,
Esta âncora é Jesus, veio para me salvar.

[coro]
Minha âncora é Jesus! Minha âncora é Jesus!
Venham os ventos, venham as ondas,
Tempestade o que vier!
Meu barco vai navegando, viajando pela fé.

2. Não importa se meu barco seja forte ou fraco aqui,
O importante é a âncora que dá o sustento ali
Tenho visto lindos barcos, naufragando por aí,
Por faltar-lhes esta âncora, que é tudo para mim."
649;Minhas Ovelhas Ouvem Minha Voz (My Sheep Know My Voice);G;"Minhas ovelhas ouvem minha voz
E o caminho que tomo
E seguem onde quer que eu for
Minhas ovelhas ouvem minha voz
E atendem meu chamado
Mas a voz de um estranho não seguem
Minhas ovelhas ouvem minha voz
E dia após dia
Elas ficam no aprisco
E não se desviam
Elas me amam porque
Fiz por elas minha escolha
E elas seguem meu chamado
Minhas ovelhas ouvem minha voz"
650;MOCIDADE;;"Mocidade, deixa o mundo,
Com seu mal e seu pesar,
E procura o amor fecundo
Que Jesus quer te ofertar;
No aconchego dos seus braços,
Tu terás consolo e amor;
Mocidade, nos teus passos,
Segue os passos do Senhor!

Mocidade, ergue a bandeira
Contra o mundo e seus ardis;
Mocidade brasileira,
Com Jesus serás feliz!

Mocidade, a vida é bela
Quando em bênçãos se traduz,
Quando na alma um céu estrela
As promessas de Jesus;
Vê que o mundo se debate
Entre as ondas da paixão;
Mocidade, nesse embate,
Anuncia a salvação.

Harm.: Antônio Azeredo Coutinho (1936 – ?)"
651;MOCIDADE CRENTE;;"Levantai-vos, jovens crentes,
Firmes pela cruz!
Combatei os inimigos
Do Senhor Jesus!

Lealdade, ó jovens crentes,
A Jesus Senhor!
Firmes sempre nas doutrinas
Do bom Redentor.

Vede as hostes temerárias,
Cheias de furor;
Oh, unidos combatamos
Sempre, sem temor!

Avançai com lealdade,
Firmes em Jesus!
Seja a Bíblia vosso guia,
Seja vossa luz.

Trad.: Salomão Luiz Ginsburg (1867-1927)"
652;MOCIDADE, AVANTE;;"Eia, avante, mocidade,
Vamos por Jesus lutar!
A peleja é mui gloriosa,
Deus nos há de auxiliar.
Eia, avante, camaradas,
Olhos fitos em Jesus!
Caminhemos destemidos,
Avancemos para a luz!

Por Jesus, com zelo santo,
Vinde, jovens, combater!
A mensagem do evangelho
Proclamai até morrer!

Eia, avante, mocidade,
Nunca, nunca recuar!
Só há um caminho certo,
Eia, jovens, avançar!
Eia, avante, camaradas,
Proclamai como um clarim
As palavras do convite:
‘Vinde todos, vinde a mim!’

Eia, avante, mocidade,
Confiando no Senhor!
Onde há fé ninguém vacila!
Pois há vida, luz, vigor!
Eia, avante, camaradas,
Sempre unidos a lutar,
Sempre unidos na esperança,
Sempre unidos no avançar!"
653;MORTE DO CRENTE;;"Para o crente o morrer é cessar
Do trabalho, cessar de gemer;
É com Cristo Jesus repousar,
Sim, é principiar a viver.

Pra gozar com Jesus,
À morada de Deus eu irei;
Vou viver com Jesus,
E a coroa da vida terei.

O morrer é do mundo voar;
O morrer é pra Cristo subir;
O morrer é com Cristo habitar;
O morrer é pra a glória partir.

É sentir uma dita sem-par,
É ter parte na bênção dos céus,
É prazeres celestes gozar,
É chegar à morada de Deus."
654;MOTIVOS DE LOUVOR;;"Oh! vinde ouvir, enquanto
de Cristo eu vou cantar,
meu Salvador bendito,
pois veio-me salvar!
Cordeiro imaculado,
minha alma resgatou,
e com seu próprio sangue
meu coração lavou.

Quando a seus pés sentado,
eu, grato, cantarei
os tão gloriosos feitos
do meu Senhor e Rei.
Sim, mesmo quando os males
me queiram submergir,
eu cantarei de Cristo,
que os pode destruir.

Seguindo na vereda
que para o céu conduz,
eu cantarei de Cristo,
a minha vida e luz!
Quando eu me achar sem males
naquele santo lar,
eternamente a Cristo
louvor hei de cantar."
655;MUITAS VEZES RECLAMEI;;"Muitas vezes nesta vida reclamei,
Por não ter um sapato pra calçar.
Não lembrei que neste mundo tão imenso;
Existem muitos sem os pés para andar.
Reclamei ao ver as mãos cheias de calo,
Revoltei-me de tanto trabalhar.
Esqueci que existem muitos sem as mãos,
E no entanto muitos à se reclamar.

Oh Jesus ajuda a contentar-me,
Lendo a Bíblia esta frase encontrei
Servo bom foste fiel no pouco,
Sobre o muito eu te colocarei.

Reclamei ao ver as roupas já usadas,
Outras novas eu queria possuir;
Mas andando pelo mundo contemplei,
Maltrapilhos muitas vezes a sorrir.
Reclamei ao ver a mesa preparada;
E sobre ela incompleta refeição.
Esqueci que existem muitos mendigando,
Implorando por um pedaço de pão."
656;MUITO ALÉM DO SOL;;"1. Aqui no mundo, não tenho riquezas
Sei que lá na glória, tenho uma mansão;
Qual alma perdida, em meio às pobrezas,
De mim Jesus Cristo teve compaixão.

[coro]
Muito além do sol,
Muito além do sol
Eu tenho um lar, o meu lar escol,
Muito além do sol.

2. Assim pelo mundo, eu vou caminhando,
De provas cercado e de tentação.
Porém Jesus Cristo, que me está provando
Leva-me seguro à real mansão.

3. A todas as raças, e ser humano
Cristo almeja dar-lhe plena salvação
Que bela morada de celeste plano
Que esta preparada na feliz Sião."
657;MULTIPLICAÇÃO DOS PÃES;;"1. Uma certa vez Jesus Cristo,
Pra uma grande multidão,
Na praia da Galiléia,
Fez uma multiplicação.
Com dois peixes e cinco pães,
Todos julgavam que não,
Mais de cinco mil pessoas,
Deu comida boa, deu peixe e deu pão.

[coro]
Este que é Deus,
Deus poderoso do celeste lar,
Este que é Deus,
Que vendo o povo todo a pecar,
Mandou seu filho
Para que o mundo viesse salvar.
Este Deus maravilhoso dá paz e dá gozo,
A quem o aceitar.

2. Jesus ordenou o povo,
Que se assentasse no chão,
Recebendo uma cestinha,
Com dois peixes e cinco pães.
Deu graças ao pai divino,
Disse: Tenha compaixão
Os discípulos naquele momento,
Levaram alimento para a multidão.

3. Para que nada perdesse,
Mandou a sobra juntar,
Doze cestos de pedaços,
Foi o que veio sobrar.
Jesus ainda é o mesmo,
Oh, que alegria sem par,
Este Jesus poderoso,
Lá no céu de gozo está a nos contemplar."
658;MÃOS DO TRABALHO;;"Mãos ao trabalho, crentes,
Vai já passando o alvor;
Vamos, enquanto temos
Nossa vida em flor!
Vamos, enquanto é dia,
Com força trabalhar;
Eia, que em vindo a noite,
Já não há lidar.

Mãos ao trabalho, crentes,
Já, ide, enquanto há luz;
Eia, que agora é tempo
De servir Jesus!
Ide o vigor da vida
Todos ao bem votar;
Eia, que em vindo a noite,
Já não há lidar!

Mãos ao trabalho, crentes,
Breve nos chega o fim;
Firmes, enquanto a morte
Não tocar clarim!
Vamos, irmãos, à obra,
Por Cristo trabalhar;
Eia, que em vindo a noite,
Vamos descansar."
659;NA GLÓRIA;;"Oh, vai me encontrar na glória
Da Jerusalém do céu,
Lá na habitação notória
Que Jesus nos prometeu!
Lá encontrarás amigos,
Que serão, em Cristo, irmãos;
Cantaremos belos hinos;
Vai de todo o coração!

Sim, te encontrarei na glória,
Na brilhante glória além!
Sim, te encontrarei na glória
Da feliz Jerusalém!

Oh, vai me encontrar na glória,
Pois eu te conhecerei
Pelo brilho da vitória
Que Alcançares com teu Rei!
Hei de achar mais harmonia
No cantar que ali ouvir,
Quando à santa companhia
Tua voz também se unir.

Oh, vai me encontrar na glória;
Muito anseio ver-te lá,
Pois da vida a triste história
A ninguém perturbará!
Vai com fé e de alma pura
À feliz Jerusalém;
Gozo eterno, paz, ventura,
Tu terás na glória além.

Trad.: Manuel Antônio de Menezes (1848-1941)"
660;NA JERUSALÉM DE DEUS;;"Quando a luta desta vida
Trabalhosa se findar,
O adeus a este mundo vamos dar;
Para o céu então iremos,
Com Jesus nos encontrar
Na Jerusalém de Deus.

Oh! que gozo e alegria,
Quando o povo ali chegar,
Em Jerusalém! Em Jerusalém!
Sempre ali cantando hosanas,
Pois o Rei no trono esta,
Na Jerusalém de Deus.

O caminho é extenso,
Mas Jesus vai me guiar,
Quando, pelas provações aqui passar;
Pois olhando nEle, eu sigo.
Para brevemente estar,
Na Jerusalém de Deus.

Ao sairmos deste mundo,
Para a divina! mansão,
Gozaremos a perfeita salvação;
E Jesus contemplaremos
A estender-nos Sua mão,
Na Jerusalém de Deus.

Quando, unidos com os salvos,
Lá na pátria do Senhor,
Contemplarmos a Jesus, o Salvador,
Sempre nos alegraremos
Onde há perfeito amor;
Na Jerusalém de Deus."
661;NA MALDIÇÃO DA CRUZ;;"Tu. na maldição da cruz,
Elevaste o Teu amor,
Em rogar, Senhor Jesus:
“Pai, perdoa ao transgressor”.

Queres, queres, com vigor,
Muitas almas despertar;
Queres, queres, ó Senhor!
Transformar, remir, curar;
Oh! Sim! Oh! Sim!
Queres todos renovar.

O Maligno tentador
E o autor da perdição,
Do pecado, mal e dor,
Da doença e da aflição.

Tu levaste, ó bom Jesus,
O pecado, o mal e a dor,
E a doença sobre a cruz;
És o grande Salvador!

Deus é bom, quer sempre o bem Do oprimido pecador;
Mal nenhum, em Si, Deus tem;
“Deus é luz, Deus é amor!”"
662;NA MÃO DE CRISTO;;"1. Num cenário no alto do calvário
Ali estava Jesus a padecer;
E o sangue que corria em sua face
Fez o caminho para o céu aparecer.

[coro]
Meu nome está, está na mão de Cristo
Meu nome penetrou além do véu
Meu nome está, está na mão de Cristo
O meu nome está escrito lá no céu.

2. Na cabeça uma coroa de espinhos
Jesus sofreu com toda humildade
E o sangue que corria em sua face
Era lembrança de toda humanidade.

3. Jesus estava humilde e amoroso
Quando uma lança ao seu corpo transpassou
E o sangue que banhava o madeiro
Todos os nossos pecados perdoou."
663;Na Presença de Jeová (In the Presence of Jehovah);C;"Em muitas situações
Minha vida amarga está

Todo o dia eu luto
Pra respostas encontrar
Então entro em Sua presença
Tenho tudo que preciso
Um momento preparado

Dúvida não pode entrar

Na presença
De Jeová
Todo Podero so
Príncipe da Paz

Problemas somem
Corações aliviados
Na presen ça, do Rei
O Senhor proveu
Um lugar pra descansar

Onde temos as Respostas
Sempre quando precisar
E não há mais motivos
Para se preocupar

Só sussurre o Seu nome
E Ele vai te encontrar
Na pre sença..."
664;NADA DE DESANIMO;;"Queres desanimar-te, já não tens teu fervor?
De coração pesado, não crês em teu Senhor?.
Pois Cristo é Teu amigo, teu guia e Protetor,
De tudo o que careces, te supre Seu favor,
De tudo o que careces, te supre Seu favor.

[coro]
Exulta ó crente exulta, ao Salvador bendiz!
Por Ele protegido És livre e és feliz!

Sendo porém tentado, prestes a sucumbir;
Turvo o teu horizonte, mui feio o teu porvir.
Procura já chegar-te, bem junto ao Salvador,
Pois tudo te garante, teu guia e Protetor
Pois tudo te garante, teu guia e Protetor.

Nunca se turbe ó crente, teu triste coração;
Eis com ternura exclama, Quem te deu a Salvação.
“Confia em mim somente, somente em Meu poder
E nas mansões eternas, comigo irás viver;
E nas mansões eternas, comigo irás viver”.

Charles H.Gabriel (1856-1932)
Civilla D.Martin (1869-1948)"
665;NADA FALTA;;"Meu pecado, sim,
Expiou na cruz
E por graças sem igual
Salvou-me meu Jesus.

Retidão em mim não há;
Por graça salvo sou.
Devo tudo a meu Senhor,
Pois já me resgatou.

Por Jesus eu tenho paz,
E gozo o seu favor;
Nada aqui me faltará,
Com Cristo, meu Senhor."
666;NADA SEI SOBRE O FUTURO;;"1. Nada sei sobre o futuro.
Desconheço o que haverá.
É provável que as nuvens,
Minha luz apagará
Nada temo do futuro.
Pois Jesus comigo está
Eu o sigo decidido,
Seu poder me guiará.

[coro]
Muitas coisas não compreendo.
O amanhã, o que será?
Mas um doce amigo tenho
Que minha mão sustentará.

2. Eu não sei sobre o futuro.
Desconheço o que será.
Mas quem cuida dos pardais
Cuidará também de mim.
Quando estou em mau caminho,
Se na prova ou dissabor,
Sei que Cristo irá comigo,
Sua graça e Seu amor."
667;NASCEU JESUS;;"Nasce Jesus Fonte de luz,
Descem os anjos cantando;
Nasce Jesus é nossa Luz,
Trevas vem pois dissipando.
Nasce Jesus Fonte de luz,
Rompe as cadeias do forte,
Raia o dia da salvação, triunfante vem!
Salve Jesus, oh! firma Teu justo império,
Grato louvor, os homens e os anjos deem!

Nasce Jesus, Fonte de luz Oh glória Deus nas alturas;
Paz na terra aos homens, A quem quer Ele bem!

Deus nos amou e nos mandou,
Cristo seu Filho querido.
Deus nos amou Deus encarnou,
Vede o menino nascido!
Deus nos amou Deus nos amou,
Digam-no todos os povos;
Gozam paz e salvação todos os que creem.
Reino bendito, Reino de amor divino!
Eis que as nações, resgate por Cristo tem!

Nasce Jesus, Fonte de luz Oh glória Deus nas alturas;
Paz na terra aos homens, A quem quer Ele bem!"
668;NASCEU O REDENTOR;;"Alerta ó terra entoa, o canto que ressoa;
O mundo pecador, tem grande sorte e boa!
A nova se vos dá, e quão alegre soa: Nasceu o Redentor!

[coro]
Nasceu o Redentor, nasceu o Redentor,
O eterno Pai do céu seu Filho ao mundo deu,
Alerta ó terra entoa, a nova alegre e boa: Nasceu o Redentor!

A noite já passou, a aurora já raiou;
O negro e denso véu de todo se rasgou.
Dos montes através, o brado ressoou: Nasceu o Redentor!

Nasceu o Rei da paz, num berço humilde jaz;
Nas asas desse amor conforto a todos traz;
Dizei em alta voz, que Cristo satisfaz: Nasceu o Redentor!

Oh! gozo divinal, amor celestial;
Quem pode te sondar ou ter um outro igual?
Posso eu da morte réu, gozar ventura tal? Nasceu o Redentor!

Ó povos, exultai, nações ó jubilai;
Eis finda toda a dor jamais se dá um ai!
A virgem deu a luz, a Deus glorificai! Nasceu o Redentor!"
669;NATAL;;"Eis os anjos a harmonia, cantam glória ao novo Rei;
Paz aos homens e alegria, paz com Deus e suave lei!
Ouçam povos exultantes, ergam salmos triunfantes;
Aclamando o seu Senhor,
Nasce Cristo o Redentor!

Toda a terra e altos céus
Cantem glória ao Homem Deus!

Cante o povo resgatado: Glória ao Príncipe da paz,
Deus em Cristo revelado, vida e luz ao mundo traz.
Nasce pra que renasçamos, vive para que vivamos,
Rei, Profeta e Salvador,
Louvem todos ao Senhor!

Toda a terra e altos céus
Cantem glória ao Homem Deus!"
670;NAUFRÁGIO;;"Já desfaleceu o nauta,
Vê-se a perecer,
E suplica muito ansioso:
‘Venham me valer!’

É revolto o mar da vida
Para o viajor;
Ao clamar, porém, socorre-o
Cristo, o Salvador.

Enfrentando a negra morte,
Cheio de pavor,
Foi que Cristo quis salvar-te,
Pobre pecador.

Naufragante, escuta
Teu bom Salvador:
‘Eis-me pronto pra salvar-te;
Confia, e deixa teu temor.’"
671;NECESSITADO;;"De ti, Jesus, Senhor,
Eu tenho precisão;
Só teu divino amor
Dá paz ao coração.

Ó meu Jesus, comigo
Vem estar agora,
Té que no céu contigo
Eu vá morar.

Oh, dá-me, meu Jesus,
Fruir teu rico amor,
E andar em tua luz,
Submisso a ti, Senhor!

Vencendo a tentação,
Contente viverei
Sob tua proteção,
Ó meu bendito Rei!"
672;NO CÉU NÃO ENTRA PECADO;;"1. No céu não entra pecado
Fadiga tristeza nem dor;
Não há coração quebrantado,
Pois todos são cheios de amor.
As nuvens da vida terrestre
Não podem a glória ofuscar
Do reino de gozo celeste,
Que Deus quis pra mim preparar.

[coro]
Irei eu pra linda cidade,
Jesus me dará um lugar
com os crentes de todas as eras.
A Deus hei de sempre louvar.
Do céu tenho muitas saudades.
Das glórias que lá hei de ver:
Oh que gozo vou ter,
Quando eu vir meu Senhor,
Rodeado de grande esplendor.

2. Pagar não é necessário
A casa que lá hei de ter;
E meu eternal vestuário;
No céu nunca vai se romper,
Jamais viverei em pobreza,
Aflito, no meu santo lar,
Ali há bastante riqueza,
Do qual poderei desfrutar.

3. No céu o luto é banido,
Enterros não hão de passar
Sepulcros jamais são erguidos,
Lá mortos não vou encontrar
Os velhos serão transformados;
Mudados nós vamos ficar,
Quais astros por Deus espalhados
No céu, para sempre brilhar."
673;NO JARDIM DE ORAÇÃO;;"1. No jardim, Jesus Cristo clamava,
Quando os ímpios o foram prender
E falando com o Pai suplicava,
Pelo cálice que ia beber.

[coro]
Com Jesus a minha alma deseja estar
No jardim em constante oração;
Quando a noite chegar e o mal me cercar
Quero estar em constante oração!

2. Qual orvalho que dá vida as flores,
Assim é para o crente a oração;
Meus cuidados, tristezas e dores,
Cristo as sabe por minha oração.

3. Jesus teve completa vitória,
Porque sempre viveu em oração;
Muitos santos chegaram a glória,
Sob o manto da doce oração.

4. Renovados em força seremos,
Nós teremos uma nova unção;
E com Deus no jardim falaremos,
Se vivermos sempre em oração."
674;NO MEU CORAÇÃO;;"No meu coração,
No meu coração,
Vem hoje habitar, ó Cristo
Vem para morar, vem ficar
No meu coração, ó Cristo"
675;NO PARAÍSO;;"No paraíso do cristão,
Prazeres santos há;
E muitos meus queridos lá estão,
Os quais me esperam já.

Esperam lá, esperam lá,
Meus queridos lá no céu me esperam já;
Esperam lá, esperam lá,
Meus queridos lá no céu me esperam já.

Às portas de Jerusalém
Meu Salvador está;
Seus ternos braços sempre abertos tem,
Os quais me esperam lá.

Coroa linda eu lá terei
Que nunca murchará,
A qual do meu Senhor receberei
E que me espera lá.

Naquele belo e doce lar,
Meu coração já está.
Oh, como almejo os rostos contemplar
Dos que me esperam lá!

Trad.: João Dieners (1889-1963)"
676;NO ROL DO LIVRO;;"Teu nome, por inteiro, escrito está nos céus
No livro do Cordeiro, no livro do bom Deus,
Teremos a vitória, olhando no Senhor;
Por isso, damos glórias e gran louvor.

Teu nome escrito, irmão, está por Deus,
No livro da vida, no rol dos filhos Seus,
Teu nome escrito, irmão, está nos céus;
Oh! glória, aleluia! Amém.

Alegres nós andamos na graça do Senhor;
E nela nós achamos poder consolador!
De Cristo recebemos, ajuda e vigor;
Avante, pois marchemos, sem mais temor.

Nós criaturas, somos remidas por Jesus,
No qual eleitos fomos, pra desfrutar a luz,
Nós temos, por herança, Jesus nos altos céus,
Também a esperança de ver a Deus.

Contentes, levantemos os olhos para os céus,
Escritos nós já temos, os nomes, lá por Deus;
Sentindo grande gozo, servindo ao Senhor,
Ao Todo-poderoso, ao Redentor."
677;NO SERVIÇO DO MEU REI;;"No serviço do meu Rei eu sou feliz, satisfeito, abençoado;
Proclamando do meu Rei a Salvação, no serviço do meu Rei.

[coro]
No serviço do meu Rei, minha vida empregarei;
Gozo paz felicidade, tem quem serve ao meu bom Rei!

No serviço do meu Rei eu sou feliz, obediente e corajoso;
Na tristeza ou na alegria sei sorrir, no serviço do meu Rei.

No serviço do meu Rei eu sou feliz, jubiloso e consagrado;
Ao Seu lado desafio todo o mal, no serviço do meu Rei.

No serviço do meu Rei eu sou feliz, venturoso e decidido;
Quanto tenho no serviço gastarei, no serviço do meu Rei.

Bentley DeForrest Ackley (1872-1958)
Aifred Henry Ackley (1887-1960)"
678;NOITE DE EMAÚS;;"Pelo vale escuro seguirei Jesus,
Passos sim seguro vejo a tua luz.
O meu passo incerto tu dirigirás.
Ao sentir bem perto nunca perco a paz.

Breve a noite desce noite de Emaús
O meu ser carece de te ver Jesus,
Companheiro amigo ao meu lado vem,
Fica oh Deus comigo infinito bem.

Os espinhos tantos que nos vem sangrar
São remédios santos para nos curar,
Onde existe graça do bondoso Deus
Tudo que se passa nos conduz ao céu.

Não há dor que seja sem Divino fim
Faze oh Deus que a Igreja compreenda assim.
Que apesar das trevas possam ver Senhor,
Que tu mesmo a leva com imenso amor."
679;NOITE DE PAZ;;"Tudo é paz tudo amor!
Dormem todos em redor,
Em Belém Jesus nasceu,
Rei da paz da terra e céu!
Nosso Salvador,
É Jesus Senhor!

Glória a Deus, glória a Deus!
Cantam anjos lá no céu!
Boas novas de perdão,
Graça excelsa, salvação;
Prova deste amor,
Dá o Redentor.

Rei da paz, Rei de amor,
Deste mundo Criador!
Vinde todos Lhe pedir,
Que nos venha conduzir,
Deste mundo a luz,
É o Senhor Jesus."
680;NOIVA QUERIDA;;"Noiva querida por ti Jesus tudo sofreu,
Pra nos salvar quantas afrontas Ele padeceu.
Levou a cruz nas ruas de Jerusalém,
Para nos dar uma morada lá no além.

Um dia destes muitos vão perguntar,
Porque será que esta igreja nunca mais abriu?
Cadê o pastor e o povo que ali cantava?
Já foram embora e deste mundo se despediu!

Lá no emprego o patrão vai esperar,
Porque será que aquele homem aqui não mais voltou?
Alguém dirá! Algo grande aconteceu!
Aquele homem já foi embora pra junto de Deus

Em desespero muitos aqui irão ficar
Cadê irmão, cadê mamãe, cadê papai?
Quantas as vezes me falaram de Jesus!
Já foram embora sei que agora não os vejo mais."
681;NOME ADORÁVEL;;"Mui doce soa ao coração
do pobre pecador
o nome que lhe dá perdão,
Jesus, o Salvador.

Jesus, meu Rei, meu Salvador,
meu terno e bom Pastor,
meu Advogado, meu Senhor,
meu forte Redentor.

Bendito o nome de Jesus,
em ti esperarei;
tu, que morreste sobre a cruz,
em ti confiarei.

Jesus, o só pensar e ti
minha aflição desfaz;
e o ver-te, bem melhor será;
é descansar em paz."
682;NOME NA ORAÇÃO;;"1. Quantos problemas Eu tenho aqui
Não sei Solucionar,
Quando orar Peça a Deus Por mim
Pra ele me Ajudar.

[coro]
Põe o meu nome Na oração
Fale a Jesus Cristo em meu Lugar.
Fala para Ele Me proteger.
Jesus Responderá.

2. As vezes vejo Que vou Cair.
Procuro me segurar
Quando orar Peça a Deus Por mim,
Pra ele me Ajudar.

3. Nos desalentos Nas aflições
Nas fúrias das Ondas do mar,
Muitos precisam Das orações
Não posso desanimar."
683;NOME PRECIOSO;;"1. Leva tu consigo o nome de Jesus, o salvador
Este nome dá conforto seja no lugar que for

[coro]
Nome bom, doce a fé, a esperança do porvir
Nome bom, doce a fé, a esperança do porvir

2. Este nome leva sempre para bem te defender;
Ele é a arma ao teu alcance, quando o mal te aparecer.

3. Oh! Que nome precioso! Gozo traz ao coração;
Sendo por Jesus aceito, tu receberás perdão.

4. Santo nome adorável, tem Jesus o amado teu;
Reis dos reis, Senhor eterno, tu o aclamarás no céu."
684;NOSSAS VOZES JUBILOSAS;;"1. Nossas vozes jubilosas,
Elevemos com fervor,
Pela vinda amistosa,
Dos obreiros do Senhor.

[coro]
Sois bem-vindos; Sois bem-vindos,
Campeões de Jeová;
Parabéns, mas não fingidos,
A congregação vos dá.

2. Recebei os lutadores,
Da verdade, do amor:
Demos a Jesus louvores,
Que os trouxe com vigor.

3. Abraçai os bons soldados,
Das fileiras de Jesus,
Aos que lutam denodados,
Para difundir a luz.

4. Dos fiéis é o bem supremo,
Trabalhar sem dilação,
Pra fazer que o rei eterno,
Reine em cada coração."
685;Nosso Deus é Grandão (How great is our God);D;"Nosso Deus é grandão, grande é Sua Palavra
Ele é o maior, que tudo que há
Ele separou as águas, do poderoso mar vermelho,
E Ele disse: ""Eu Te Guiarei""
É Só confia em mim."
686;Nosso Deus é maior;E;"Nosso Deus é maior
Nosso Deus é maior
E, Hoje não é diferente
Ele opera no presente
Como operou no passado

Nosso Deus é maior
Nosso Deus é maior
Não é o homem para mentir
Prometeu e vai cumprir
Se falou está falado

No passado este Deus
Sempre esteve com os seus
E os livrou de todo mal
No monte Carmelo foi assim
Quando Elias deu um fim
Nos profetas de Baal

Também não foi diferente
Quando três rapazes crentes
Confiaram nesse Deus
Sem falar naquele dia
Que Davi venceu Golias
E acabou com os Filisteus
--
Ainda hoje esse Deus
Cuida bem dos filhos teus
Na peleja vai na frente
Quebra o arco e corta a lança
Do seu povo ele é a esperança
É o socorro bem presente

Jeová é o seu nome
Ele é o fogo que consome
Na batalha é campeão
E a ninguém dá a sua glória
Nunca ouve na história
Outro Deus como esse não"
687;NOVAS TENHO;;"Alta noite estão pastores de Belém ao derredor;
E os cercou e resplendores Luz celeste do Senhor!

[coro]
Novas tenho, dar-vos venho, disse um anjo com dulçor,
Eis nascido o Bem amado, Jesus Cristo o Salvador.

Glória a Deus e paz bendita, eis o canto angelical;
Para toda a gente aflita, tão glorioso e triunfal!

Ver Jesus na manjedoura, onde veio repousar;
Querem eles sem demora, para a nova confirmar!

O Senhor de quanto existe quis pastores procurar;
Para deste berço triste Suas novas proclamar!"
688;NOVO NASCIMENTO;;"Um rico de noite chegou a Jesus,
Afim de saber o caminho da Luz;
O Mestre bem claro lhe fez entender, importa renascer.

[coro]
Importa renascer, importa renascer,
Com voz infalível o disse Jesus: “Importa renascer”!

Vós filhos do mundo escutai ao Senhor,
Que sempre vos chama com mui terno amor;
Ouvi que o Senhor nunca cessa em dizer: importa renascer.

Ó vós que no santo descanso de Deus,
Quereis ter entrada e viver com os seus;
Deveis á Palavra de Cristo atender: importa renascer.

Se amados no céu desejais encontrar,
Deveis vossas culpas a Deus confessar;
E a ordem de Cristo com fé acolher: importa renascer.

George C.Stebbins (1846-1945)
William T.Sleeper (1819-1904)"
689;NUNCA OUVIR DE CRISTO;;"Não te importa se algum dos amigos morrer
Sem ter conhecimento de Cristo?
Deixas que no Juízo ele venha a dizer:
‘A mim nunca falaram de Cristo?’

‘Não me falaram de Cristo! (bis)
Tantos vi que salvou,
Mas ninguém se importou
De falar-me da graça de Cristo!’

Não te importa que as almas preciosas a Deus,
Oh, não sejam levadas a Cristo?!
Pois dirão quando Cristo vier outra vez:
‘A nós nunca falaram de Cristo!’

Não te importa se entrares sem jóias no céu
Por não teres trazido alma a Cristo?
Oh, não venhas tu ser acusado de réu
Por não teres falado de Cristo!

Não te cales jamais; pede a Deus graça, irmão,
Para dar testemunho de Cristo;
Pra ninguém no juízo exclamar com razão:
‘A mim nunca falaram de Cristo!’

Trad.: Ricardo Pitrowsky (1891-1965)"
690;NUNCA SOZINHO;;"Neste mundo sozinho, não quero nem posso avançar;
Pois eu sou tão fraquinho, nunca me posso guardar.
Mas Jesus vai comigo, sempre pronto a salvar;
Pois Ele mesmo promete, que nunca irá me deixar.

Nunca me deixar, nunca me deixar;
Pois Ele mesmo promete, nunca me deixar!

Inimigos mui fortes, procuram minha alma perder;
E se sozinho andasse, que poderia fazer?
Com Jesus ao meu lado, posso alegre avançar;
Pois Ele mesmo promete, que nunca irá me deixar.

Nunca me deixar, nunca me deixar;
Pois Ele mesmo promete, nunca me deixar!

Nas tristezas da vida, nas dores e nas aflições;
E no lidar do dia, vindo quaisquer tentações.
Cristo sempre comigo anda prá me livrar;
Pois Ele mesmo promete, que nunca irá me deixar.

Nunca me deixar, nunca me deixar;
Pois Ele mesmo promete, nunca me deixar!

W.A.Hemphill ()
Henry Maxwell Wright (1849-1931)"
691;NÃO CONSENTIR;;"1. Oh, não consintas tristezas dentro do teu coração
Tendo fé firme no Mestre, segue-O sem hesitação

[coro]
Não consentir! Não consentir!
Que qualquer dor ou tristeza
Venha apagar Teu amor!
Oh, não temer! Nunca ceder!
Em teus apertos te lembra
Que Cristo é Teu protetor.

2. Se por acaso desgostos, possam trazer-te temor
Nunca te esqueças de Cristo,
Que é Teu maior protetor.

3. Deixa, pois, tua tristeza, toda a incerteza e o temor,
Paz e prazer tu em breve,
Receberás do Senhor."
692;NÃO CONSINTAS;;"Oh não consintas tristezas,
dentro do teu coração,
Tendo fé firme no Mestre,
segue-O sem hesitação

[coro]
Não consentir, não consentir,
Que qualquer dor ou tristeza, venha apagar teu amor.
Oh não temer, nunca ceder,
Em teus apertos te lembra, que Cristo é teu Protetor!

Se por acaso desgostos,
vierem trazer-te temor,
Nunca te esqueças de Cristo,
que é teu maior Protetor.

Deixa pois tua tristeza,
toda incerteza e temor,
Paz e prazer tu em breve,
receberás do Senhor.

I.Allan Sankey (1874- ? )
Fanny Jane Crosby (1820-1915)"
693;NÃO FOI COM OURO;;"1. Nós os salvos do Senhor,
Caminhemos com valor;
Ele guarda o coração,
Cristo é a nossa salvação.

[coro]
Não foi com ouro que nos comprou Jesus,
Mas com seu sangue vertido lá na cruz;
Nós, que somos salvos, vamos sem temer
Sempre por seu Sangue o mal vencer.

2. Pela morte de Jesus
Recebemos vida e luz
Do abismo de terror,
Não temos mais nenhum temor.

3. Seguiremos o Senhor,
Pois nos guia ao Criador;
Nos concede paz real,
Nos dá repouso eternal

4. Tu que não tens salvação,
Abre já teu coração
Deixa Cristo te salvar,
E para o céu te preparar."
694;NÃO HAVIA LUGAR;;"Não há lugar prá Cristo, em tua vida e lar?
Terás então de ouvir dizer: no céu não tens lugar.

Aqui nos prazeres tu queres viver,
Gastando os talentos e todo teu ser?
Porque continuas no triste pecar?
Porque não concedes a Cristo lugar?

Não há lugar prá Cristo, em tua vida e lar?
Terás então de ouvir dizer: no céu não tens lugar.

Oh! quão infelizes as almas sem luz,
Ingratas, perdidas, sem paz sem Jesus!
Sim, Cristo hoje mesmo deseja habitar;
Em ti meu amigo oh dá-Lhe lugar!

Não há lugar prá Cristo, em tua vida e lar?
Terás então de ouvir dizer: no céu não tens lugar.

E.Grace Updegraff
A.L.Skilton"
695;NÃO HÁ PERIGO;;"Muitos falam dos perigos
Do caminho em que eu estou;
Mas não veem a luz que brilha
Ao redor, por onde vou.

Meu Jesus me guia os passos,
E já veio em mim morar;
Neste mundo perigoso
Só por mim não posso andar.

Falam mais de desenganos
E de dura provação;
Mas Jesus me ampara sempre
E me dá consolação.

Sei que meu amor é fraco
E propendo pra pecar;
Mas, com seu divino auxílio,
Hei de sempre triunfar."
696;NÃO POSSO EXPLICAR;;"Mais perto de Jesus, procuro sempre eu chegar,
Mais belo que o ouro do sol nado é a Ti mirar.
Em pensamento, sonhos, tanta glória nunca vi;
Pois Ele é mais belo do que eu jamais previ!

Não posso explicar
Quão meigo é Jesus;
Mas, face a face, no Teu lar,
Eu Te verei, Jesus!

A estrela resplendente da manhã á minha luz;
O lírio dos vales é o bom Senhor Jesus;
Suave e doce é o cheiro que só vem de Ti;
Pois Ele é mais belo do que eu jamais previ!

Se mágoas vêm me perturbar, o bálsamo Ele tem;
Me toma nos Seus braços e, assim, descanso bem;
Na cruz levou Jesus o meu pecado sobre Si;
Pois Ele é mais belo do que eu jamais previ!"
697;NÃO SEI PORQUE;;"Não sei porque de Deus o amor, A mim se revelou;
Porque razão o Salvador, pra Si me resgatou.

CORO:
Mas eu sei em quem tenho crido,
E estou bem certo que é poderoso;
Pra guardar o meu tesouro, até o dia final!

Ignoro como o Espírito, Convence-nos do mal;
Revela Cristo Verbo Seu, Consolador real.

Não sei o que de mal ou bem, É destinado a mim;
Se maus ou áureos dias vem, até da vida o fim.

E quando vem Jesus não sei, Se breve ou tarde vem;
Mas sei que meu Senhor virá, na glória que Ele tem.

James McGranahan (1840-1907)
Daniel Webster Whittle (1840-1901)"
698;NÃO SOU MEU;;"Não sou meu! Por Cristo salvo,
Que por mim morreu na cruz,
Eu confesso alegremente,
Que pertenço ao bom Jesus.

Não sou meu! Oh! Não sou meu!
Bom Jesus, sou todo Teu!
Hoje mesmo e para sempre,
Bom Jesus, sou todo Teu!

Não sou meu! Por Ele remido,
Quando o sangue derramou;
Na Sua graça confiando,
Que minh’alma resgatou.

Jamais meu! A Ti confio
Tudo quanto chamo meu;
Tudo nas Tuas mãos entrego;
Meu Senhor, sou todo Teu!

Jamais meu! Ó santifica
Tudo quanto sou, Senhor!
Da vaidade e da soberba,
Vem livrar-me, Salvador."
699;NÃO TARDARÁ;;"Em breve os montes ressurgirão;
Todos os crentes, oh, se encontrarão!
Juntos, alegres, ao céu subirão!
Quando Jesus regressar!

Breve esta terra gozará paz;
Preso, encerrado será satanás!
Tudo o que é vil deixaremos atrás,
Quando Jesus regressar!

Cristo não tarda, não tarda em vir,
Quando será, no glorioso porvir?
Oh, que alegria teremos em ir,
Quando Jesus regressar!"
700;NÃO TARDARÁ CC.111;;"Em breve os montes ressurgirão;
Todos os crentes, oh, se encontrarão!
Juntos, alegres, ao céu subirão!
Quando Jesus regressar!

Breve esta terra gozará paz;
Preso, encerrado será satanás!
Tudo o que é vil deixaremos atrás,
Quando Jesus regressar!

Cristo não tarda, não tarda em vir,
Quando será, no glorioso porvir?
Oh, que alegria teremos em ir,
Quando Jesus regressar!"
701;NÃO TEMAS;;"“Não temas! Contigo, Eu sempre estarei!
Oh! rica promessa do bondoso Rei;
Qual estrela que brilha, lá na escuridão,
Esta linda promessa brilha no meu coração.

Comigo estar! Comigo estar!
Sim, Jesus me promete,
Sempre comigo estar.
Comigo estar! Comigo estar!
Sim, Jesus me promete,
Sempre comigo estar.

Os lírios mais alvos, ei-los murchos estão!
Os dias mais belos, quão depressa vão!
Cristo, o lírio dos vales, nunca mudará:
Cristo, a luz celeste, sempre comigo estará!

E, se pelas águas tiver de passar,
Seus braços eternos hão de me guardar;
Sim, mesmo no fogo. que vem me provar,
Meu Senhor me promete sempre comigo estar!"
702;NÃO VENHAS TARDE;;"Então com que tristeza, ó alma hás de chorar;
Ouvindo a voz de Cristo: “É tarde para entrar”!

Se só te despertares na vinda de Jesus
Tu não terás entrada, por te faltara Luz!
Oh considera a mágoa, que tu terás então!
A porta já fechada e tu batendo em vão

Então com que tristeza, ó alma hás de chorar;
Ouvindo a voz de Cristo: “É tarde para entrar”!

Prepara-te ó amigo, prá vinda do Senhor;
Se crente pois tu fores terás o Seu favor!
No céu então cantando, irás de certo entrar;
Mas se te descuidares não hás de ali chegar.

Então com que tristeza, ó alma hás de chorar;
Ouvindo a voz de Cristo: “É tarde para entrar”!

George W.Asling – Ricardo Pitrowsky (1891-1965)"
703;NÍVEA LUZ;;"Jesus, eu almejo a pureza do céu,
Tua linda presença no coração meu
Os ídolos quebro, me toma Jesus;
Ó dá-me a pureza da nívea luz.

Nívea luz, a nívea luz,
Ó dá-me a pureza da nívea luz.

Jesus, me acode enquanto lidar,
A colocar tudo no santo altar;
A Ti me entrego; nas chamas me pus;
Ó dá-me a pureza da nívea luz!

Jesus, com instância, humilde, roguei
Que o sangue perfeito pureza me dê;
Me lava na fonte aberta na cruz
Ó dá-me a pureza da nívea luz!

Jesus, neste instante, espero a mão
Que há de criar-me o bom coração;
Aqueles que o Espírito pedem de Deus,
Dás sempre a pureza da nívea luz!"
704;O ALVO SUPREMO;;"O mundo vil já desprezei,
E seu caminho abominei;
Mes te suplico, ó Salvador:
A ti me eleva, Redentor!

[coro]
Mais perto, sim, mais perto, sim,
Oh, junto a ti me eleva a mim,
Ao céu em que, meu Salvador,
Contigo esteja sem temor!

No mundo não encontro paz,
Pois ele não me satisfaz;
Aqui só tenho que sofrer;
Contigo quero, pois, viver.

Desejo, sim, aqui viver,
Por tua causa me bater;
Já pela fé eu avistei
O lar em que descansarei.

À tua glória, já no fim,
Ó meu Jesus, me leva, sim,
E me sustenta até chegar
Às portas do celeste lar!"
705;O AMIGO QUE EU QUERO;;"1. Quando opresso eu me sinto
Sob um peso esmagador,
É Jesus o amigo que eu quero ter.
A sangrenta cruz me aponta
Traz me paz interior
É Jesus o amigo que eu quero ter.

[coro]
Dos amigos é o melhor
Seu amor jamais tem fim
Ultrapassa tudo quanto se disser.
Quero dar-lhe todo amor
Retribuindo amor assim
É Jesus o amigo que eu quero ter!

2. Quando estou em tentação
Minhas forças a faltar
É Jesus o amigo que eu quero ter;
Pois seu braço traz escape
Seu poder é salutar,
É Jesus o amigo que eu quero ter.

3. Quando eu bebo o amargo cálice
Trilho a senda da aflição
É Jesus o amigo que eu quero ter.
O seu livro me consola
E me traz animação
É Jesus o amigo que eu quero ter.

4. Ao chegar aquele rio
Esperando ir além,
É Jesus o amigo que eu quero ter;
Transportar-me- á por certo
A feliz Jerusalém
É Jesus o amigo que eu quero ter."
706;O AMOR DE DEUS;;"Decorridos eras são, desde que aos judeus;
Cristo fez proclamação do grande amor de Deus.
Que profundo amor se via, quando aqui andou
Terna, santa simpatia Ele nos mostrou!

Veio aos cegos vista dar, Luz nas trevas ser;
Pecadores quis salvar, perdidos recolher.
Que profundo amor se via, quando aqui andou
Terna, santa simpatia Ele nos mostrou!

Nunca os pobres desprezou, sempre os recebeu;
Paga sempre recusou, de graça tudo deu.
Que profundo amor se via, quando aqui andou
Terna, santa simpatia Ele nos mostrou!

Tempos já passados são, Cristo o mesmo é;
Vida, vista Salvação, obtém se pela fé.
Que profundo amor se via, quando aqui andou
Terna, santa simpatia Ele nos mostrou!"
707;O AMOR DE JESUS;;"Oh! maravilha do amor de Jesus,
Desse admirável amor sem igual!
Cristo penou e morreu numa cruz,
Para salvar-me da morte eternal.

[coro]
Cristo meu Mestre veio por mim,
Veio por mim veio por mim
Cristo meu Mestre veio por mim,
Veio pra me salvar

Oh! duvidar poderei eu jamais,
Desse insondável amor de Jesus.
Ele me veio trazer Sua paz,
Dando-me entrada no reino de luz

Cristo meu Mestre divino, meu Deus,
Quis me remir e me dar Seu favor,
Ele me abriu o caminho dos céus,
E me adotou como filho de amor

Vou me entregar a Jesus e fiel,
Quero fazer conhecido esse amor
Que me salvou de uma morte cruel,
Quero viver para meu Salvador."
708;O Amor de Jesus Está Transbordando;G;"Jesus love is bubbling over
Jesus love is bubbling over
Jesus love is bubbling over
Hal le lu ja

O amor de Jesus está transbordando
O amor de Jesus está transbordando
O amor de Jesus está transbordando
A le lu ia

Jesus é o vencedor, vencedor, vencedor
Jesus é o vencedor, sempre vencedor

Vencedor, Vencedor, Vencedor, Vencedor, Vencedor, Vencedor, Vencedor,

Vencedor, Vencedor, Vencedor, Vencedor, Sempre o vencedor

Satanás é perdedor, perdedor, perdedor
Satanás é perdedor, sempre perdedor

Sou do lado vencedor, vencedor, vencedor
Sou do lado vencedor, sempre vencedor"
709;O AMOR É A CHAVE;;"1. O amor é a chave do meu coração
Do meu coração, do meu coração
O amor é a chave do meu coração
Pois o Rei Jesus aqui está.

2. Levante as mãos deixe o mundo saber
Deixe o mundo saber,deixe o mundo saber
Levante as mãos deixe o mundo saber
Que o Rei Jesus aqui está.

3. Libertou-me dos vícios do meu coração
Do meu coração, do meu coração
Libertou-me dos vícios do meu coração
Pois o Rei Jesus aqui está.

4. Levante as mãos deixe o mundo saber
Deixe o mundo saber, deixe o mundo saber
Levante as mãos deixe o mundo saber
Que o Rei Jesus aqui está."
710;O ANOITECER;;"Vai fugindo o dia, breve a noite vem,
Vespertina estrela já se avista além.

Ao que mui cansado na tristeza jaz,
Dá, Jesus bendito, teu descanso e paz.

Noite de sossego vimos te pedir;
Que por ti guardados, vamos nós dormir.

Quando despertarmos, seja, bom Senhor,
Para te servirmos com maior vigor.

Trad.: George Searle (1857 – ?)"
711;O BOM CONSOLADOR;;"Quem quer ir, por Jesus, a nova proclamar
Nos antros de aflição, misérias, mal e dor?
Cristãos, anunciai que o Pai quer derramar
O bom Consolador.

O bom Consolador, o bom Consolador
Que Deus nos prometeu, ao mundo Já desceu;
Ó Ide proclamar, que Deus quer derramar
O bom Consolador.

No mundo de horror, a luz, enfim, brilhou
Que veio dissipar as sombras de terror;
Também o nosso Pai, aos Seus fiéis mandou
O bom Consolador.

É o Consolador que traz a salvação
Aos que aprisionou o grande tentador:
Dizei que veio já, com todo o coração,
O bom Consolador.

Oh! Grande eterno amor! Oh! Gozo divina!!
Que tenho em proclamar o dom de meu Senhor
Pois mora já em mim, poder celestial,
O bom Consolador."
712;O BOM PORVIR;;"O dia alegre chega, radiante em santa luz,
quando afinal, vencido o mal, vier reinar Jesus.
O Salvador domínio terá de mar a mar,
e sob a sua proteção os seus vem congregar.

Breve o dia vem, breve o dia vem;
o dia alegre chega, bem perto a aurora está;
breve o dia vem, breve o dia vem,
em que essa paz que Cristo traz,
seu povo gozará.

Jamais a voz do engano no mundo se ouvirá;
jamais o horror do tentador o povo afligirá;
mas todos a verdade somente falarão,
e ao grande Deus, os santos seus,
com gozo adorarão.

Por esse dia alegre suspira a criação
em dor, aqui, oculta em si, sob dura escravidão;
mas, das tristezas, dores, então se livrará,
ao refulgir, no bom porvir, a luz que bênção dá."
713;O BONDOSO AMIGO;;"1. Quão bondoso amigo é Cristo!
Carregou a nossa dor
E nos manda que levemos
Os cuidados ao Senhor.
Falta ao coração dorido
Gozo, paz, consolação?
Isso é porque não levamos
Tudo a Deus em oração.

2. Tu estás fraco e carregado
De cuidados e temor?
A Jesus, refúgio eterno,
Vai com fé teu mal expor.
Teus amigos te desprezam?
Conta-lhe isso em oração,
E, com seu amor tão terno,
Paz terás no coração.

3. Cristo é verdadeiro amigo;
Disto prova nos mostrou.
Quando pra levar consigo
Ao culpado encarnou.
Derramou seu sangue puro,
Nossa mancha pra lavar;
Gozo em vida e no futuro
Nele podemos alcançar."
714;O BONDOSO SALVADOR;;"Meu bondoso Salvador
Meus pecados carregou;
Foi Jesus, o Redentor,
Que da morte me livrou.

Oh! Que Salvador eu tenho!
O Seu sangue me remiu,
Quando, sobre o rude lenho,
Meu castigo Ele cumpriu.

Oh! Que amor do meu Jesus,
Que em homem se encarnou,
Pra sofrer por mim, na cruz;
E meus crimes perdoou.

Não há outro nome igual
Ao bom nome de Jesus,
Porque livra-me do mal
E à glória me conduz.

Com Jesus, alegre, vou
Sua graça publicar,
Porque Ele me chamou
Na Sua vinha a trabalhar."
715;O CAMINHO DA CRUZ;;"Foi Jesus que abriu o caminho pra o céu;
Não há outro meio de ir.
Nunca irei entrar no celeste lar
Se o caminho da cruz errar.

Para o céu por Jesus irei,
Para o céu por Jesus irei;
Grande é o meu prazer
De certeza ter:
Para o céu pela cruz irei.

Certamente eu vou no caminho da cruz
Com resolução andar.
É desejo meu de gozar no céu
Essa herança que Cristo deu.

Os caminhos ímpios do mundo deixei;
Jamais neles vou seguir;
Sigo, pois, Jesus, com a minha cruz,
No caminho que ao céu conduz."
716;O CELESTE DIRETOR;;"Dia a dia vem guiar-me
Meu Jesus e meu Senhor!
Não sou meu, pois me compraste
Com Teu sangue redentor;
Quero a Ti viver unido,
Pela vida até ao fim;
Que se torne assim verdade,
“Não mais eu, mas Cristo em mim”.
Que se torne assim verdade.
“Não mais eu, mas Cristo em mim”.

Cada instante vem guiar-me.
O celeste Diretor!
Já fizeste em mim morada,
Tu és meu Dominador;
ó transforma minha vida;
Seja meu o Teu querer;
Quero andar, passo por passo,
Confiando em Teu poder.
Quero andar, passo por passo,
Confiando em Teu poder.

Se maior intimidade
Para mim possível for;
Quero mais ser atraído
A Ti, meigo Salvador!
Ah! Que fique em Ti morando
Meu secreto pavilhão,
Escondido, inteiramente,
Em Ti, minha salvação,
Escondido, inteiramente,
Em Ti, minha salvação."
717;O COMBATE;;"Cristo vos chama, crentes fiéis,
Pra obedecerdes às suas leis;
Firmes na causa, sim, combater,
Sempre cumprindo vosso dever.

Eia, avante, dando combate ao pecado,
Atendendo ao mando do bom Salvador!
Firmes, crentes, sempre fiéis, bem unidos;
A vitória é do bom Redentor!

Cristo vos chama; dai-lhe atenção!
Vinde dispostos, em união;
Vossa armadura logo tomai;
Por sua causa sempre lutai!

Logo o conflito terminará;
Cristo, com glória, cedo virá;
Crentes, lutai, pois, com santo ardor
Por Cristo, o Mestre, Rei vencedor!

Trad.: Salomão Luiz Ginsburg (1867-1927)"
718;O CONVITE DE CRISTO;;"Eis, a voz de Cristo clama,
Sobre o revoltoso mar
Desta vida perigosa:
“Vinde em Mim vos abrigar”.

Quando outrora em Galileia,
Essa doce voz soou,
Logo, o coração ouvinte,
Tudo, pronto, abandonou.

Sobre as vozes sedutoras,
De mundanas atrações,
Clama a meiga voz de Cristo:
“Dai-me vossos corações!”

Quer no meio dos prazeres,
Quer no dia da aflição,
Inda clama, paciente:
“Amas-Me tu, ó cristão?”

Na vereda estreita e santa,
Já pisada por Jesus,
A segui-Lo, Ele te chama:
“Vem, cristão, andar na luz!”

Dessa cruz angustiosa,
Onde brilha Seu amor,
Ouve a voz que te convida,
Ouve e segue, pecador!"
719;O CORAÇÃO EM PAZ;;"Vindo sombras escuras no caminhos teus,
Oh não te desanimes cante um hino a Deus!
Cada nuvem escura um arco íris traz,
Quando em teu coração reinar perfeita paz,

Se teu coração estiver em paz
Bem contente e alegre sempre te acharás,
Se teu coração estiver em paz!
Verás que um arco íris, cada nuvem traz!

Se o viver é de lutas, cheio de amargor,
Mostra afeto aos aflitos, age em seu favor.
E de tudo o que sofres tu te esquecerás,
Fruirás gozo e calma se tiveres paz.

Se teu coração estiver em paz
Bem contente e alegre sempre te acharás,
Se teu coração estiver em paz!
Verás que um arco íris, cada nuvem traz!

Vem após negra noite aurora matinal,
Fica o céu mais brilhante após o temporal
A esperança não percas tudo vencerás,
Fugirão as tristezas se tiveres paz.

Se teu coração estiver em paz
Bem contente e alegre sempre te acharás,
Se teu coração estiver em paz!
Verás que um arco íris, cada nuvem traz!

Lizzie De Armond (estribilho)
Bentley DF.Ackley (1872-1958)"
720;O CORAÇÃO PALPITA;;"1. Conheço um nome que me é precioso
Meu coração encanta mais e mais
O nome do meu Salvador Glorioso
O nome que minh’alma satisfaz.

[coro]
O coração palpita de alegria
Quando me lembro de meu bom Jesus;
E nesse nome há pra nós consolo,
Em outro nome não encontro luz.

2. Seu nome dá aos tristes alegria,
Dispersa as nuvens que à vida vêm;
Aos fracos dá poder para a vitória,
Ao coração consolo traz também

3. E esse nome vive eternamente
Embora os reis esquecidos são;
Na chuva ou sol é sempre resplandente
A todos dando paz no coração."
721;O crente que não ora não é feliz;E;"O crente que não ora, não é feliz
Não é feliz, não é feliz
O crente que não ora não é feliz
Não é feliz, não é feliz

Vamos seguindo a Jesus com perfeição
Para termos a certeza de morar lá em Sião
Porque foi ele quem deu a salvação
O crente que é salvo vive em oração"
722;O CULTO FINDOU;;"Das faltas concede perdão,
Aceita em Jesus o louvor;
E, com a divina sanção,
Despede-nos, grande Senhor!"
723;O DESEJADO;;"[coro]
Vem, esperança deste mundo!
Vem o milênio inaugurar!
Vem teus remidos despertar do sono!
Oh, vem teu reino confirmar!

Vem, ó Cristo desejado!
Vem o mundo libertar
Dessas dores em que geme!
Teu poder vem demonstrar!

Vem ó Cristo desejado!
Vem o mundo dominar,
Dispensando amor, justiça!
Vem teu reino dilatar!

Vem, ó Cristo desejado,
Tua glória revelar!
Vem, Senhor Jesus, nos ares
Para nos arrebatar!"
724;O DEUS DE ABRAÃO;;"Ao Deus de Abraão louvai, do vasto céu Senhor
Eterno e poderoso Pai, e Deus de amor.
Augusto Deus Jeová, que terra e céu criou,
Minha alma o nome abençoará do Grande Eu Sou.

Ao Deus de Abraão louvai, eis, por mandado Seu,
Minha alma deixa a terra e vai gozar no céu
O mundo desprezei, seu lucro e seu louvor,
E Deus por meu quinhão tomei e Protetor.

Meu guia Deus será, Seu infinito amor
Feliz em tudo me fará por onde eu fôr.
Tomou-me pela mão, em trevas deu-me luz,
E dá-me eterna salvação por meu Jesus

Meu Deus por Si jurou; e nEle confiei,
E para o céu que preparou eu subirei.
Seu rosto irei eu ver, fiado em Seu amor,
E eu hei de sempre engrandecer Meu Redentor."
725;O DIA DO TRIUNFO;;"Quando lá do céu descendo,
para os Seus, Jesus voltar,
E o clarim de Deus a todos proclamar,
Que chegou o grande dia do triunfar do meu Rei,
Eu, por Sua imensa graça, lá estarei.

Quando enfim, chegar o dia
Do triunfar do meu Rei,
Quando enfim, chegar o dia,
Pela graça de Jesus eu lá estarei!

Nesse dia, quando os mortos
hão de a voz de Cristo ouvir,
E dos seus sepulcros hão de ressurgir,
Os remidos reunidos, logo aclamarão seu Rei,
E, por Sua imensa graça, lá estarei.

Pelo mundo, rejeitado foi,
Jesus, meu Salvador.
Desprezaram, insultaram meu Senhor,
Mas, faustoso, vem o dia
do triunfar do meu Rei,
E, por Sua imensa graça, lá estarei.

Em mim mesmo, nada tenho em que possa confiar,
Mas Jesus morreu na cruz p’ra me salvar;
Tão somente nEle espero, sim, e sempre esperarei.
Pois, por Sua imensa graça, lá estarei."
726;O DIA GLORIOSO;;"Regozijai-vos, sim, ó crentes,
O Senhor não tardará!
Já vem o dia mui glorioso
Em que Cristo voltará!

Ó dia triunfal de Cristo,
Quando lá do céu descer!
Estejamos prontos, jubilosos,
O Senhor a receber!
Regozijai-vos, sim, ó crentes!
O Senhor não tardará!
Já vem o dia mui glorioso
Em que Cristo voltará!

Eis, com milhares de milhares,
Sobre as nuvens Ele vem;
E todos juntos entraremos
Com Jesus na glória além!

E então será glorificado
Nos remidos o Senhor;
E o mundo ficará pasmado,
Vendo a Cristo em seu fulgor!"
727;O DOCE LAR;;"Na pátria celeste, de Deus doce lar,
Prepara Jesus para os seus um lugar,
Pois longe do mal, do pecado e da dor,
Consigo pra sempre os quer ter seu Senhor.

Ó doce , doce lar!
Aí com Jesus vou pra sempre morar.

No lar sacrossanto de paz e de amor
Verei sobre o trono eternal meu Senhor,
O meigo Cordeiro, reinando na luz,
Por todos louvado, bendito Jesus.

Que puras delícias se encontram em ti,
Que gozos eternos me esperam ali;
Àqueles que Deus junto a si quis trazer,
Agora e pra sempre vai satisfazer.

Mas desses prazeres que anseio gozar,
O que eu mais espero é com Cristo ficar,
Sem mais contristá-lo, sem mais ofender
A quem, pra salvar-me, por mim quis morrer.

Trad.: Henry Maxwell Wright (1849-1931)"
728;O DOM CELESTE;;"1. Assim que Deus me batizou,
A minha alma viu mais luz
O dom celeste o Pai mandou,
Pra dar louvor ao meu Rei Jesus
Sou testemunha do meu Senhor,
E sempre Dele vou falar;
Também do selo do amor,
Que o meu cálice faz transbordar.

[coro]
Louvado seja, Jesus o Cristo,
Que continua a batizar,
Uma nova vida, nós temos visto,
O dom celeste, o Pai mandar.

2. O bom caminho vou trilhar
Se eu quiser obedecer
Ao Evangelho, a luz sem par,
Aonde vida vou receber,
De Jesus Cristo eu falarei,
Que é dos homens Salvador,
Ó vinde hoje e recebei,
Divina graça do meu Senhor."
729;O ESPÍRITO DE DEUS SE MOVE;;"O Espírito de Deus se move, se move, se move
O Espírito de Deus se move
Se move no meu coração!
Oh! Irmão deixa que se mova! Se mova, se mova!
Oh! Irmão deixa que se mova
Se mova no teu coração"
730;O ESTANDARTE;;"1. O estandarte desta igreja
Levantemos sem temor!
Ela é a muito amada esposa
Do bendito Salvador.
É Jesus o comandante
Verdadeiro, que a conduz
Somos nós os seus soldados
Nesta igreja de Jesus.

[coro]
Resolutos avançai,
Trabalhando por Jesus!
O estandarte levantai,
Espalhando a sua luz!

2. Ó igreja, dediquemos
Nossos corpos ao Senhor!
Não devemos ser escravos
Do sagaz enganador.
As riquezas são nos dadas
Pela terna mão real,
E o Senhor do céu observa
Se fazemos bem ou mal.

3. Graça e glória a ti pertencem,
Ó esposa do Senhor!
Sê então um instrumento
De salvar o pecador;
Pois até os fins do mundo
Cristo mesmo reinará,
E o domínio do evangelho
Toda terra abrangerá."
731;O EVANGELHO;;"A nova do evangelho
Dá-nos todos a saber
Que fartura há para todos,
Sim, pra quem com fé comer:
Da vida o pão eu sou;
Satisfeito ficarás;
Teus pecados e tua alma
Levarei, e paz terás.

Santa paz e perdão
São as novas lá dos céus!
Santa paz e perdão!
É bendito o nosso Deus!

A nova do evangelho
Ora vem nos avisar
Do perigo grande e grave
Para quem se descuidar.
Salvai-nos desde já;
Não vos demoreis, então,
Não vireis os vossos olhos,
Oh, fugi da perdição!

A nova do evangelho
Jubiloso som nos é,
Pois o amor de Jesus Cristo
Dá perdão mediante a fé.
As novas se vos dão
Que já veio o Salvador,
Tão bondoso e poderoso,
Que perdoa ao pecador."
732;O EXILADO;;"Da linda pátria estou bem longe;
Cansado estou;
Eu tenho de Jesus saudade,
Oh, quando é que eu vou?
Passarinhos, belas flores,
Querem m’encantar;
São vãos terrestres esplendores,
Mas contemplo o meu lar.

Jesus me deu a Sua promessa;
Me vem buscar;
Meu coração está com pressa,
Eu quero já voar.
Meus pecados foram muitos,
Mui culpado sou;
Porém, Seu sangue põe-me limpo;
Eu para pátria vou.

Qual filho de seu lar saudoso,
Eu quero ir;
Qual passarinho para o ninho,
Pra os braços Seus fugir;
É fiel – Sua vinda é certa,
Quando… Eu não sei.
Mas Ele manda estar alerta;
Do exílio voltarei.

Sua vinda aguardo eu cantando;
Meu lar no céu;
Seus passos hei de ouvir soando
Além do escuro véu.
Passarinhos, belas flores,
Querem m’encantar;
São vãos terrestres esplendores,
Mas contemplo o meu lar."
733;O FIM VEM;;"1. Quando o céu azul e lindo, se ouvir os retinidos
É o grande dia do Senhor;
A luz branca, dourada, vai ficando desmaiada
De tão grande que é o rumor.

[coro]
Vai chegando, vai chegando, vai chegando.
O fim vem, sim vem.
Vai chegando, vai chegando, vai chegando.
O fim vem, sim vem.

2. Quando a lua avermelhar e o sol não mais brilhar
É a hora da tribulação,
E o céu vai se acabando e as estrelas derrubando
É o fim de toda a criação.

3. Fica escuro num momento e levanta os lamentos
Relembrando o que Jesus falou
Se ouve ranger de dentes daqueles que não são crentes
Todos para a perdição marcharam.

4. Aparece no momento o sinal do firmamento
Todos os olhos o contemplarão.
E os homens vão correndo,
Nas cavernas se escondendo, mas a morte deles fugirá."
734;O GOZO DA VIDA;;"Cristo amado, sei que na força do mal
Tu, meu Mestre, sempre serás protetor.
Tu me guardas, dando-me paz divinal;
Eu contigo sempre serei vencedor!

Cristo, Mestre,
Sei que contigo sou vencedor;
Dá-me graça,
Dá-me do teu poder, Redentor.

Que alegria tenho no meu Salvador;
Tenho graça, vida de amor paternal!
Tudo posso, tudo, por ti, meu Senhor;
Deste mundo sou vencedor afinal!

Não duvido, Cristo, meu Mestre, de ti;
Creio em tua rica promessa, Jesus;
Não me deixes, nem me rejeites aqui,
Quero sempre ver tua face de luz!

Oh, que bênção ter a certeza do bem,
Ter na vida paz e perdão do Senhor!
Mui alegre, busco essa pátria de além,
Onde reina Cristo Jesus, Rei de amor!"
735;"O GRANDE ""EU SOU""";;"1. Não perturbeis o coração,
Porque eu sempre sou fiel;
Eu fecho a boca do “leão”,
Na cova estou com Daniel.

[coro]
Sou Eu aquele, o grande “EU SOU”
E, onde estás, também estou;
Não disse eu, há muito já:
“Pedi, pedi … dar-se-vos-á”?
Pedi com fé e com fervor
E vos darei o Consolador.

2. Quem tem a fé de Abraão,
O mundo sempre há de vencer;
Quem quer ter firme o coração,
Precisa igualmente crer.

3. Um terremoto e vento após,
Do céu, um fogo e mui furor,
Ouviu Elias a minha voz
Voz do eterno, voz de amor.

3. Um certo dia Estevão viu,
O céu aberto e viu-me a mim,
Apedrejado, sucumbiu,
Mas foi fiel até o fim.

4. Firmado em mim, rocha eternal,
Assim jamais o crente cai;
Buscai o dom celestial,
Que vem da casa de meu Pai."
736;O GRANDE AMIGO;;"Em Jesus amigo temos, mais chegado que um irmão,
E nos manda que levemos, tudo a Deus em oração.
Oh que paz perdemos sempre, ó que dor no coração,
Só porque nós não levamos tudo a Deus em oração!

Temos lidas e pesares, e na vida tentação,
Não ficamos sem confôrto, indo a Cristo em oração.
Haverá um outro amigo de tão grande compaixão,
Os contritos Jesus Cristo, sempre atende em oração!

E se nós desfalecemos, Cristo estende nos a mão,
Pois é sempre a nossa força e refúgio em oração.
Se este mundo nos despreza, Cristo é nosso em oração,
Em Seus braços nos acolhe, e nos dá consolação!

Charles Crozat Converse (1832-1918)
Joseph Scriven (1820-1886)"
737;O GRANDE AMOR;;"O grande amor de meu Jesus
Por mim morrendo sobre a cruz,
Da perdição, pra me salvar;
Quem poderá contar?

Quem pode o Seu amor contar?
Quem pode o Seu amor contar?
O grande amor do Salvador,
Quem poderá contar?

O cálice que Jesus bebeu,
A maldição que padeceu,
Tudo por mim, p’ra me salvar,
Quem poderá contar?

A zombaria tão cruel,
A cruz sangrenta, o amargo fel,
Que Ele sofreu pra me salvar;
Quem poderá contar?

Incomparável Salvador!
Quão inefável Teu amor!
Quão impossível de sondar!
Imenso e sem par!"
738;O GRANDE CURADOR;;"1. O Salvador está aqui
O amoroso Cristo
Ele é o grande curador
Bendito Jesus Cristo.

[coro]
Nome digno de louvor!
Nome doce de amor!
Nome do meu Salvador:
Senhor Jesus Cristo.

2. Chamando está o Salvador
Ouvi a voz de Cristo,
Amai, servi-O com fervor,
E reinareis com Cristo

3. Vinde cantai ao nosso Deus
Ao doce Jesus Cristo
Cantai com coração e voz,
Ao santo nome: Cristo!

Obs.: Quando a irmã Florença tocava este hino no órgão do tabernáculo em Jeffersonville, o Espírito Santo caiu sobre ela e enquanto ela saltava, dando glória a Deus, o órgão seguia tocando sozinho, sem perder uma nota só."
739;O GUARDA DE ISRAEL;;"1. Para os montes olharei,
De onde vem a salvação.
Meu socorro vem de Deus,
O Senhor da Criação.

[coro]
O Senhor é quem te guarda
Guardará de todo mal.
Tua entrada e saída.
Desde agora até o final.

2. O Senhor é quem te guarda
Sempre à tua destra está;
Nem de dia, nem de noite
Mal algum te ofenderá.

3. O Senhor é quem te guarda
Não te deixará cair;
Como a Israel guardava
Não dormiu, nem vai dormir."
740;O GÓLGOTA;;"1. Mui longe o monte verde está,
Ao norte de Sião,
No qual o bom Jesus, na cruz,
Nos deu a salvação.

[coro]
Oh! Quanto, quanto nos amou!
Amemo-Lo também;
E confiando em seu amor,
Façamos todo o bem!

2. Quem sondará, quem contará
A dor que padeceu?
Mas crer podemos, foi por nós
O que na cruz sofreu.

3. Morreu pra dar-nos o perdão,
Morreu para sermos bons,
Pra entrarmos na mansão de Deus,
Com limpos corações.

4. Ninguém podia, aqui, pagar
A pena universal;
Só Cristo pôde nos remir
Ao preço divinal."
741;O HOMEM FELIZ;;"Feliz é o homem que não vai
Conforme os ímpios vão,
Nem com os pecadores tem
Alguma comunhão. (bis)

Porém na lei, na santa lei
De Deus se alegra bem;
E posto sempre o coração
Na lei divina tem. (bis)

Tal homem florescendo vai
Qual plantação que está
Ao pé de um rio, e fruto bom
Em tempo próprio dá. (bis)

Jamais a sua folha cai,
Nem murcha vem a ser,
E bem maduro se fará
O fruto que ele der. (bis)

Os ímpios não serão assim;
Jamais felizes são;
Porém parecem com o pó
Que os ventos levarão. (bis)

No juízo não subsistirão,
No dia do Senhor;
Dos justos longe ficarão,
Curtindo eterna dor. (bis)"
742;O LÍRIO DOS VALES;;"Todos devem saber (TRIS)
Quem é Jesus!
Ele é o lírio dos Vales!
A estrela da manhã
O escolhido entre os milhares
Todos devem saber!

Todos devem conhecer (TRIS)
Quem é Jesus!
Ele é o lírio dos Vales!
A estrela da manhã
O escolhido entre os milhares
Todos devem conhecer!"
743;O MANTO;;"Deixa-me tocar em seu manto Senhor
Para que eu possa sarar
Para que temer, se nós temos um Deus que é Jesus
Eu conheço a força e também a sua cruz
Deixa-me tocar em Seu manto Senhor
Para que eu possa sarar.

Se você ainda não tem essa luz
Cobre-te com o manto
Que foi disputado lá na cruz
Deixa-me tocar em seu manto Senhor
Para que eu possa sarar."
744;O MELHOR AMIGO;;"Sei que o amigo melhor é Cristo,
Quando a tempestade assalta a fé
Pronto estende a Sua mão tranquiliza o coração,
Sim o amigo melhor é Cristo

[coro]
Jesus é o melhor amigo Jesus é o melhor amigo
Sim repreende com dulçor e me anima com vigor
Sim o amigo melhor é Cristo

Oh! que amigo precioso é Cristo!
Nele encontro amor consolo e paz
Em seu braço esperarei nenhum golpe temerei,
Sim o amigo melhor é Cristo

Ao passar pelo vale escuro, E chegando às águas do Jordão
Não receio pois Jesus salvo à pátria me conduz,
Sim o amigo melhor é Cristo

Na mansão eternal eu junto, Com os santos transformados já
Este canto de louvor entoaremos ao Senhor,
Sempre o amigo melhor é Cristo"
745;O Messias é o Rei dos Reis;F;"O Messias é o Rei dos Reis
O Messias é o Senhor dos Senhores
O Messias é o Rei dos Reis
O Messias é o Senhor dos Senhores

Ele é o Rei dos Reis
Ele é o Senhor dos Senhores
O Messias é o Rei dos Reis
O Messias é o Senhor dos Senhores"
746;O MINISTÉRIO SANTO;;"Senhor da ceifa, atende
À nossa petição,
Que o teu trabalho siga
Com mais animação.
Os campos já branquejam,
Convidam a ceifar,
E mui preciosos frutos
Na igreja arrecadar.

Somente a ti compete
Ceifeiros escolher;
Que façam o serviço
Conforme o teu querer.
As mentes, pois, prepara,
Inflama os corações
E manda bons obreiros
Pregar às multidões.

Se aquele que nos veio
Pra trabalhar aqui
No ministério santo
Mandado foi por ti,
Confirma seu trabalho
Com bênçãos especiais
E dá-lhe, em ricos frutos,
Divinas credenciais.

Alenta-lhe a esperança,
Aumenta nele a fé;
Na lida não permitas
Que lhe vacile o pé.
E, cada vez mais forte,
Mais cheio de fervor,
A todos manifeste
A graça do Senhor."
747;O MISSIONÁRIO;;"Desde um a outro pólo,
Da China ao Panamá,
E do africano solo
Até ao Canadá,
Por mui longínquas terras,
Nós vamos sem pavor,
Por vales e por serras,
Pregando o Salvador.

De Deus as maravilhas,
Que vemos ao passar
Por terras e por ilhas,
E pelo argênteo mar,
São tantas, são imensas!
Mas, cegos, os pagãos,
Professam falsas crenças,
Adoram Deuses vãos.

Mas nós, que conhecemos
A forte luz da fé,
Nas trevas deixaremos
Aquele que não crê?
Sem mais demora vamos
Falar-lhe do perdão
Que por Jesus gozamos:
A eterna salvação.

Seu nome proclamando
A toda geração,
Iremos exaltando
De Cristo a salvação;
Que a alma decidida
Ao lado de Jesus
Terá a eterna vida
Que promanou da cruz.

Trad.: Guilherme Luiz dos Santos Ferreira (1850-1934)"
748;O MUNDO VIL;;"1. O mundo vil já desprezei,
O seu caminho abominei,
Mas te suplico ó Salvador
A ti me eleva Redentor.

[coro]
Mais perto sim, mais perto sim,
Oh junto a ti me eleva a mim,
Ao alvo em que meu salvador
Contigo esteja sem temor.

2. No mundo não encontro paz
Pois ele não me satisfaz
Aqui só tenho que sofrer
Contigo quero pois, viver.

3. Desejo sim, aqui viver.
Por tua causa me valer,
Já pela fé eu avistei
O lar em que descansarei."
749;O NOME DE DEUS;;"1. Conheço um nome tão maravilhoso
Que alegria traz ao coração
E se aqui os homens não entendem
Feliz eu sou, no nome de Jesus.

[coro]
Maravilhoso é o nome de Jesus
Mais doce que a mais linda canção,
Ao Seu descanso Ele me conduz,
Nele achei perfeita salvação.

2. Conheço um nome sempre incomparável
Nele eu tudo posso receber
Ele é o “amém de todas as promessas”
Nele Deus quer vitória conceder."
750;O NOME DE JESUS;;"Do Salvador o nome traz
recordação que a mim me apraz;
dos vis grilhões me libertou,
e deu-me a fé que me salvou.

[coro]
Do Salvador o nome traz
recordação que a mim me apraz;
a ti, Senhor, a ti, louvor
sem fim eu ergo com fervor.

Em ti, Senhor, eu gozo paz
e tudo mais que satisfaz;
de bênçãos mil sou alvo, sim,
que tu, Jesus, dás sempre a mim.

Desprezo, pois, o que é falaz,
e ponho a fé no Deus veraz;
foi ele quem, por grande amor,
nos deu Jesus, o Redentor!"
751;O NOME DO SALVADOR;;"1. Um nome que me faz amar
Cantar em Seu louvor
Um som mavioso ouvi soar
É o nome do Salvador.

[coro]
Um nome que inspira amor,
Um nome que inspira amor
Um nome que inspira amor,
É o nome do Salvador.

2. Falando mais: Jesus me amou
Sofreu cruciante dor.
E a minha vida libertou
Na força do Seu amor.

3. Jesus, por onde quer que eu vá
Teu nome fala do amor.
Que toda terra cantará
Um hino em Teu louvor."
752;O NOME PRECIOSO;;"Teu nome é precioso, amado Salvador,
E grande, glorioso, nos enche de amor,
Nós todos Te adoramos com verdadeira fé,
Também nos humilhamos, aos Teus santos pés.

Quantas bênçãos prometidas
No Teu nome, ó Salvador!
Hoje tenho vida. Graça é concedida,
No Teu nome, ó Salvador!

Teu nome é sagrado, nos dá consolação;
Por Ele foi-nos dado, do céu, real perdão;
Aviva a esperança, aumenta nosso amor,
Dá firme confiança e mais do Teu vigor.

Teu nome é nossa vida e paz, ó Salvador!
A arca oferecida ao pobre pecador;
Por Ele abençoada é toda a nação,
Que foi predestinada à grande vocação."
753;O NOME SOBERANO;;"Não há na terra e céu também,
Um nome com doçura,
Como este a quem louvor convém,
De toda a criatura.

Jesus, a luz és Tu do céu!
Jesus, o nosso amado
Jesus, o verdadeiro Deus,
Por todos exaltado!

Descendo ao mundo, a luz do céu
Vestiu-se em corpo humano;
Ao santo Filho, então, se deu
O nome soberano.

Entregue à morte sobre a cruz,
Por cima foi escrito
O nome amável de Jesus,
Por nós, ali maldito.

Da morte o grande vencedor
A mão do Pai sentado,
Por nós Ele é intercessor,
E único Advogado.

Jesus, meu terno Salvador,
Es Tu minha esperança,
Confio só no Teu amor;
E pões-me em segurança."
754;O NOSSO LAR;;"1. Querido lar tenho eu no céu
Além do mundo, além do véu;
Viver ali será prazer,
Por isso tanto o almejo ver!

[coro]
Querido lar, oh! Doce lar,
Onde eu para sempre irei morar!
Um pouco mais e eu partirei,
E com Jesus descansarei.

2. Querido lar, alegre lar!
Ali ninguém vai mais chorar;
Tristeza e dor e tentação
Naquele lar não entrarão.

3. Irão gozar no lar de luz
Só teus remidos, ó Jesus,
E eu sei que Cristo, meu Senhor,
Me espera ali no lar de amor."
755;O NOVO NASCIMENTO;;"1. Um rico, de noite chegou a Jesus,
A fim de saber o caminho da luz;
O mestre bem claro lhe fez entender;
Importa renascer!

[coro]
Importa renascer!
Importa renascer!
Com voz infalível o disse Jesus:
Importa renascer!

2. Vós filhos do mundo, escutai ao Senhor
Que sempre vos chama com mui terno amor;
Ouvi que o Senhor nunca cessa em dizer:
Importa renascer!

3. Ó vós, que no santo descanso de Deus,
Quereis ter entrada e viver com os seus,
Deveis à palavra de Cristo atender:
Importa renascer!

4.Se amados no céu desejais encontrar,
Deveis vossas culpas a Deus confessar
E a ordem de Cristo com fé acolher:
Importa renascer!"
756;O Pavio que fumega;D;"Não pode apagar o pavio que fumega
Jesus assopra no pavio e o fogo pega
O fogo pega, o fogo pega
Jesus assopra no pavio e o fogo pega

Quando os discípulos estavam em Jerusalém
Todo esperando o poder consolador
Foi quando veio, um vento impetuoso
Seus corações, nesta hora transbordou
E o poder, ali foi muito grande
Línguas de fogo sobre eles repousou
E os pavios que estavam apagados
Nesta hora todos eles incendiou

Esta igreja desde quando ela nasceu
Foi com fogo que Jesus inaugurou
E quando ela começa a criar cinza
É porque, o vento não assoprou
Os tições podem estar espalhados
Mas o fogo deles não se apagou
Todos aqueles que tentaram pisar neles
Se queimaram e o fogo não apagou"
757;O PENDÃO REAL;;"1. Um pendão real vos entregou o rei,
A vós, soldados Seus;
Corajosos, pois, em tudo o defendei,
Marchando para os céus.

[coro]
Com valor! Sem temor!
Por Cristo prontos a sofrer!
Bem alto erguei o seu pendão,
Firmes sempre até morrer.

2. Eis formados já os negros batalhões,
Do grande usurpador.
Declarai-vos hoje bravos campeões,
Avante sem temor!

3. Quem receio sente no seu coração,
E fraco se mostrar,
Não receberá o eterno galardão,
Que Cristo tem pra dar.

4. Pois sejamos todos a Jesus leais,
E a Seu real pendão.
Os que na batalha sempre são fiéis,
Com Ele reinarão."
758;O PEREGRINO;;"Eu sou um peregrino,
Da estrada pouco sei;
E dizem que perigos
Eu sempre encontrarei,
Apertos e trabalhos,
Penosos para mim;
Mas quero andar com Cristo
Até da vida o fim.

Os gozos e tristezas
Que posso aqui provar
Ao meu querido Mestre
Eu logo vou contar.
Jesus dará conforto,
E cuidará de mim.
Se nele vou confiado
Até da vida o fim.

Com Ele, nunca os males
Me poderão vencer;
Com Ele, nem perigos
Precisarei temer;
E mesmo quando a noite
Eu enfrentar, no fim,
Além da morte, a glória
Encontrarei, enfim.

Trad.: André Boys Cassels"
759;O PILOTO;;"Guia, Cristo, minha nau
Sobre o revoltoso mar;
Tão enfurecido e mau,
Quer fazê-la naufragar.
Vem, Jesus, oh, vem guiar,
Minha nau vem pilotar!

Como sabe serenar
Boa mãe o filho seu,
Vem, acalma, assim, o mar,
Que se eleva até o céu.
Vem, Jesus, oh, vem guiar,
Minha nau vem pilotar!

Se no porto, quando entrar,
Mais o mar se enfurecer,
Que me possa deleitar
Em ouvir Jesus dizer:
‘Entra, pobre viajor,
No descanso do Senhor.’"
760;O PODER DO SANGUE;;"1. Do teu pecado te queres livrar?
Seu sangue tem poder, sim tem poder
Almejas tu do maligno escapar?
Seu sangue tem este poder.

[coro]
Há poder, sim, força sem igual,
Só no sangue de Jesus;
Há poder, sim, prova-O pecador,
Oh, aceita o dom de Jesus.

2. Queres com tua vaidade acabar?
Seu sangue tem poder, sim tem poder
Vícios, paixões, queres tu dominar?
Seu sangue tem este poder.

3. Teu coração queres purificar?
Seu sangue tem poder, sim tem poder
Todas as manchas te podes tirar,
Seu sangue tem este poder

4. Queres entrar no serviço real?
Seu sangue tem poder, sim tem poder,
Queres também ser um servo leal?
Terás no Seu sangue o poder."
761;O Poderoso conquistador;C;"Dois ladrões com Jesus crucificado
Foi por causa de cometer maldade
Porém Jesus era inocente
E os mataram por amar
E por salvar
Seu grande amor ainda no sofrimento
E na angustia sobre aquela cruz
Quando o ladrão falou
Lembra ti de mim
E Ele disse comigo estarás

Minhas ovelhas ouvem minha voz
E os pastos tão verdes
Onde as guio sempre a comer
Minhas ovelhas ouvem minha voz
Indo ao ribeiro fresco
Conduzindo-as as águas tranquilas
Minhas ovelhas ouvem minha voz
E o vale da morte
Pelo qual as guiarei algum dia
Mas perigo ou mal
Não as tocarão
Pois serei com elas pra sempre
O poderoso conquistador
Tu conquistaste a tumba e o inferno

Morreste por mim 2X
Pra me dar a vida eterna
E da morte minha resgatar
Os discípulos não puderam entender
Porque Ele sendo Filho de Deus
Teve que morrer des sa maneira
Mas depois ele ressuscitou"
762;O PRECIOSO SANGUE;;"Oh! que precioso sangue,
Meu Senhor verteu,
Quando, para resgatar-nos,
Padeceu!

Oh! que precioso sangue,
Sangue de Jesus,
Que por nós, foi derramado
Sobre a cruz!

Oh! que precioso sangue,
Sangue remidor!
Sim, com este nos remiste,
Redentor!

Oh! que precioso sangue,
Sangue expiador!
Eis o que da pena !ivra
O malfeitor!

Oh! que precioso sangue,
Purificador!
Que de toda a mancha lava
O pecador!

Oh! que precioso sangue,
Fala-nos de paz;
Tudo quanto a lei exige,
Satisfaz!

Oh! que precioso sangue.
Por Ele entrarei
Sem receio, na presença
Do meu Rei!

Oh! que precioso sangue,
Do bom Salvador!
Hoje, a todos manifesta
Seu amor!"
763;O PÃO DA VIDA;;"Enquanto, ó Salvador, teu livro eu ler,
Meus olhos vem abrir, pois quero ver
Da mera letra, além, a Ti, Senhor;
Eu venho a Ti, Jesus, meu Redentor.

À beira-mar, Jesus, partiste o pão,
Satisfazendo ali a multidão;
Da vida o pão és Tu; vem, pois, assim,
Satisfazer, Senhor, a mim, a mim!"
764;O SEGREDO DO VIVER;;"Quando nos cercar o mal,
Ao rugir o temporal,
Em Jesus é confiar,
Nunca poderá falhar.

Quando a dor ou aflição
Vem turbar o coração,
É preciso confiar,
A Jesus tudo entregar.

Quando fraco me sentir,
Quando o mundo me oprimir,
E pesar a minha cruz,
‘Crê somente!’ – Diz Jesus.

Quer nas trevas, quer na luz,
Sempre perto está Jesus,
Perto e pronto pra salvar
Quem somente confiar.

O segredo do viver,
O segredo do vencer,
É em Cristo confiar!
Nunca, nunca duvidar!"
765;O SENHOR DA CEIFA CHAMA;;"1. O Senhor da ceifa está chamando:
Quem quer ir por mim, a procurar
Almas que no mundo vão chorando;
Sem da salvação participar?

[coro]
Fala Deus! Fala Deus!
Toca-me com brasa do altar!
Fala Deus! Fala Deus!
Sim, alegre atendo ao Teu mandar.

2. O profeta a Deus se aproximando,
Considera-se um pecador,
Mas, o fogo santo o queimando,
Torna-o útil para Seu Senhor.

3. Muitos são os que vão expirando,
Sem ter esperança de ver Deus;
Vai depressa lhes anunciando,
Que Jesus nos leva para os céus.

4. Breve, os trabalhos serão findos,
Bençãos vãos os servos desfrutar;
E Jesus os saudará: “Bem-vindos”
Esta glória espero alcançar."
766;O SENHOR SALVA A TODO O PECADOR;;"Aleluia! O Senhor Salva a todo pecador!
Salvação! Salvação!
Jesus Cristo tem poder para todo o mal vencer,
Salvação! Salvação!

Salvação e redenção!
Aleluia! Cristo já me amou e me salvou.
Glória dou e aleluia, a Jesus que me salvou.

Eu confio em Jeová, Ele santidade dá;
Salvação! Salvação!
Tenho paz e vivo já, Sua graça em mim está.
Salvação! Salvação!

Falarei sempre o que sei, exaltando o meu Rei,
Salvação! Salvação!
Pois Seu sangue já verteu, pra tornar-me filho Seu,
Salvação! Salvação!

Cantaremos, sempre ali, ao sairmos nós daqui;
Salvação! Salvação!
Exaltando o Salvador, louvaremos com fervor
Salvação! Salvação!"
767;O SENHOR É MEU PASTOR;;"1. O Senhor é meu pastor
E nada me faltará
No caminho da justiça
Com amor me guiará
Não me faltará alimento
E às águas me guiará
Se entrar no vale da morte
Ele me consolará

[coro]
Amigo que estás ouvindo
Aceitas hoje o Senhor
Faz parte deste rebanho
Onde Jesus é o pastor.

2. Não me faltará vitória
E o inimigo vencerei
O Senhor anda comigo,
Mal nenhum eu temerei
Não me faltará bondade
Do Seu amor me encherá
Sua eterna misericórdia
Sempre me acompanhará.

3. Não me faltará o guia
Pra cidade eternal
Onde há santa alegria
E ausência de todo mal
Não me faltará a fé
Nesta vida terreal
Até entrar lá na glória
No aprisco celestial."
768;O SENHOR É REI;;"Proclamei a todo o mundo que o Senhor é Rei!
Proclamai! Proclamai!
Proclamei que suave e doce é Sua santa lei!
Proclamai! Proclamai!
Proclamai como Ele se chama Salvador Jesus,
Como Ele por nós morreu na ensanguentada cruz,
Como Ele – o Cordeiro – sobre o trono está
O Deus de toda graça, que de graça tudo dá.

Proclama! a todo o mundo
que o Senhor é Rei!
Proclamai! Proclamai!
Proclama! que suave e doce
é Sua santa lei!
Proclamai! Proclamai!

Proclamei que reina em graça nosso Salvador!
Proclamei! Proclamei!
Que por cetro de Seu reino ele tem o amor!
Proclamei! Proclamei!
Anunciei aos tristes que Ele vive lá;
E e todos os cansados que descanso Ele dá;
Contei aos pecadores que Ele veio salvar,
E a todos os cativos que Ele os pode libertar.

Proclamei que Ele, do céu em breve descerá!
Proclamei! Proclamei!
E com todos os Seus santos aparecerá!
Proclamei! Proclamei!
Que, sem demora, venham todos se render
E, com amor, em tudo e Cristo obedecer
Que estejam todos prontos quando Ele voltar,
E alegres, naquele dia, “Rei dos reis”, o aclamar."
769;O Tablet Ágape (A Mensagem Caminhando);E;"O tablet Ágape
Criação de engenharia espiritual
Feito pra ajudar a Noiva em meio a Crise
A Mensagem caminhando

Meu projeto veio da eternidade
Vejo um dia depois do jubileu
Meu nome quer dizer amor divino
Encaixando com o amor fraternal

Passei por quatro fases gloriosas
Fita, CD, SD e Ágape
Um modelo próprio e independente
Não feito para navegar na internet

Mesmo caindo nas mãos de pagãos,
Mantenho consagrada minha identidade
Até levado pelos piores ladrões
Ou me passarão adiante ou vou lhe converter

Se num alcance encontro um da minha espécie
Transferimos a Mensagem entre nós
Opinião do dono não tem nada a ver
Pois o amor de Jesus vai prevalecer"
770;O VALE DE BÊNÇÃO;;"1. Eu desci para o vale de bênção e paz,
e sinto comigo Jesus.
Seu sangue aos humildes garante perdão,
seu Espírito os enche de luz.

[coro]
Entrai neste vale de bênção e paz,
onde Cristo revela afeição.
Aceitai, abraçai, confessai-o:
Publicai que Nele há salvação.

2. Há festim no vale de bênção e paz,
abundância em grau liberal.
O cansado recebe alimento e vigor
e o triste consolo real.

3. Há ternura no vale de bênção e paz,
e riquezas de incrível amor.
Mas são só os fiéis os que podem contar,
esta graça do bom Salvador.

4. Há salmos no vale de bênção e paz,
e os anjos desejam se unir.
Á cantar com os homens o excelso louvor,
de Jesus, que nos veio remir."
771;Obedecemos e Damos Play (Press Play & Obey) – Bro. Kye Smith;D;"Josué enviou os espias, para a terra prometida
A missão era Tocar as Fitas, assim ele dizia
Meretriz, Raab perguntou: O que fazer pra nos salvar?
Aperte play com os da sua casa e deixa a fita tocar

Obedecemos e damos play, a maneira que Deus proveu
Não queremos adiantar, essa voz amo escutar
Ponha ele, de volta, no púlpito, assim vamos dizer
A vontade perfeita de Deus é apertar o play

As Fitas são um ministério pra semente predestinada
Aperfeiçoando a Noiva, não precisa de mais nada
Dessa voz, o Irmão Branham ensinou, e agora eu já sei
No Tabernáculo, em transmissão, apertam o play

O anjo estava submisso a Deus, que lhe deu revelação
Na terra ele falava, no céu, Deus repetia o som
E a Voz é tão importante, e ela sempre ouvirei
O próprio Deus, no céu, Tá apertando o play

Nossos filtros devem estar ativos, nesse tempo enganoso
O clero e leigos se desviam, num caminho tortuoso
Só Efésios 4 não consegue preparar a Noiva pra partida
Mas a Voz do pastor chefe está na fita"
772;OBEDIÊNCIA NO BATISMO;;"Cercando teu sepulcro,
Estamos nós, Jesus,
Teu Nome aqui louvando,
Alçando tua cruz.
Alegres Te seguimos,
Neste ato, em santo amor;
Mister é obedecer-Te
Em tudo, ó bom Senhor!

As águas nos encobrem;
Assim, também, Senhor,
As águas Te cobriam
De morte e de furor;
E, como ressurgiste
Pra a vida perenal,
Assim, Jesus, levanta,
Levanta-nos do mal.

Sim, Tu ressuscitaste;
Jamais Tu sofrerás;
Morreste pelo mundo,
Mas sempre viverás;
A morte já venceste,
Ó grande Deus, Jesus!
A vida nova outorgas
A quem seguir a luz.

Contigo sepultados,
Queremos nós aqui
Renunciar o mundo,
E só viver por Ti;
Ressuscitados vamos,
Jesus, Contigo andar;
Oh, vem, vem ajudar-nos
A sempre a Ti honrar!"
773;Obra Santa;A;"Obra santa do Espírito,
Esta causa é do Senhor,
Como vento impetuoso,
Como fogo abrasador
Estamos sobre terra santa,
Reverência e muito amor,
Esta obra é decisiva,
Vigilância e destemor.

Ninguém detém, é obra Santa.
Ninguém detém, é obra Santa
Nem Satã nem o mundo todo
Hão de apagar este ardor,
Ninguém detém, é obra Santa
Esta causa é do Senhor.

Em meu peito renovado
Arde o fogo do Senhor
É a benção do espírito
Nos enchendo do fervor
E Jesus está salvando,
Apagando toda dor
No Espírito batizando
Pois da vida Ele é o Senhor.

Eis o noivo vem chegando
Espalhando suave amor
Já se sente o perfume
Da unção do Salvador
E a noiva ataviada
De pureza e esplendor
Aguardando entrar nas bodas
Pra reinar com seu Senhor."
774;OBREIROS DO SENHOR;;"Somos obreiros do Senhor,
À messe vamos, com amor,
A proclamar a salvação
De Cristo e o Seu perdão;
Pois trabalhemos por amor
De Cristo, nosso Salvador,
Que por nós o sangue derramou,
E no Calvário expirou.

À colheita vinde já, pois Jesus vos chama;
“Todos devem trabalhar”, o Senhor proclama,
Breve, tudo findará, não se poderá segar;
Vinde crentes, vinde trabalhar.

O Evangelho, á pregai,
A todo mundo, sim chamai,
E, sem temor, as novas dai
E a bandeira levantai
Em nossas mãos Deus confiou,
A graça que nos enviou.
As novas dai, não vacileis,
Que a vitória obtereis.

As horas, prestes, passarão,
E nunca mais a vós virão,
Se não falardes de Jesus,
Alguns jamais verão a luz.
Ainda hoje há perdão,
O mundo jaz na perdição,
Oh! não desprezeis o favor
Do amoroso Salvador."
775;OH! AMOR DIVINO E PURO;;"1. Óh! Amor Divino e puro,
Insondável e eficaz,
Vem do coração de Cristo
E minh’alma satisfaz!

[coro]
Cristo, às portas tão preciosas
Sei que a mim ele abrirá
Pois minh’alma redimida
Por seu sangue, sei que está.

2. Óh! Amor Divino e puro!
Meus pecados perdoou
Cantarei eternamente
Que minh’alma resgatou.

3. Ao findar desta jornada,
Quando aos céus de luz chegar,
Que minh’alma agradecida,
Possa teu amor louvar!"
776;OH! BUSCAI;;"Oh, buscai, não as riquezas
Deste mundo de incertezas,
Que as do céu não dão tristezas!
Oh, buscai-as, sim, buscai!

Oh, buscai, não as loucuras,
Que só trazem amarguras,
Mas venturas santas, puras.
Oh, buscai-as, sim, buscai!

Oh, buscai Jesus primeiro!
Salvação há no Cordeiro,
Pleno gozo e verdadeiro;
Oh, buscai-o, sim, buscai!

Oh, buscai a santidade,
A pureza e a caridade!
Imitai sua humildade;
Imitai-a, imitai!

Com os seus imitadores,
Sede bons trabalhadores,
E buscai os pecadores;
Oh, buscai-os, sim, buscai!

Sim, buscai-os, pra salvá-los,
Ide com amor ganhá-los,
Pois Jesus mandou chamá-los;
Oh, buscai-os, sim, buscai!"
777;OH! GRANDE DEUS;;"[coro]
Oh! Grande Deus assim como Tu
Faz-me odiar tudo o que é do mundo
E do Teu Espírito encha-me Senhor
Oh! Grande Deus Senhor de tudo.

1. Bem perto de ti Senhor sempre quero eu andar
Nos teus caminhos e sob a luz do teu meigo olhar
O meu pecado ó Pai queiras perdoar
Não meu pecado mas meu coração venhas Tu olhar

2. Andando eu na solidão quando clamei a Ti
Com graça imensa e amor tão profundo vieste a mim
Então Te conheci e agora anelo, ouvir a voz
Do Teu chamado e contigo subir."
778;OH! LÁGRIMAS;;"Neste mundo só tereis aflição
As lágrimas, as lágrimas correrão
Meu Jesus quem prometeu
Enxugar as lágrimas
Consola o meu coração

Oh! Lágrimas…
Até quando molharás meu rosto triste
Meu Jesus prometeu
E jamais falhará
As lágrimas Ele enxugará.

Nos momentos de tristezas nesta vida
As lágrimas não se cansam de rolar
Com os meus olhos molhados eu imploro
Jesus vem enxugar.
Com os meus olhos molhados eu imploro
Jesus vem enxugar."
779;OH! QUE GLÓRIA;;"Meu Senhor, que me salvaste,
Teu, e Teu somente, eu sou;
Com Teu sangue me saraste;
Glória, glória a Ti Te dou.

Oh! Que glória! Oh! Que glória!
Gozo em meu coração!
Eu confio em Jesus,
E, crendo, tenho salvação.
Oh! Que glória! Oh! Que glória!
Gozo em meu coração!
Eu confio em Jesus,
E em Seu sangue achei perdão.

Para obter tão grande gozo,
Muito e muito trabalhei;
Mas debalde todo esforço,
Crendo só é que o achei.

Confiando, confiando,
Sempre e só, Jesus, em Ti,
Teu poder e Tua graça
Podem bem guardar-me a mim.

Consagrado ao Teu serviço,
Quero eu pra Ti viver;
Dando sempre o testemunho
De Tua graça e Teu poder."
780;OH! QUE MENSAGEM;;"1. Oh! Que mensagem cheia
Da compaixão de Deus
A do evangelho santo
Que nos conduz aos céus.

[coro]
Eis a nova
Quem em Jesus confia
Dele há de ter verdadeira luz
Vida, perdão, e alegria

2. Incomparável graça
Cheia de Santo amor
Que ao pecador perdido
Trouxe o bom Salvador

3. Temor na cruz de Cristo
Bênção e Salvação
Porta da vida aberta
Única redenção."
781;OH! VEM A CRISTO;;"(Estribilho)
Oh! Vem a Jesus! Oh! Vem a Jesus!
Eterna ventura terás pela cruz!

Minha alma tem paz, tudo é calmo como um rio;
É a paz que no céu tem o seu manancial;
É Deus quem a deu por Jesus, em quem confio.
E tu inda não tens a paz divinal?

Vestidos tão alvos eu tenho, já lavados
No sangue tão puro do meu Redentor;
OS crentes em Cristo por Deus são perdoados,
Também tu serás, crendo já no Senhor!

Morada já tenho com todos os remidos,
Por Cristo aprontada na casa de Deus;
Ali não há morte, nem mágoa, nem gemidos,
Também tu terás um lugar lá nos céus"
782;OH, VINDE JÁ;;"Jesus vos diz: Oh, vinde já
A mim e descansai!
Eu amo-vos, eu sou Jesus;
No Mestre confiai! (3x)

Quem ouve, diga: Vinde já
A Cristo confessar!
Ouvi a voz de salvação
E vinde já gozar! (3x)

Ó pecadores, vinde já
À fonte de dulçor!
Oh, vinde já pra desfrutar
O dom do Redentor! (3x)

O que quiser já pode vir
A Deus, o Salvador;
Pois ele abriu caminho ao céu,
Perdão ao pecador! (3x)"
783;OH, VINDE, MENINOS;;"Oh, vinde, meninos!
Cantai a linda história
Do bom Messias dos judeus,
Jesus, o Salvador!
E repeti, com gratidão,
A doce e terna exclamação:
‘Dexai os meninos,
Que venham a mim!’

Pais crentes, devotos,
Traziam os filhinhos,
Buscando a bênção e oração
De Cristo-Emanuel.
Mas com palavras de rigor
São afastados do Senhor:
‘Levai os meninos,
Tirai-os daqui!’

Mas, eis que o bom Mestre,
Com voz suave e meiga,
Os pequeninos chama a si,
E aos circunstantes diz:
‘Sobre eles minhas mãos porei,
E pelo tais eu orarei;
Deixai os meninos
Que venham a mim!’

Oh, vinde, meninos!
Jesus vos deu seu sangue
E vos convida para os céus.
Buscai a salvação!
Ouvi a voz do Redentor,
Ele é o vosso bom Pastor:
‘Dexai os meninos
Que venham a mim!’"
784;OLHA PARA CRISTO;;"Olha para Cristo, olha pecador,
Pois por ti tragou o cálix de amargor;
Toda a tua culpa Cristo já pagou,
Todo o teu pecado sobre Si tomou.

Olha para Cristo, que por ti morreu,
Pelos teus pecados Ele padeceu;
Ele dor amarga lá na cruz sentiu,
Por Seu sangue puro, Cristo te remiu.

O poder das trevas Ele conquistou,
O terror da morte já aniquilou;
Eis o véu rasgado, eis do céu a Luz,
Tudo está cumprido; olha prá Jesus.

Philip P.Bliss (1838-1876)
Henry Burton (1840-1930)
Adaptação, arranjo e sequencia midi: AFDahmen"
785;OLHA PRA CIMA;;"1. Quando te vem tristezas,
Dores ao Coração,
Olha com Fé pra cima,
Deus dá Consolação.

[coro]
Sempre! Sempre!
Olha com fé pra cima.
Onde Jesus resplandece a luz,
Olha com fé pra cima.

2. Quando os amigos fogem,
Quando te encontras só,
Olha com fé pra cima,
Cristo de ti tem dó.

3. Não andes cabisbaixo,
Pra mais te entristecer,
Olha com fé pra cima,
Sim, busca a Cristo ver."
786;OLHAI O CORDEIRO DE DEUS;;"Livres de pecado vós quereis ficar?
Olhai p’ra o Cordeiro de Deus!
Ele morto foi na cruz, p’ra vos salvar;
Olhai p’ra o Cordeiro de Deus!

Olhai p’ra o Cordeiro de Deus,
Olhai p’ra o cordeiro de Deus,
Porque só Ele vos pode salvar.
Olhai p’ra o Cordeiro de Deus!

Se estais tentados, em hesitação,
Olhai p’ra o Cordeiro de Deus!
Ele encherá o vosso coração.
Olhai p’ra o Cordeiro de Deus!

Se estais cansados e sem mais vigor,
Olhai pra o Cordeiro de Deus!
Ele vos quer dar Seu divina! amor,
Olhai p’ra o Cordeiro de Deus!

Se na vossa senda sombras vêm cair,
Olhai pra o Cordeiro de Deus!
Ele, com Sua graça, tudo quer suprir.
Olhai p’ra o Cordeiro de Deus!"
787;OLHANDO PARA CRISTO;;"1. Olhando para Cristo, meu divino salvador,
Eu quero me alegrar, eu quero me alegrar.
A Sua formosura, Seu poder e Seu amor
Inspiram com fervor assim cantar.

[coro]
Cristo, bem amado,
Doce eterna luz
Filho de Davi
Sempre irei seguindo
Levo a minha cruz
Por amor de Ti.

2. Olhando para Cristo que na cruz por mim morreu.
Eu quero trabalhar, eu quero trabalhar.
E que por mim naquele lenho triste padeceu
Me inspira com fervor assim cantar.

3. Olhando para Cristo que dos céus há de descer.
Eu quero me encontrar, eu quero me encontrar
Seu nome, Sua glória, Seu amor, e Seu poder
Me inspira com fervor assim cantar."
788;OLIVEIRA VERDADEIRA;;"1. Era uma oliveira e um ramo quebrado,
E um zambujeiro ali foi enxertado;
Essa oliveira é o meu Jesus
Fui nele enxertado
Hoje tenho luz.

[coro]
Oliveira verdadeira, Jesus Cristo é,
Nele fui enxertado, através da fé,
Posso eu dar frutos, enxertado assim
Cristo é oliveira, não mais vivo eu
Mas Cristo vive em mim.

2. Zambujeiro bravo, não dá frutos bons,
Assim era eu, no meu coração,
Mas porém um dia, tudo transformou
Eu fui enxertado, no meu salvador.

3. Cristo é oliveira, Nele sou feliz
Nele estou ligado, no tronco e na raiz
Ligado na oliveira, de todo o coração
Posso eu dar frutos e dar frutos bons."
789;ONDE OS OBREIROS;;"Oh, onde os obreiros pra trabalhar
Nos campos tão vastos a lourejar?
A causa requer prontidão, vigor.
Oh, quem quer ceifar com desvelo e ardor?

Onde os obreiros? Oh, quem quer ir
Nos campos tão vastos a escassez suprir?
Quem quer decidir, hoje, a se entregar,
E os frutos benditos arrecadar?

O joio do mal a proliferar,
O trigo do Mestre quer sufocar.
Ceifeiros, avante, no campo entrai,
O dia declina, ceifai, ceifai!

Eis portas abertas à pregação!
Nações suspirando por Salvação!
Oh, onde os obreiros pra anunciar
De Deus o perdão de um amor sem-par?

Trad.: Salomão Luiz Ginsburg (1867-1927)"
790;ONDE QUER QUE FOR;;"1. Se eu tiver Jesus comigo,
E por Ele auxiliado,
E por Ele for mandado,
A qualquer lugar irei.

[coro]
Seguirei ao meu bom mestre.
Seguirei ao meu bom mestre.
Seguirei ao meu bom mestre.
Onde quer que for, irei.

2. Seja por caminho duro,
Espinhoso ou inseguro,
Em Seus braços bem seguro,
Aonde me mandar irei.

3. Males poderão cercar-me,
Ou perigos assustar-me,
Mas se Cristo segurar-me ,
Aonde me mandar, irei."
791;ONDE QUER QUE SEJA;;"1. Onde quer que seja, com Jesus irei;
Ele é meu bendito salvador e rei
Seja para guerra, por Ele trabalhar,
Ou para campina, para semear.

[coro]
Onde quer, onde quer que Deus me mandar,
Perto do meu salvador eu quero andar.

2. Onde quer que seja, com meu salvador
Diz o coração que sente o Seu amor,
Perto Dele sempre bem seguro vou;
Onde quer que seja, pois, contente estou.

3. Seja, pois, para onde quer que me levar,
Acharei com Ele ali meu doce lar,
Onde quer que seja sempre cantarei;
“Tu, Senhor comigo estás, não temerei.”"
792;ORANDO SEMPRE;;"Perdoa as nossas culpas e pecados,
Que muitos são, pois débeis somos nós;
De Ti, às vezes, vamos afastados,
Rebeldes, não ouvindo tua voz.
A Ti clamamos, certos do perdão;
A arrependidos, mostra compaixão! (bis)

Que privilégio santo e doce temos
De ter a paz de Cristo, o Salvador;
E, em seu bendito Nome, a Deus louvemos,
Alegres, fortes, cheios de fervor!
Oh, que prazer glorioso, a Deus orar,
Pois é queimar incenso sobre o altar! (bis)

Orai, nos diz Jesus, teu Filho amado;
Sim, tudo a Ti levamos na oração;
Aqui estamos firmes ao mandado,
Com fé fazendo a nossa petição!
Oh, vem, Senhor, agora transmitir
Poder e graça, vem nos assistir! (bis)"
793;ORAÇÃO;;"Nesta vida tão penosa,
Vem, Senhor, nos consolar;
Aos aflitos e cansados,
Mostra seu amor sem par!
Nas fraquezas dá conforto,
Aumentando nossa fé,
E firmando, com bondade,
Sobre a rocha nosso pé!

Nossas culpas e delitos
Tu nos podes perdoar!
Vem guiar-nos no caminho
Que conduz ao santo lar!
Por Jesus, teu Filho amado,
Nosso eterno Sumo bem,
Tudo nós Te suplicamos,
Glória a Ti, Senhor, Amém!"
794;ORAÇÃO DA NOITE;;"1. Finda-se este dia que meu pai me deu,
Sombras vespertinas cobrem já o céu
Ó Jesus bendito, se comigo estás,
Eu não temo a noite, vou dormir em paz

2. Com os pecados de hoje eu Te entristeci
Mas perdão Te peço por amor de Ti.
Sou tão pequenino, livra-me do mal
E em sossego tenho sono e paz real.

3. Guarda o marinheiro no violento mar.
E ao que sofre dores queira confortar,
Ao tentado estende Tua mão, Senhor,
Manda ao triste e aflito o Consolador.

4. Pelos pais e amigos, pela santa Lei,
Pelo amor divino graças Te darei.
Ó Jesus, aceite minha petição,
E seguro, durmo sem hesitação."
795;ORAÇÃO DE CONSAGRAÇÃO;;"Mais justo me faze, mais sábio Senhor,
Mais firme na causa, com muito fervor.
Mais reto na vida, mais triste ao pecar,
Um filho submisso, mais pronto em amar.

Mais puro me faze mais santo em Jesus,
Mais do Teu domínio, mais paz nessa cruz.
Mais rica esperança, mais obras aqui,
Do céu mais ansioso, mais vida por Ti!

Philip Paulo Bliss (1838-1876)"
796;ORAÇÃO DE CRIANÇA;;"Jesus escuta o rogar terninho
Da criancinha na petição;
Também conhece seus bons intentos,
Os pensamentos do coração.

Jesus escuta o rogar terninho
Da criancinha na petição;
Também conhece seus bons intentos,
Os pensamentos do coração.

Não é bastante quando ajoelhamos
Que pareçamos a Deus orar;
Com a nossa boca também devia
Em harmonia nossa alma estar.

Jesus sem falta valer-nos pode,
E proteger-nos sempre ele quer;
Qualquer menino que a Cristo peça
Terá auxílio que lhe é mister.

A Deus contemos as nossas mágoas,
Bem confiados no seu amor;
O que convenha receberemos,
Se fé nós temos no Salvador."
797;ORAÇÃO DE HABACUQUE;;"Ainda que a terra não seja ensolarada,
Ainda que aqui eu não tenha morada.
Ainda que a noite a lua não ilumine,
E as árvores todas não frutifiquem.

Todavia eu me alegrarei,
No Deus da minha salvação.
Para sempre eu exultarei,
No Deus da minha salvação.

Ainda que não haja fruto na videira,
Ainda que a linda figueira não floresça.
Ainda que a trombeta não toque seu alarido,
E a terra inteira seja destruída."
798;ORAÇÃO DO DIA;;"1. Senhor no silêncio deste dia,
Venho pedir-Te a paz e a sabedoria.
Quero olhar o mundo com os olhos de amor;
Justo é o que Te peço, meu Senhor.

[coro]
Quero ser paciente, ser compreensivo;
Manso e prudente e mui compassivo;
Ver além das aparências, Teus filhos como Tu;
E assim não ver senão o bem em cada um.

2. Cerra meu ouvido à calunia;
Guarda minha língua de toda maldade,
Que eu seja caridoso com bondade;
Livra-me dos inimigos e da falsidade."
799;ORAÇÃO PARA A NOITE;;"Finda-se este dia que meu Pai me deu;
Sombras vespertinas cobrem já o céu.
Ó Jesus bendito, se comigo estás
Eu não temo a noite, vou dormir em paz.

Com os meus pecados eu te entristeci,
Mas perdão te peço por amor de ti.
Sou humano e fraco, livra-me do mal,
E em sossego tenho sono e paz real.

Guarda o marinheiro no violento mar,
E ao que sofre dores queiras confortar;
Ao tentado estende tua mão, Senhor;
Manda ao triste e aflito teu Consolador.

Pelos pais e amigos, pela santa lei,
Pelo amor divino graças te darei.
Ó Jesus, aceita minha petição,
E seguro durmo sem perturbação.

Trad.: João Gomes da Rocha (1861-1947)"
800;ORAÇÃO PELA PÁTRIA;;"Minha Pátria para Cristo!
Eis a minha petição;
Minha Pátria tão querida
Eu te dei meu coração,
Lar prezado, lar formoso,
É por ti o meu amor;
Que o meu Deus de excelsa graça
Te dispense seu favor.

Salve Deus a minha Pátria,
Minha Pátria varonil!
Salve Deus a minha terra,
Esta terra do Brasil.

Quero, pois, com alegria,
Ver feliz a mãe gentil,
Por vencer o evangelho
Nesta terra do Brasil.
Brava gente brasileira,
Longe vá temor servil;
Ou ficar a Pátria salva,
Ou morrer pelo Brasil."
801;ORAÇÃO É A CHAVE;;"Pensemos irmãos pensemos, na morte do Salvador.
Que ressurgiu triunfante, pois orava ao criador.

[coro]
O crente que pouco ora,
Não tem vitória espiritual
A oração é a chave,
Que abre a janela celestial.

Jesus vivia orando, sofreu grandes tentações.
Mas saiu vitorioso, motivo das orações.

Nós temos um grande exemplo, em Jesus o Salvador.
Vivia sempre orando, e venceu o tentador."
802;OS CÉUS E A TERRA PROCLAMARÃO;;"Santo, Santo, Santo
Canta os serafins
Santo, Santo, Santo
É nosso Deus Jeová
Santo, Santo, Santo
É o Senhor que nos redime.

Porque três vezes Santo
Os céus e a terra proclamarão.
Porque três vezes Santo
Os céus e a terra proclamarão.
Os céus e a terra passarão.
Minhas palavras não passarão.
Os céus e a terra passarão.
Minhas palavras não passarão.
E não, não, e não passarão… (BIS)"
803;OS FILHOS DE SIÃO;;"1. Ó filhos de Sião, honrai ao Rei dos reis;
Louvores altos lhe cantai,
Louvores altos lhe cantai,
Guardai as Santas Leis, guardai as Santas Leis

[coro]
Sião é a nossa santa e gloriosa cidade,
Também, perene morada
Dos crentes em nosso Senhor.

2. Os que do mundo são, a Deus não dão louvor;
Mas, filhos do celeste Rei,
Mas, filhos do celeste Rei,
Louvai ao Salvador, louvai ao Salvador.

3. Dos montes de Sião, provem delícias tais,
Que de prazer nos enchem mais,
Que de prazer nos enchem mais,
Que gozo terreais, que gozo terreais.

4. Ó venham-No louvar, os que Seus filhos são,
E se ergam já a demandar
E se ergam já a demandar
As plagas de Sião, as plagas de Sião."
804;Os fiéis oravam unidos;E;"Os fieis oravam unidos
Num cenáculo ao Senhor
Quando foi do céu descido
O real consolador!

Senhor, manda já o teu poder! (3X)
E batiza cada um!

Qual um vento veemente
O poder a casa encheu
Línguas vieram sobre os crentes
Mas de fogo, lá do céu!

Noutras línguas, sim, falaram
Como Cristo concedeu
Do Espírito transbordaram
Exaltando o Rei do céu!

O poder foi prometido
Para os servos do Senhor
E pra todos concedido
Se o pedirem com fervor!"
805;OS GUERREIROS;;"1. Os guerreiros se preparam para a grande luta,
É Jesus, o capitão, que avante os levará;
A milícia dos remidos marcha impoluta;
Certa que vitória alcançará!

[coro]
Eu quero estar com Cristo,
Onde a luta se travar,
No lance imprevisto
Na frente me encontrar,
Até que eu possa ver na glória,
Se alegrando da vitória,
Onde Deus vai me coroar!

2. Eis os batalhões de Cristo prosseguindo avante.
Não os vês com que valor combatem contra o mal?
Podes tu ficar dormindo, mesmo vacilante,
Quando atacam outros a Belial?

3. Dá-te pressa, não vaciles, hoje Deus te chama
Para vires pelejar ao lado do Senhor;
Entra na batalha onde mais o fogo inflama,
E peleja contra o vil tentador.

4. A peleja é tremenda, torna-se renhida,
Mas são poucos os soldados para batalhar;
Ó vem libertar as pobres almas oprimidas
De quem furioso, as quer tragar!"
806;OS MENINOS;;"Venham, venham os meninos
Ao bendito Salvador;
Cristo mesmo quer salvá-los,
Quer mostrar-lhes seu favor.
Jesus Cristo! Oh, quão grande é seu amor!
Jesus Cristo! Oh, quão grande é seu amor!

Venham, venham os meninos,
Pois Jesus os convidou;
Ele todos os pecados
Na cruenta cruz pagou.
Jesus Cristo Seu amor leal provou.
Jesus Cristo Seu amor leal provou.

Venham, venham os meninos,
Venham a Jesus servir,
Sujeitar-se a seus preceitos,
Seus conselhos bons seguir,
Jesus Cristo Os seus rogos quer ouvir!
Jesus Cristo Os seus rogos quer ouvir!"
807;OS QUE CONFIAM;;"Ceifeiros da seara santa
Sois poucos, débeis sois;
Porém, é forte vosso Mestre;
Avante! Avante, pois!

Os que confiam no Senhor
Obterão vigor,
Forças novas hão de ter,
Subirão até as alturas,
Andarão alegres sempre
Correrão sem se cansar
Andarão alegres sempre
Correrão sem se cansar.
Correrão e sem fadiga,
Como águias voarão.

Cansados, tristes, sem alento,
Deixai de lamentar;
Por vós está Jesus, o Mestre;
Por que desanimar?

Jesus está conosco sempre
Na luta contra o mal;
Coragem, pois, irmãos, avante
Na obra sem igual!

Trad.: William Edwin Entzminger (1859-1930)"
808;OS SETE ANJOS DAS SETE ERAS;;"1. Se hoje ouvires a sua voz
Não endureçais os vossos corações
Fique sabendo que em todas as eras
Deus enviou a sua Salvação.

[coro]
Paulo, Irineu, Martim, Columba e Lutero
João Wesley e William Branham
Estes são os sete mensageiros.

2. Em cada era, Deus tem falado
Quem deu ouvido foi revelado
E creu na mensagem para o seu dia
Através dos homens que Deus nos tem dado.

3. Estamos na última dispensação
Eis aqui a voz de Salvação
Ela é a verdade que vos liberta
E também te tira da confusão.

4. Cristo é a pedra da esquina
NEle não há confusão
Quem crer na Sua Palavra
Não entrará em condenação."
809;OUSADOS PROCLAMAI;;"Ousados, com firmeza,
Ó crentes, proclamai
As novas salvadoras
Do amor do eterno Pai,
Que, pra salvar rebeldes,
Seu Filho ofereceu,
O qual sofreu a morte
Pra resgatar o réu.

Ó crentes, proclamai a salvação!
O mundo libertai da escravidão!
Crentes, proclamai de Jesus a cruz;
A graça, amor e seu perdão,
Ó crentes, sem cessar apregoai!
O seu amor sem par anunciai;
Com zelo e com ardor, até raiar o alvor,
Por Cristo e o reino seu lutai!

Oh, nada de desculpas,
Obreiros de Jesus!
Eis, o inimigo afoito
Quer derrubar a cruz;
Jesus, porém, garante
Vencê-lo e ao seu poder,
Se firmes persistirmos
Na senda do dever.

À luta, pois, ó crentes,
Por Cristo Redentor,
Seu estandarte erguendo,
Do eterno, imenso amor;
As trevas combatendo,
O vício, a corrupção,
Pregando as boas-novas
De luz e salvação.

Trad.: Salomão Luiz Ginsburg (1867-1927)"
810;OUVE A VOZ DO BOM PASTOR;;"1. Na manhã da vida, sob o lindo céu,
Ouve a voz do Bom Pastor!
Quando as flores trazem orvalhado véu,
Ouve a voz do Bom pastor!

[coro]
Segue! Segue! Sempre segue a Cristo!
Ouve o convite do seu grande amor!
Segue! Segue! Sempre segue a Cristo!
Ouve! Ouve a voz do bom Pastor!

2. Onde os lírios crescem, nos conduzira,
Ouve a voz do Bom pastor!
Onde os verdes pastos, quietas águas há,
Ouve a voz do Bom pastor!

3. Se nos montes frios, um cordeiro errar,
Ouve a voz do Bom pastor!
Cristo ira buscá-lo `te que o possa achar,
Ouve a voz do Bom pastor!"
811;OUVE, Ó PECADOR;;"Ouve, ouve, ó pecador!
Ouve bem, presta atenção
A Jesus, o Salvador,
Que do céu trouxe o perdão;
Ouve a Sua meiga voz;
Digna é de aceitação.

Ouve o que diz o Senhor,
Por Sua mensagem de amor;
“Será livre de temor
Todo que vier a Mim”;
Vem a Cristo, Salvador,
E aceita o Seu amor.

Ouve, ouve, ó pecador!
E medita com atenção;
Deixa o mundo enganador;
De Jesus, terás perdão;
Ele diz: “Quem crer em Mim,
Há de ter a Salvação”.

Ouvi já, amigos meus,
Não tenhais hesitação;
Vinde ao Filho, sim, de Deus;
Dai-Lhe o vosso coração;
Ele diz: “Quem crer em Mim,
Não terá condenação”."
812;OUVI A CHAMADA;;"Cristo vos chama;
Oh, vinde sem mais hesitar!
Sim, vinde agora;
Deixai de tanto demorar!

Eis que Jesus vos chama: Vinde.
Antes que o tempo próprio finde!
Oh, não fiqueis no mal,
Tendo um convite tal!
Oh, não temeis a perdição?
Cristo vos dá a salvação!

Cristo Jesus é o pão da vida;
Para aceitá-lo vos convida
Não desejais gozar
Vida no eterno lar?
Vinde e aceitai a salvação,
Não obdureis o coração!"
813;OUVINDO DE JESUS;;"Disse Jesus: Ide por todo o mundo
E pregai o eterno dom
Da salvação, que com amor profundo,
Dá o Deus gracioso e bom;
Tendo na cruz a afirmação do amor,
Proclamai o dom do redentor.
Oh, conquistai
Almas perdidas, buscai
O pecador enfermo, quase moribundo!

Vamos, irmãos, levar
Essa luz ao mundo inteiro!
Vamos, irmãos, contar
Que esse dom é verdadeiro!
Vamos, irmãos, pregar
Mui confiados no Cordeiro
Que na cruz já fez
A nossa redenção!

Todos unidos neste grande intento,
Proclamemos salvação!
Sem recuar, sempre mostrando alento,
Sim, cumpramos a missão
Que o Salvador, Cristo Jesus, nos deu!
Ele está também no posto seu.
Diz-nos o Rei:
‘Sempre convosco estarei.’
Vamos, irmãos, por Cristo neste pensamento!

Firmes, levemos a mensagem santa
Do evangelho de Jesus!
Esta mensagem divinal que encanta
E que o pecador conduz;
Cheia de bênçãos do glorioso Deus,
Que descobre os escolhidos seus;
Cheia de amor,
Traz-nos do céu o fragor
Da compaixão de Deus e dá-nos graça tanta!"
814;Ouvir A Voz de Deus;C;"(versão de “Ninguém Explica Deus – Preto no Branco)

Tudo é um caos ao meu redor
Muitas doutrinas a se espalhar
Tantas pregadores a disputar
E a Noiva de Cristo separar.

E eu, tão sincero e carente
Seguindo a organização
Numa Fita encontro resposta, Revelação

Agora o que eu mais quero
é ouvir A Voz de Deus
Não perder a transmissão
Participando da União Invisível

Deixa quem quiser pregando
Só quero A Ele Ouvir
E apertar o Play
Fazer meditação, ouvir A Voz de Deus

Ouvir as Fitas
Ouvir A Voz de Deus
Ouvir as Fitas
Ouvir A Voz de Deus
Ouvir as Fitas
Ouvir A Voz de Deus
Ouvir as Fitas
Ouvir A Voz de Deus"
815;OVELHA PERDIDA;;"1. O bom pastor buscou-me
Já longe do redil,
E com ternura achou-me,
Caído, triste, vil!
As chagas, com amor pensou,
E ao lar nos braços me levou.

[coro]
Sim, Jesus amou-me
Com amor buscou-me
Ele mesmo restaurou-me a Deus,
Por Seu sangue restaurou-me a Deus.

2. Seguiu-me, bem distante
Do Seu lugar, no céu,
E disse, em voz amante;
“Achei-te, tu és meu”
Jamais senti tão grande amor
Como este do meu bom Pastor.

3. Por Ele sou querido,
Que graça singular.
Pois Ele foi ferido,
A fim de me salvar;
Assim, ovelha Dele sou,
E com o Seu rebanho vou

4. Prossigo alegre agora;
Deus dá poder cabal
E graça salvadora;
Protege-me do mal,
O Bom pastor comigo está,
Meus passos Ele guiará."
816;PAI CELESTE;;"Pai celeste, ao teu lado quero estar
Quando a aurora no horizonte despontar,
Raia o sol, as sombras fogem
O teu servo vem guiar,
Pai celeste, ao teu lado quero estar.

[coro]
Eu bem sei, que muitos falam
Do caminho onde estou
Mas não vêem a luz que brilha,
Ao redor por onde vou.

Pai celeste, ao teu lado quero estar
Quando o sol no horizonte declinar,
Desce o sol, as sombras crescem
O teu servo vem guardar,
Pai celeste, ao teu lado quero estar."
817;PAI NOSSO;;"Nosso Pai, que estás nos céus,
Que és rodeado de esplendor,
Nome teu santificar
Vimos com ardente amor (bis)

O teu reino venha a nós;
Nele brilha a luz sem véu;
Seja feito o teu querer
Tanto aqui como é no céu (bis)

Cada dia o nosso pão,
Que a nós todos dá vigor,
Dá-nos hoje, nosso Deus,
Pelo teu benigno amor. (bis)

Vem, Senhor, nos perdoar
Como nós, com todo amor,
Desejamos desculpar
Nosso devedor maior.

No furor da tentação,
Que nos pode ser fatal,
Não nos deixes, pois, cair.
Livra-nos de todo mal. (bis)"
818;PALAVRA ABENÇOADA;;"Palavra abençoada, convite que contém
Promessa e cumprimento, com infinito bem.
Eis cheio de ternura, Jesus vos chama a Si
Escravos do pecado, e diz-vos:”vinde a Mim”.

Vinde, vinde a Mim! Vinde, vinde a Mim!
Tristes, carregados, vinde, vinde a Mim!”
Vinde, vinde a Mim! Vinde, vinde a Mim!
Fracos e cansados, vinde, vinde a Mim!

Porque viver tão longe dos braços de Jesus?
Porque vagar nas trevas, podendo andar na Luz?.
Da vida sem proveito da culpa e da aflição,
Corramos para a senda, daa eterna Salvação.

Vinde, vinde a Mim! Vinde, vinde a Mim!
Tristes, carregados, vinde, vinde a Mim!”
Vinde, vinde a Mim! Vinde, vinde a Mim!
Fracos e cansados, vinde, vinde a Mim!

Em tempo de amargura, de desalento e dor,
Ou quando nos persegue doloso tentador.
Jesus com voz maviosa, nos dá abrigo em Si
E dissipando o medo, segreda:”vinde a Mim”.

Vinde, vinde a Mim! Vinde, vinde a Mim!
Tristes, carregados, vinde, vinde a Mim!”
Vinde, vinde a Mim! Vinde, vinde a Mim!
Fracos e cansados, vinde, vinde a Mim!

Em tudo e para sempre, ouçamos ao Senhor,
Achando doce alívio no Seu profundo amor.
Assim conheceremos o gôzo que produz
No coração submisso, o “vinde” de Jesus.

Vinde, vinde a Mim! Vinde, vinde a Mim!
Tristes, carregados, vinde, vinde a Mim!”
Vinde, vinde a Mim! Vinde, vinde a Mim!
Fracos e cansados, vinde, vinde a Mim!

James McGranahan (1840-1907)
Sra. James G.Johnson"
819;PALAVRAS DE VIDA;;"1. Repeti-mas inda outra vez
Belas palavras de vida!
Acho nelas consolo e paz,
Belas palavras de vida!
Elas vêem de cima,
Dão sustento e guia.
Que belas são! Que belas são!
Essas palavras de vida!
Que belas são! Que belas são!
Essas palavras de vida!

2.Cristo a todos agora dá
Belas palavras de vida.
Dá-lhe ouvidos, ó pecador!
Belas palavras de vida!
Por amor te salva,
Ele ao céu te chama.
Que belas são! Que belas são!
Essas palavras de vida!
Que belas são! Que belas são!
Essas palavras de vida!

3. É Jesus o bom Salvador,
Belas palavras de vida!
Terno e Santo Consolador;
Belas palavras de vida!
Ele é luz e vida,
Paz conforto e guia.
Que belas são! Que belas são!
Essas palavras de vida!
Que belas são! Que belas são!
Essas palavras de vida!"
820;PARA ONDE FOR, IREI;;"Se eu tiver Jesus ao lado,
E por ele auxiliado,
Se por ele for mandado,
A qualquer lugar, irei.

Seja meu caminho duro,
Espinhoso ou inseguro,
Em seus braços bem seguro,
Aonde me mandar, irei.

Males poderão cercar-me,
Ou perigos assustar-me,
Mas se Cristo segurar-me,
Aonde me mandar, irei.

Quando terminar a vida,
Finda minha triste lida,
Tenho a glória prometida,
Eu pra meu Senhor irei.

Seguirei a meu bom Mestre, ( 3 vezes )
Onde quer que for, irei."
821;PARA SALVAR-TE;;"O teu castigo Jesus levou
Para salvar-te a ti;
Tudo na cruz ele consumou
Para remir-te a ti;
Quem dentre os homens compreendeu
Todas as dores que sofreu,
A condição em que morreu
Para salvar-te a ti?

Glória, glória demos ao Salvador!
Glória, glória, por seu tão grande amor!
Glória, glória, temos a paz com Deus!
Glória, glória, vamos cantar nos céus!

Tudo isto Deus fez em teu favor
Para salvar-te a ti;
Chama-te agora com terno amor
Para perdoar-te a ti.
Deves chegar em contrição,
Tendo certeza do perdão;
Cristo te estende a sua mão
Para salvar-te a ti.

Oh, que alegria, que gozo e paz
Ter salvação de Deus
E nova vida que satisfaz
A alma que busca os céus!
Livre das culpas do pecar,
Longe da dor e do chorar,
Tendo certeza e de gozar
A redenção de Deus!"
822;PASTOR DIVINO;;"1. Eis-nos, ó Pastor Divino,
Todos juntos num lugar,
Como ovelhas, congregados,
Teu auxílio a suplicar.
Sê presente, sê presente,
O rebanho a apascentar!
Sê presente, sê presente,
O rebanho a apascentar!

2. Aos perdidos, vem bondoso,
Tua voz fazer ouvir;
Chama a Ti os transviados
Para Teu amor fruir,
Aos enfermos, aos enfermos,
Prestes digna-Te a acudir,
Aos enfermos, aos enfermos,
Prestes digna-Te a acudir,

3. Guia os tristes, fadigados,
Ao aprisco do Senhor!
Leva os tenros cordeirinhos
Nos Teus braços, bom Pastor
Às pastagens, às pastagens,
De celeste e doce amor!
Às pastagens, às pastagens,
De celeste e doce amor!

4. Ó Jesus bondoso, escuta
Nossa humilde petição!
Vem encher o Teu rebanho
De sincera gratidão!
Cantaremos, cantaremos,
Tua imensa compaixão.
Cantaremos, cantaremos,
Tua imensa compaixão."
823;PAZ REAL;;"Oh, quando o momento chegar
De eu ir com Jesus habitar,
Em paz eu verei meu Senhor
Em todo o seu esplendor.

Excelsa paz
Hei de gozar afinal,
Quando eu com Jesus me encontrar
No reino celestial.

Que graça real, eficaz,
A qual me outorgou plena paz,
Mercê que me bom Salvador
Me dispensou com amor.

Em Cristo há perfeito perdão,
Há nele real salvação,
Há nele também essa paz
Que agora me satisfaz.

Trad.: William Edwin Entzminger (1859-1930)"
824;PELA FÉ;;"1. Pela fé conhecemos a Cristo
Que um dia morreu na cruz
Pela fé somos nós convertidos
Pela fé nós vivemos na luz
Pela fé nós vivemos na graça
Já não somos escravos da lei
Pela fé que nos foi revelada
Viveremos com Cristo o Rei.

2. Pela fé nós estamos unidos
Concentrados num só ideal
Pela fé somos nós redimidos
Já saimos do vil lodaçal
Pela fé a vitória é certa
Quando Cristo vier nos buscar
Pela fé o porvir nos espera,
A coroa Jesus nos dará.

3. Pela fé confiamos na Bíblia
A palavra do Deus de amor
Pela fé desfrutamos a vida
Em Jesus nosso bom Redentor
Pela fé há um gozo infinito
Lá no lindo país de esplendor
Pela fé nós firmamos na rocha
Que é o nosso amado Senhor."
825;PELEJAR POR JESUS;;"Por Jesus vamos pelejar,
Prosseguindo o nosso andar;
E com Ele, então, no céu,
Nós iremos a paz gozar.

Lutemos todos contra o mal,
E vamos a Jesus seguir;
Ele é o nosso General
E a glória do porvir!

Em Jesus temos nós poder;
Avancemos, já sem temer;
Confiando no Seu amor.
Vamos lutar, até vencer.

Crentes, para Jesus olhai,
Pela fé, sempre, sim, lutai;
Ao inimigo, ó combatei;
O Evangelho anunciei.

A Escritura nos diz assim:
Que Jesus é p’ra ti e mim,
O caminho, a luz veraz,
Que nos leva ao céu, enfim."
826;PELO SANGUE VENCEREMOS;;"Pelo sangue de Jesus nós venceremos
A batalha contra o príncipe belial
Confiando no poder de Jesus Cristo
Lutaremos até chegar ao final.

A vitória já está perto,
Os clarins nos céus ressoam
Oh irmão guarde o que tens,
Para não perder sua coroa.

A batalha está travada e o inimigo a atacar,
A peleja é tremenda não podemos recuar,
Se alguém cair ferido e ficar tombado ao chão
Lembrai que Jesus ensina, dar a mão ao seu irmão,
Não olhando à aparência, raça, cor ou religião
Mas falai de Jesus Cristo, o autor da Salvação."
827;PENSANDO EM JESUS;;"Nas horas que passo pensando em Jesus
As trevas desfaço, buscando a luz;
Que horas de vida, tão doces p’ra mim,
Jesus me convida, que eu suba p’ra Si!

Da vida voando, sem nenhum temor;
Acima buscando do véu o amor;
Que doce ventura, que aspecto feliz,
Que nova natura minh’alma bendiz.

Do mar o bramido, da brisa o langor
Da ave o carpido de doce amor,
Me falam sentidos acordes dos céus,
Me trazem aos ouvidos os hinos de Deus!

Minh’alma ansiosa já quer percorrer
A senda gloriosa que eu hei de ver;
Que coisa tão bela; oh! que luz sem véu!
Jesus me revela mistérios do céu."
828;PEQUENOS GUERREIROS;;"Eia, guerreirinhos, por Jesus lutai;
Confiando nele, ide, batalhai!
Cristo comandando, vos protegerá,
E vitória certa sempre vos dará.

Eia guerreirinhos, luz, pois, difundi;
Sim, a espada santa sem temor brandi;
Firmes nas fileiras, cheios de fervor,
Ide proclamando as novas do Senhor.

Eia, guerreirinhos, com intrepidez,
Avançando, firmes, todos de uma vez,
Pois tereis vitória como galardão;
Sede lutadores de alta distinção.

Trad.: William Edwin Entzminger (1859-1930)"
829;PEQUENOS RAIOS;;"Deus dá às criancinhas,
Por onde ele as conduz,
O encargo tão glorioso:
Brilhar por seu Jesus.
Sejamos lindos raios
Da luz do Deus de amor,
Pra dissipar as trevas
Dispersas ao redor.

Pequenos raios somos
Da verdadeira luz;
Em todos ao lugares
Brilhemos por Jesus.

As nuvens tão escuras
Escondem nossa luz;
A vida tem tristezas,
Pesada é nossa cruz.
Mas, como belos raios,
Cumpramos a missão
De dar sempre alegria
A cada coração.

Que grande privilégio,
Brilhar, sim, por Jesus
E desfazer as trevas,
Pra dar lugar à luz.
Com pensamentos puros
Vivamos em amor;
Sejamos raiozinhos
Que brilhem sem temor.

Trad.: Anna T. Parker"
830;PERANTE O REI;;"Estarei perante o Rei,
Com os anjos cantarei,
No porvir, no porvir;
Com Jesus irei aos céus,
Dando sempre glória a Deus.
No porvir, no porvir.

Estarei perante o Rei,
Com os anjos cantarei
Glória, glória a Cristo, o Rei!
Aleluia! Aleluia!
Estarei perante o Rei.

Novos hinos cantarei,
Na presença do meu Rei,
No porvir, no porvir;
Onde não há pranto e dor,
Só há gozo, paz e amor,
No porvir, no porvir.

Quando então eu acordar,
E no paraíso entrar
No porvir, no porvir;
Com os santos cantarei,
Na presença do meu Rei,
No porvir, no porvir.

Trad.: Arthur Beriah Deter (1868-1945)"
831;PERDÃO;;"Se aqui, Senhor, bem poucos
Te vêm cantar louvor,
E aos vis prazeres loucos
Preferem teu amor,
O que impossível seja
A Ti, meu Deus, não há:
Conquiste a tua igreja
Ao meu país, Jeová!

Jesus, ao Povo inspira,
Tu, que és verdade e luz;
Quebranta-lhe a mentira,
Das trevas o conduz.
Da cega idolatria,
Oh, salva-o, meu Senhor!
Transforma em claro dia
A noite de temor.

Senhor, Tu dás sustento
Ao mundo, com poder,
E dás-lhes mandamento
Pra Te conhecer.
Porém aos que rejeitam
A salvação e a cruz,
E a graça não aceitam,
Oh, dá perdão, Jesus!"
832;PERDÃO E SALVAÇÃO;;"“Oh, vinde a mim! Se andais em trabalhos
Tereis descanso assim;
Tomai, pois, sobre vós o meu jugo;
Sim, aprendei de mim.”

Jesus o coração quebrantado
Jamais rejeitará;
Mas, ai de quem não queira aceitá-lo
Perdido ficará.

Encher-vos quer de bênçãos celestes,
O grande Salvador.
Podeis ouvir com indiferença
Contar tão grande amor?

Jesus, o Mestre, vos chama.
Quereis a Cristo vir?
O seu perdão e salvação
Podeis já possuir."
833;PEREGRINO;;"1. Sou peregrino na terra,
E longe estou de meu lar.
Minh’alma anelante espera,
Que Cristo a venha buscar,
Aqui só há descrença,
As lutas não tem fim,
Mas de Jesus a presença,
Glória será pra mim.

[coro]
No céu de luz vou descansar,
Com meu Jesus, hei de morar!

2. Em Cristo, tendo já crido,
Só pela fé viverei,
Pois Deus me tem prometido
Que no céu descansarei.
Eu tenho permanente,
O bom consolador,
Guiando-me brandamente,
A fonte viva de amor.

3. Embora às vezes o crente,
As dores sofra da cruz,
Gozo terá permanente,
Quando no céu vir Jesus,
De glória coroado,
No trono divinal,
Por anjos sempre louvado,
Num coro celestial."
834;PERSISTÊNCIA EM ORAÇÃO;;"Eis que, ó Pai, prostrados, Te rogamos nós:
Dá-nos a vitória, nesta luta atroz;
Dá-nos fé robusta para resistir –
É o que teus servos vimos Te pedir!

Dá-nos persistência como a de Jacó,
Pra lutar orando, num desejo só,
Suplicando graça, sem desanimar,
Té que recebamos teu favor sem par!

E, se demorares em nos responder,
Firmes ficaremos, sem desfalecer;
Tu por graça tudo nos darás, Senhor,
Quando for provada nossa fé e amor!

De salvar perdidos, pobres socorrer
E de dar-nos bênçãos tens real prazer.
Que alcancemos sempre tua compaixão!
Dá-nos fé mais forte, dá-nos tua mão!"
835;PERTO DE JESUS;;"Meu Senhor, sou teu, tua voz ouvi
a chamar-me com amor;
mas de Ti mais perto eu almejo estar,
ó bendito Salvador!

[Coro]
Mais perto da tua cruz,
quero estar, ó Salvador!
Mais perto para a tua cruz,
leva-me, ó meu Senhor!
A seguir-te só me consagro já,
constrangido pelo amor;
e meu coração bem contente está
em servir-te a ti, Senhor!

Oh! que pura e santa delícia é
aos teus santos pés me achar,
e com viva e mui reverente fé
com o Salvador falar!"
836;PERTO DO MEU REDENTOR;;"1. Desejo estar em um lugar
Mui perto do meu Redentor
Ali eu posso descansar,
Por Seu amparo e Seu amor

[coro]
Mui perto do meu Redentor
Seguro abrigo encontrarei;
Me guardará do tentador,
Assim, eu nada temerei

2. Ninguém me poderá tirar
A paz que frui o coração
Jesus bondoso vai me dar
A mais segura proteção.

3. Tristezas, nem temor terei
Estando perto de Jesus;
Envolto sempre me verei,
Com Seu fulgor, com Sua luz."
837;PERTO DO SENHOR;;"Perto de ti almejo estar,
Perto, sim, bem perto;
Tua presença desfrutar,
Perto, sim, bem perto.
Perto de ti pra compreender
Teu grande amor e teu querer,
Como contigo andar, viver,
Perto, sim, bem perto. ( bis )

Perto de ti em oração,
Perto, sim, bem perto,
Se revigora o coração,
Perto, sim, bem perto,
Gozo perfeito a transbordar,
Vistas de glória e extasiar,
Dita feliz contigo estar,
Perto, sim, bem perto. ( bis )

Em comunhão contigo estar,
Perto, sim, bem perto;
Sempre contigo conversar,
Perto, sim, bem perto;
Tua vontade discernir,
Teus bons ensinos quero ouvir,
Para melhor te amar, servir,
Perto, sim, bem perto. ( bis )

Quero na santa guerra estar,
perto, sim, bem perto,
Tua divisa sustentar,
Perto, sim, bem perto;
Manifestar o teu amor,
O teu poder e teu favor,
Graça, perdão ao pecador,
Perto, sim, bem perto."
838;PERTO, MAIS PERTO DE CRISTO;;"Mestre, ó Cristo amado
Minha delícia, Tu és amor
Para a minha vida
És alegria, ó que prazer.

Perto, sim mais perto de Cristo
Perto, sim mais perto do céu
Perto, sim mais perto de Cristo
Tenho mui desejo de estar

Pátria, na luz divina
Feliz morada para onde vou
Sobre as áureas ruas
Vou passear, ó que prazer

Mestre, queiras guiar-me
Pois minhas forças mui débeis são
Correm, por vezes lágrimas
Porém desejo contigo estar."
839;PETIÇÃO;;"Jesus Cristo mestre amado,
A ti venho implorar,
Perdoa os meus pecados,
E ensina-me a amar.

[coro]
Encha-me com o teu Espírito
E teu Divino amor
Venha dar-me mais tua graça
Meu eterno salvador.

Pai celeste a ti eu oro venha dar-me humildade,
Pois aquele que se humilha encontrará felicidade.

Jeová em ti confio que vai sempre me ajudar
Tenho luta aqui na terra mas não vou desanimar.

Lá nas Bodas do Cordeiro, eu presente quero estar
Encontrar com meus irmãos, e a Ti glorificar."
840;PLENA GRAÇA;;"Plena graça para me salvar,
sangue puro para me lavar,
e poder pra sempre me guardar,
tem meu Senhor."
841;PLENA PAZ;;"1. Plena paz e santo gozo,
Tenho em Ti, ó meu Jesus
Pois eu cri em Tua morte sobre a cruz;
No Senhor só confiando
Neste mundo viverei,
Entoando aleluia ao meu rei!

[coro]
Oh! Glória a meu Jesus!
Pois é digno de louvor
É meu rei, meu bom pastor
E meu Senhor;
Como os anjos que O louvam
Eu também O louvarei,
Entoando aleluias ao meu rei.

2. O amor de Jesus Cristo
É mui grande para mim,
Pois Sua graça me encheu de amor sem fim;
Meu Jesus foi para a glória,
Mas um dia eu O verei;
Entoando aleluias ao meu rei.

3. Este mundo não deseja
Tão bondoso salvador,
Não sabendo agradecer seu grande amor,
Eu, porém, estou gozando
Do favor da Sua lei,
Entoando aleluias ao meu rei.

4. Quando o povo Israelita
Com Jesus se concertar,
Dando glória ao Seu nome, sem cessar,
Nesse tempo céu e terra
Hão de ser a mesma grei,
Entoando aleluias ao meu rei"
842;Pode a tristeza durar;E;"Pode a tristeza durar até o anoitecer
Mas a alegria logo vem no amanhecer
Quero acordar cantando e louvando o meu Senhor
Quero acordar cantando e louvando o meu Senhor e Rei"
843;PODE O MUNDO VER CRISTO EM TI?;;"1. Vencido o tirano e a morte também
Liberto, já sou por Jesus
Mas Ele voltou, para a glória do além,
E em nós é mister ver Jesus.

[coro]
Pode o mundo ver Cristo em ti?
Pode o mundo ver Cristo em ti?
Perdido e encoberto de trevas.
Pode o mundo, ver Cristo em ti?

2. A lua ilumina, a noite o céu
Do sol refletido, esta luz
O mundo está sempre, encoberto de um véu
Em nós, é mister ver Jesus.

3. Na rosa se vê o poder do Senhor
Seu cheiro perfuma o jardim
Jesus como “rosa”, é a mais linda flor
Em mim, será visto e em ti."
844;PODE SALVAR;;"Somente em Cristo podemos
A salvação receber;
Novo concerto nós temos
Em quem na cruz quis morrer.

Pode salvar, pode salvar,
Tira os pecados, e quer vos salvar,
Pode salvar, pode salvar,
Tira os pecados, e quer vos salvar.

Quando perdoa os pecados
Vida nos quer conceder.
Fomos por sangue comprados
Do modo vão de viver.

Teu coração já entrega
A quem te pode salvar;
E quem as dores carrega:
Cristo te pode livrar!

Cristo te quer dar agora
Paz e descanso real;
Quer revelar-te esta hora:
Graça imensa e real."
845;PODER DA ORAÇÃO;;"1. Se tu andas triste, Faz uma oração
Se vives Perturbado, Faz uma oração.
Se fores tentado, Faz uma oração
Se fores zombado, Faz uma oração.
Mesmo no teu Leito, Faz uma oração
Mesmo ao Levantar, Faz uma oração.
Mesmo no Trabalho, Faz uma oração
Mesmo no Andar, Faz uma oração.

[coro]
Orando tu vences Seja o que for
Orando tu cantas um hino ao Salvador.
Orando tu pregas Para o pecador,
Dizendo a ele Que Jesus é o Salvador

2. Na hora do pão, Faz uma oração
Na hora da sede, Faz uma oração.
Na hora do dia, Faz uma oração
NA hora da fúria, Faz uma oração.
Na hora da folga, Faz uma oração,
Na hora de trevas, Faz uma oração.
Na hora de paz, Faz uma oração.
Na hora de luta, Faz uma oração.

3. Tu vence satanás, Fazendo uma oração.
Tu vences todas As lutas, Fazendo uma oração
Tu dá glória Deus, Fazendo Uma oração.
Tu andas sempre Alegre, Fazendo Uma oração
Os céus se alegram, Com sua oração.
Dos céus virão bençãos, Com sua oração.
Jesus vem te Buscar, Esteja em oração.
No céu tu Entrará, Fazendo uma Oração."
846;PODER DE JESUS;;"1. Se no mundo Te sentes cansado,
Enfadado também de viver,
Se alegria não tem a tu’alma
Confessa que sempre Jesus tem poder
Ele ama e socorre o aflito
Que esperança no mundo não tem
Ele quer te salvar, meu amigo,
Evitar o perigo; Porque tu não Crês?

[coro]
Grande amor Deus por ti revelou
Em Jesus tuas culpas pagou
Quantas vezes foi Ele humilhado,
Não sendo culpado, pois nunca pecou.

2. Se no mundo cristão vai chorando,
Tropeçando com o peso da ruz,
Se com fé persistir caminhando
Terás pela frente um caminho de luz.
Eis a grande esperança do crente
E de quantos confiam em Deus
Jesus Cristo é o amigo excelente,
Que salva e perdoa, conduz para o céu."
847;PODER DE RESSURREIÇÃO;;"1. Jesus Cristo ainda hoje é o mesmo
Sua cura depende de crer
Ele está com as mãos estendidas
Ele é Deus de grande poder
No passado curou muita gente
No presente também vai curar
A coluna de fogo está aqui
E no momento exato ela vai operar.

[coro]
Esse poder, é poder de ressurreição
Que fez o mudo falar, e o cego enxergar
E com perfeição

2. Lá perto do tanque de Betheseda
Um paralítico ali esperava
Quando o anjo a água movia
Em Sua frente outro mergulhava
Mas quando Cristo ali chegou
Do paralítico Ele se compadeceu
Ele disse pra ele andar
E ele andou na frente dos Judeus.

3. Jesus passava por Jericó
E um cego se pôs a gritar
Por que ele bem sabia
Que Jesus tem poder para curar
A sua fé era tanta
E alguns queriam interromper
Jesus disse: Tua fé te salvou …
E naquela hora ele passou a ver."
848;PODER DO ALTO;;"1. Cento e vinte homens no cenáculo oravam,
De joelhos buscando poder,
De repente, quando menos esperavam
Deus mandou fogo que os fez estremecer.

[coro]
Oh, Deus este povo que a Ti clama
Esperando a bênção do altar
Para que esta igreja tenha nova vida
Venha, ó Deus, o Teu poder manifestar.

2. Na cidade muitos foram confundidos
Porque não sabiam compreender,
Crentes de muitas nações ali reunidos
Não sabiam que de Deus era o poder.

3. E na rua quem passava exclamava;
“Este povo embriagado e infiel”
Pedro disse: “Não é o que estais pensando,
Pois se cumpre a profecia de Joel”.

4. Oh, irmão se ainda não és batizado
Permaneça em Jerusalém
De joelhos, de contínuo no altar,
Que este fogo pode te queimar também!"
849;PODER ESPIRITUAL;;"Senhor, aviva minha tênue fé;
Ateia em mim o ardor celestial;
O coração meu guia por mercê,
Extirpa, expulsa tudo o que é carnal.

Vem Tu fazer em mim habitação,
Em templo teu transforma-me, Senhor;
Aqui me entrego em tua santa mão, (CORO)
A teu Espírito renovador.

Outorga força pra testemunhar
No meu viver, falar e proceder;
Correta vida, santa, modelar,
Também repleta de fervor, poder."
850;PODER PENTECOSTAL;;"No Pentecostes sucedeu
O que Jesus falou,
Pois de repente lá do céu
Um vento assoprou,
Que veio a casa toda encher
E os corações com mui poder.

Poder, poder, poder pentecostal.
Ó vem nos Inflamar,
Também nos renovar;
Ó vem, sim, vem, ó chama divinal,
Teus servos batizar.

Em cada um veio repousar
A preciosa luz,
O Preceptor que veio ficar
Co’os servos de Jesus;
Foi o fogo santo do Senhor.
Que os encheu com Seu vigor.

E começaram a falar, Repletos de poder,
Em outras línguas exaltar
Ao que mandou trazer
Os ricos dons do Seu amor
E o poder consolador.

E quem deseja receber
Esta água salutar.
Que é prometida ao que crer
E humilde esperar,
Perseverando em oração,
Terá poder seu coração."
851;PODEROSO ELE É;;"1. Jesus fez a promessa, conosco estaria até o fim.
E os sinais seguiriam, a todos os que crêem, Ele falou assim
Caiam os montes e os homens,
Mas Sua promessa sempre está de pé
Ele nos tem provado, de que não mudou,

[coro]
Poderoso Ele é.
E em nada mudou.
Nele está nossa fé,
Poderoso Ele é.

2. Ele deu vista aos cegos, e os oprimidos Ele libertou.
Cinco pães e dois peixes, a mais de dois mil Ele alimentou.
Operou na Judéia, em Cafarnaum, e em Nazaré.
Continua operando aqui no Brasil,"
852;POR AMOR DE NÓS;;"Senhor, quão admirável é teu divino amor!
Eterno e perdurável, motivo de louvor.
Amando-nos, baixaste a este mundo aqui;
querendo assim remir-nos e nos chamar a ti.

Tu, por amor, provaste a nossa condição,
e, por amor, levaste a nossa punição.
Sofreste o desamparo, a ira e o dissabor,
devidos ao pecado, ó grande Sofredor!

Por nós tu deste a vida, morrendo sobre a cruz;
qual nosso substituto sofreste tu, Jesus.
Por isso te cercamos com grata adoração;
perante a ti prostramos corpo, alma e coração.

E não julgamos pouco, em prova desse amor,
o ser-nos permitido servir-te aqui, Senhor.
Ou seja em culto alegre, ou seja no sofrer,
ou seja nos trabalhos, segundo o teu querer."
853;POR MIM;;"Salvação Jesus me dá;
Com amor me guiará;
Para o céu me levará!
Tu não queres a Cristo seguir?

Que poder me dá Jesus
Para andar em sua luz
E levar a minha cruz!
Tu não queres a Cristo seguir?

Cristo já por mim morreu;
Sua graça concedeu;
E por mim na cruz venceu.
Tu não queres a Cristo seguir?

Eu no céu irei morar;
Com os anjos vou cantar;
A Jesus irei louvar.
Tu não queres a Cristo seguir?

Cristo Jesus, meu Salvador,
Vela por mim, vela por mim,
Cristo Jesus, meu Salvador,
Tudo o que é bom fará por mim."
854;POR POUCO TEMPO;;"Anseio a paz, que qual um rio corre,
E no deserto faz brotar a flor;
Anseio a fé que, neste pouco tempo,
Descansa no bendito Salvador.

Há pouco tempo pra velar, orando,
E contra o inimigo batalhar;
Há pouco tempo para aqui, chorando,
Lançar semente, pra depois ceifar.

Por pouco tempo, as lâmpadas zelando,
Devemos, bem despertos, esperar;
Assim, pois, pressuroso o noivo vindo,
Com Ele nós iremos pra seu lar."
855;POR QUE NÃO JÁ;;"Por que não já? Por que não já?
Quereis perdão? Por que não já?

Pois o amanhã não sei se vem,
Também não sei o que trará;
A vida é incerta a vós também.
Quereis perdão? Por que não já?

O bom Senhor ao pecador
A graça não recusará;
Uni-vos, pois, ao Salvador.
Quereis perdão? Por que não já?"
856;POR QUE TOMOU A CRUZ?;;"1. Prenderam Cristo e Ele a cruz carregou.
Por que tomou a cruz?
Para o Calvário se encaminhou.
Por que tomou a cruz?

[coro]
Por que tomou a cruz
O Senhor sobre Si?
Por que tomou
Cristo a cruz de terror?
Foi por mim e por ti.

2. Cravos furaram-lhes as mãos e os pés.
Por que tomou a cruz?
Todos zombaram com fúria e altivez.
Por que tomou a cruz?

3. Cristo sofreu agonia cruel.
Por que tomou a cruz?
Desamparado expirou, sim, fiel.
Por que tomou a cruz?"
857;PORQUE ELE VIVE;;"1. Deus enviou Seu filho amado
Pra nos salvar e perdoar
Na cruz morreu por meus pecados,
Mas ressurgiu e vivo com o Pai está.

[coro]
Porque Ele vive posso crer no amanhã,
Porque Ele vive, temor não há
Mas eu bem sei, eu sei que a minha vida,
Está nas mãos de meu Jesus que vivo está.

2. E quando enfim chegar a hora,
Em que a morte enfrentarei,
Sem medo então, terei vitória,
Verei na glória o meu Jesus que vivo está."
858;PRECIOSAS PALAVRAS;;"Preciosas as palavras de Jesus, supremo Rei:
A mim aquele que vier, Eu não desprezarei.
Eu não desprezarei, eu não desprezarei;
À Mim aquele que vier, Eu não desprezarei.

Preciosas palavras de Jesus, supremo Rei:
A porta sou por Mim entrai, descanso vos darei.
Descanso vos darei, descanso vos darei;
A porta sou por Mim entrai, descanso vos darei.

Preciosas palavras de Jesus, supremo Rei:
Ó vinde vós cansados já, é suave a minha lei.
È suave a minha lei, é suave a minha lei;
Ó vinde vós cansados já, é suave a minha lei.

Preciosas palavras de Jesus, supremo Rei:
Por vós o mundo já venci, por vós a vida dei.
Por vós a vida dei, por vós a vida dei;
Por vós o mundo já venci, por vós a vida dei."
859;PRECIOSO É JESUS;;"1. Anelo por Cristo, meu Rei Salvador,
As honras a Ele darei com louvor,
Porque sempre achei Nele graça e favor;
Precioso é Jesus para mim!

[coro]
Precioso é Jesus para mim!
Precioso é Jesus para mim!
Celeste prazer é Jesus conhecer!
Precioso Jesus é para mim!

2. Firmando em Jesus eu alcanço afinal
Futuro de glória na vida real;
Nenhuma desdita, nem nuvem de mal;
Precioso é Jesus para mim!

3. Minh’alma deseja na glória gozar,
E com meu amado se identificar;
Com todos os salvos servir e adorar;
Precioso é Jesus para mim!"
860;PRESENÇA DIVINA;;"Onipotente Rei, Aqui presente sê No Teu poder;
Em Teu excelso amor, Inspira-nos louvor;
Queremos Te, Senhor, engrandecer

Ó poderoso Deus, nos ouve lá dos céus A petição.
Vem nos abençoar, E vem fazer brotar
O que semear no coração

Vem Tu, Consolador, Sê testificador Da Redenção
No templo vem entrar, A obra completar
Das manchas vem limpar o coração

Ó grande trino Deus, sim, Te adoramos nós, E só a Ti
Santificar-nos-ás, ao céu nos levarás
A glória nos darás, Contigo aí"
861;PRIMEIRO QUERO VER MEU SALVADOR;;"1. No céu há muita, muita coisa que eu anseio ver:
Suas mil belezas, fausto esplendor.
Mas ao fruir das celestiais moradas o prazer,
Mas primeiro quero ver meu salvador.

[coro]
Primeiro quero ver meu salvador,
Sim, antes dos queridos ao redor,
E então por longos dias,
Que doces alegrias!
Eu quero ver primeiro o Salvador.

2. As ruas de ouro eu quero ver e os seus novéis portais
Eu quero ver os paços celestiais,
A árvore da vida e o lindo rio do Senhor;
Mas primeiro quero ver meu Salvador.

3. Eu quero ver mamãe, estar com ela no jardim
E os dias idos lembrarei com amor.
Queridos quero ver, os quais partiram antes, sim.
Mas primeiro quero ver o Salvador.

4. Ó meus irmãos ficai firmes em Jesus,
Mesmo sendo necessário combater
Terminando nossa lida trocaremos nossa cruz,
Pois, coroas lá na glória vamos ter."
862;PROCLAMAÇÃO;;"Proclamai que reina sempre nosso Salvador!
Proclamai! Proclamai!
Que por cetro de seu reino tem o santo amor!
Proclamai! Proclamai!
Proclamai aos infelizes que ele vive lá,
E, aos cansados e contritos, que descanso dá;
Proclamai aos pecadores que ele os salvará!
Proclamai! Proclamai!

Proclamai que em breve sobre as nuvens descerá!
Proclamai! Proclamai!
E com todos os seus santos em fulgor virá!
Proclamai! Proclamai!
E quem sem demora venham todos se render,
E fiéis e dedicados servos dele ser;
Sim, estejam prontos quando o Rei dos reis vier!
Proclamai! Proclamai!"
863;PROMESSA DE DEUS;;"1. Deus tem prometido entre os homens salvar;
A quem no seu filho, Jesus, confiar.

[coro]
Aleluia! Já creio, sim eu creio em Jesus,
E salvo eu estou pelo sangue na cruz.

2. Perdido em pecados a mim Cristo viu
E sobre o calvário minha alma remiu

3. Não posso jamais desse amor duvidar;
Não posso senão a seus pés me prostrar.

4. E quando na glória estiver com o Rei,
Com todos os santos ali cantarei."
864;PROMESSA GLORIOSA;;"Vitória como a de Jesus
Ninguém jamais ouviu;
Morrendo numa ignóbil cruz
A paz nos conseguiu!

Que bênção para o pecador
Poder achar perdão,
Gozar o dom consolador
Da eterna salvação!

Oh, vinde todos de graça obter
Salvação e paz, trazidas por Jesus;
Oh, vinde já dele receber
O dom que pela fé nos vem da cruz!

Ó Deus, precioso é teu favor
Que por Jesus tu dás
Ao mais indigno pecador
Que em ti procura paz!

Ó tu que estás na escuridão,
Sem Deus, sem fé, sem luz,
Escuta a voz de salvação,
E rende-te a Jesus!"
865;PRONTO A SALVAR;;"Todo o que crê no Filho de Deus,
Que, p’ra nos remir, desceu dos céus;
Todo o que, contrito, a Deus se chegar,
Jesus está pronto, agora, a salvar.

Sim, Jesus te chama, ó meu Irmão!
A ti Ele oferece pleno perdão;
Seu sangue verteu para te resgatar,
E Ele é quem quer e pode salvar.

Quem, arrependido, busca perdão,
Abrindo a Jesus o seu coração,
A paz hoje mesmo pode gozar,
Pois Ele está pronto, agora, a salvar."
866;PROTEÇÃO;;"Oh, que grandioso amor
Tem o bom Redentor!
Concede-nos sem cessar
Tão ricos dons gozar.

Jesus, sim, recompensará
A todo vencedor;
Mas ante os anjos negará
O indigno traidor.
Avante, então, ó campeões,
Na luta, pois, entrai;
Mantendo firmes convicções,
Por Cristo trabalhai!

Ele nos guardará,
Sempre nos guiará,
E vida celestial
Teremos afinal."
867;PÁTRIA BRASILEIRA;;"Do meu país Brasil, ó terra varonil,
É meu cantar.
Que matas virginais, que rios sem rivais
E lindos litorais tu tens sem par!

Tu, minha Pátria, tens maravilhosos bens
No seio teu;
Tão belos laranjais e ricos cafezais,
Riquezas naturais, orgulho meu!

Sê livre, meu país, sê forte, sê feliz
Sob justas leis;
Aos filhos da nação concede proteção
Do crime e da traição, ó Rei dos reis!

E faze-a prosperar, e sempre caminhar
Na tua luz;
Que sempre com favor e com excelso amor
Te cerque o bom Senhor e Rei, Jesus.

Trad.: William Edwin Entzminger (1859-1930)"
868;PÁTRIA CELESTIAL;;"1. Pátria minha, por ti suspiro,
Quando no teu bom descanso, chegarei?
Os patriarcas, de Deus amigos,
E os bons profetas, fiéis, antigos,
Já entraram na tua glória,
Contemplando, em esplendor, o grande Rei.

2. Os remidos tão perseguidos,
Pelo sangue já venceram o Dragão;
Por Cristo são mais que vencedores:
E agora cantam, os seus louvores;
Pátria santa desejo ver-te.
Ver o Salvador e a grande multidão.

3. Lá no rio das águas vivas
Sai do trono do Cordeiro e do Senhor;
Na luz do íris tem a nascente;
É como vidro mui transparente;
Pela margem daquele rio
Andam os remidos com o Salvador.

4. Não há pranto na minha Pátria;
Nela nunca se dará separação;
Ali o trono de Deus descansa;
Ali teremos real bonança;
Os remidos da minha pátria
Com Jesus eternamente reinarão."
869;PÃO DA VIDA;;"Pão da vida, pão dos céus,
Pão de Deus é meu Jesus;
Pão que dá ao coração (bis)
Alegria, paz e luz.

Sangue que Jesus verteu
É divino, é eficaz;
Este sangue ao coração (bis)
Força, amor e vida traz.

Vem, Jesus, me abençoar;
Enche-me de Ti, Senhor,
Pois almejo Te servir
E Te honrar, meu Salvador. (bis)"
870;Pão de Cada Dia (Daily Bread Hymn);D;"Descansa oh minha al ma
O nosso Rei chamou
No Éden restaurado corre abundante amor
Caminha entrelin has os passos do perdão.
E sob folhas secas
Brotou-se este grão

Teu Reino veio a nós
Fartura há
E o pão de cada dia
Servido está
Não deixe pra amanhã, oh meu irmão
A voz de Deus a ti restaurará

Com lâmpadas acesas
Azeite transbordando
Não há mais amnésia...
A noiva está marchando
Envia-nos Senhor
Aos confins da terra
Palavra por palavra
Desceu em fim O Amor."
871;QUAL É TEU REFÚGIO;;"Amigo, qual é teu refúgio
E qual teu destino real?
Por que trabalhar por tesouros
Que tens de deixar afinal?
Oh, cuida do bem da tua alma
Que eterna permanecerá,
E tem mais valor que este mundo.
Só Cristo a salvar poderá.

De nada aproveita este mundo ganhar,
Se em troca tua alma tu tens de entregar.
Se em troca tua alma tu tens de entregar.

Amigo, teu Mestre te chama.
Com grande paciência e amor;
Oh, vem aceitar sua graça,
Oferta do teu Benfeitor!
Medita na cruz do Calvário;
Oh, pensa no que ele sofreu!
Sim, vem com arrependimento,
E aceita essa oferta do céu!

Amigo, eis que o tempo se passa;
Aceita de Deus o perdão;
A graça da misericórdia
Opera real salvação.
Depressa, depressa decide,
Despreza este mundo falaz,
Contente, submisso, te entrega
A quem te dá vida de paz!"
872;QUANDO CRISTO VIER;;"Quando Cristo os crentes vier buscar,
Todo vale escuro há de se aclarar,
Quando Cristo os crentes vier buscar,
Pra gozar no eterno lar.

[coro]
Quando nos vier buscar,
Quando Cristo regressar,
Todo vale escuro há de se aclarar;
Pra gozar nos vem buscar.

Quando Cristo os crentes vier buscar,
Todas as tristezas hão de acabar,
Quando Cristo os crentes vier buscar,
Pra gozar no eterno lar.

Quando Cristo os crentes vier buscar,
Todo o seu receio se extinguirá,
Pois a morte não mais existirá,
Quando nos vier buscar.

Quando Cristo os crentes vier buscar,
Um bem-vindo alegre há de ressoar;
Ele nunca mais nos irá deixar,
Quando nos vier buscar."
873;Quando marcharem;E;"Quando marcharem ao redor do trono,
Quando marcharem ao redor do trono,
Senhor eu quero estar naquele numero
Quando marcharem ao redor do trono

Quando o sol, escurecer,
Quando o sol escurecer
Senhor eu quero estar naquele numero
Quando o sol escurecer

Quando eu ver, os meus irmãos,
Quando eu ver, os meus irmãos,
Vou contemplar Pedro, Tiago e João
Quando eu ver os meus irmãos"
874;Quando me lembro de meu bom Jesus;E;"Quando me lembro do meu bom Jesus
E como sofreu, o meu rei,
Quero servi-lo cada vez melhor,
Eu nunca a Jesus deixarei.

(BIS) Não! Não! Não, não, não.
Eu nunca a Jesus deixarei.

Lá no calvário sofreu Jesus
Ali penduraram, meu rei,
Quero servi-lo cada vez melhor,
Eu nunca a Jesus deixarei."
875;Quando o povo do Senhor adora a Deus;Em;"Quando o povo do Senhor adora a Deus
Sucedem coisas, sucedem coisas, maravilhosas
Quando o povo do Senhor adora a Deus
Sucedem coisas, sucedem coisas, maravilhosas

Então se dá libertação, e sente a sua unção (2X)
Aqui se sente a presença de Deus (2X)

Eu sinto o gozo do Espírito Santo (2X)
Eu sinto o gozo, eu sinto paz, pelo amor que Deus me dá (2X)

Jerusalém, que bonita é, ruas de ouro, mar de cristal (2X)
Por estas ruas de ouro eu andarei, ruas de ouro, mar de
cristal (2X)

Deus tem um barco que navega em alto mar,
Jesus Cristo é o Capitão (2X)

E os marinheiros que navegam ao seu lado, são aqueles que
lavaram com seu sangue o coração (2X)

Venha, Jesus te convida a navegar,
Traga suas cargas, Ele as levará (2X)

E os marinheiros que navegam ao seu lado, são aqueles que
lavaram com seu sangue o coração (2X)

Jesus vem me buscar,
Para o céu me levará,
E o Cordeiro Prometido voltará (2X)

Oh! Glória e Aleluia,
Maranata, vem Jesus,
Sou liberto pelo Sangue dá na Cruz
Vem, o Consolador, sua glória e esplendor, sou liberto pelo
Poder do Senhor

Jesus manda atento estar,
Vigiar e sempre orar,
Para o toque da trombeta escutar (2X)

Aqui se sente a presença de Deus (2X)
Eu sinto o gozo do Espírito Santo (2X)
Eu sinto o gozo, eu sinto paz, pelo amor que Deus me dá (2X)"
876;Quando os Redimidos (When the redeems);F;"Penso no arrebatamento
Em nosso lar celestial.
Quando os redimidos estiverem reunidos;
Nós os santos subiremos
A cidade lá no céu,
Quando os redimidos estiverem reunidos.
Quando os redimidos
Estiverem reunidos,
Brancos como neve,
Livre do pecado;
Nós gritaremos e cantaremos
Quando os redimidos
Estiverem reunidos.
Haverá uma procissão
Nas ruas de ouro lá na gloria,
Quando os redimidos estiverem reunidos;
Oh, que música, Oh, que canto,
Na cidade se ouvirá,
Quando os redimidos estiverem reunidos.

Os santos cantaram
Algo e forte a redenção,
Quando os redimidos estiverem reunidos;
Então os anjos ouvirão
Pois não cantaram a canção
Quando os redimidos estiverem reunidos.
Então o Salvador dará as ordens
Pro banquete começar,
Quando os redimidos estiverem reunidos;
Ouviremos seu convite,
""Vem ó benditos do Senhor""
Quando os redimidos estiverem reunidos;"
877;QUANDO PARA O CÉU NÓS FORMOS;;"1. Canta o grande amor de Cristo
Sua graça e compaixão,
No lugar tranqüilo e belo
Faz-nos eternal mansão.

[coro]
Quando ao céu nós chegarmos
Ó que dia de júbilo há de ser
A Jesus nós virmos
Hosanas damos com prazer.

2. Somos hoje peregrinos,
Nuvens toldam nosso céu,
Mas um dia estrada finda
Não mais sombras, não mais véu.

3. Vamos ser leais portanto
Seja em crer, seja em servir.
Um relance lá da glória.
Atração dá ao porvir.

4. Eia, vamos pois ao prêmio
Logo Cristo iremos ver
Abrem-se os portais gloriosos
Nós lá dentro, que prazer."
878;Quando se fizer chamada;E;"Quando Cristo sua trombeta
Lá do céu mandar tocar
Quando o dia mui glorioso lá romper
E aos remidos desta terra
Meu Jesus incorporar
E fizer-se então chamada, lá estarei

Quando se fizer chamada
Quando se fizer chamada
Quando se fizer chamada
Quando se fizer chamada, lá estarei

Nesse dia tão glorioso
Quando o crente ressurgir
E da glória de Jesus participar
Quando os crentes ressurgidos
Atingirem o porvir
E fizer-se então chamada, lá estarei

Lhe darei então pra Cristo
Até o dia terminar
Falarei do seu amor por nós aqui
Quando for findar a vida
E o lamor aqui cessar
E fizer-se então chamada, lá estarei"
879;QUANDO TUDO ESTIVER SOBRE O ALTAR;;"1. Em fervente oração, tens o teu coração
Na presença de Deus derramar;
Mas não podes fluir o que estás a pedir,
Sem que tudo abandones no altar!

[coro]
Quando tudo perante o Senhor estiver,
E todo o seu ser Ele controlar,
Só então hás de ver,
Que o Senhor tem poder,
Quando tudo deixares no altar!

2. Maravilhas de amor, te fará o Senhor
Respondendo a oração que aceitar,
Seu bondoso poder te fará socorrer
Quando tudo deixares no altar!

3. Se orares, então, sem que o teu coração
Goze a paz que o Senhor pode dar,
É que Deus não sentiu que tua alma se abriu
Tudo, tudo deixando no altar!"
880;QUASE ACHEGADO;;"Quase achegado ao bom Salvador,
Chega mais perto sim pecador;
Não penses em dizer: hoje não pode ser;
Vou amanhã fazer a decisão!

Se resolveste a Cristo seguir,
Hoje é o tempo de decidir;
Ouve essa voz de amor que diz ó pecador;
Tempo não há melhor pra salvação!

Quase não basta faz perigar,
Tua esperança de ao céu chegar;
Quase não valerá, nunca te salvará;
Mas sim, te levará à perdição!

Philip Paul Bliss (1838-1876)"
881;QUASE INDUZIDO;;"Quase induzido a crer em Jesus,
Quase induzido a andar na Luz;
Não queiras replicar quando tiver vagar;
Espero então chegar para Jesus!

Quase induzido ó coração,
Quase induzido faz decisão;
Hoje o bom Salvador, com voz de terno amor;
Convida o pecador, escuta e vem!

Quase induzido decide já,
Quase induzido tarde será;
Quase te enganará, quase não servirá;
Quase te lançará na perdição!

Philip Paul Bliss (1838-1876)"
882;QUE ALEGRIA NESTE DIA;;"Que alegria neste dia nós estamos a gozar;
Neste ensejo bom desejo, temos: só a Deus louvar!

[coro]
Oh cantemos pois com alegria! Neste grande e mui festivo dia!
Vê, vê o que nos fez o Rei dos reis!

Que alegria neste dia enche nos o coração;
Inimigos e perigos, já venceu o Capitão!

Que alegria neste dia tem os crentes em Jesus;
Reunidos os remidos, fazem tudo em sua Luz!

Deus glorioso Deus bondoso, abençoa nos aqui;
Que esta igreja sempre seja, consagrada só a Ti!

Melodia Anônima
Henrique Rodolfo Penno"
883;Que Calor é este;E;"Que calor é este em volta do altar? (3x)
É o poder de Deus
Que está neste lugar,
É o poder de Deus
Que está neste lugar."
884;QUE FAZES POR MIM;;"Das glórias eternais
ao mundo vil desci;
a sorte eu assumi
dos míseros mortais;
e tudo foi por ti,
que fazes tu por Mim?

Meu sangue derramei,
e, no sofrer cruel,
bebi vinagre e fel;
na cruz eu expirei;
e tudo foi por ti,
que fazes tu por Mim?

Pra dar-te a salvação
sofri, penei, morri;
teu substituto fui
em dura escravidão;
e tudo foi por ti,
que fazes tu por Mim?

Do Pai celestial
completa redenção,
a eterna salvação,
a dita perenal
te dou de graça a ti;
não temas, vem a Mim."
885;QUE FAZES TU POR MIM?;;"1. Morri na cruz por ti, morri pra te livrar;
Meu sangue, sim verti, e posso te salvar

[coro]
Morri, morri na cruz por ti.
Que fazes tu por mim?
Morri, morri na cruz por ti.
Que fazes tu por mim?

2. Vivi assim por ti, com dor, com dissabor;
Sim, tudo fiz aqui pra ser teu Salvador,

3. Sofri na cruz por ti, a fim de te salvar;
A vida consegui, e breve ta vou dar.

4. Eu trouxe a salvação, do altos céus louvor
É livre meu perdão, é grande meu amor."
886;QUE GRANDE AMIGO;;"Que grande amigo é meu Jesus,
tão santo, bom e terno!
Sem outro igual, o seu poder,
e o seu amor, superno.
Para esta ovelha sem vigor
olhou com simpatia;
e sua tão bondosa mão
serviu-me então de guia.

Que grande amigo é meu Jesus,
de longe quis buscar-me!
Desceu, chegou, sofreu, penou,
morreu pra resgatar-me!
As glórias do seu santo lar
renovam meu alento;
pois breve espero receber
o seu acolhimento.

Que grande amigo é meu Jesus,
meu guia tão prudente,
meu protetor tão ideal,
e capitão valente!
Sou de Jesus, Jesus é meu
por tempos sempiternos,
e gozarei de Deus no céu
favores seus paternos."
887;QUE GRANDE AMOR;;"Que grande amor, excelso amor,
que Cristo nos mostrou!
Pra se tornar o Salvador
a vida não negou.

[coro]
Louvemos tão grande amor!
Que maravilha de amor,
que nos trouxe para Deus.

Ninguém pois deve duvidar
do Seu tão grande amor;
Mas todos devem aceitar
o amor do Salvador.

O que esse amor de nós fará
é nos vedado ver;
Mas Cristo em breve voltará,
e nos fará saber."
888;Que maravilha é ser uma família;Em;"Que maravilha é ser uma família
Uma família em Cristo Jesus
Que maravilha é ser uma família
Uma família em Cristo Jesus
Uma família unida, uma família real
Uma família que ama, uma família sem igual
Uma família unida, uma família real
Uma família que ama, uma família sem igual"
889;QUE MUDANÇA!;;"Que mudança em mim fez o meu bom Jesus,
Vindo Ele ao meu coração
Deu-me paz divinal, deu-me gozo e luz,
Entrando Ele no meu coração.

Entrando no meu coração!
Entrando no meu coração!
Que mudança em mim
Fez o meu bom Jesus,
Vindo Ele ao meu coração.

Eu andava perdido, Jesus me salvou,
Entrando no meu coração
Meus pecados sem conta, Seu sangue lavou,
Vindo Ele ao meu coração!

E agora, do céu, a certeza me deu,
Entrando no meu coração
Seu Espírito, o selo e penhor concedeu,
Vindo Ele ao meu coração.

Pelo vale da morte não temo passar!
Com Ele no meu coração;
A cidade celeste me vai transportar,
O guarda do meu coração."
890;Que Poderoso Deus Servimos;C;"Que poderoso Deus servimos
Que poderoso Deus servimos
Anjos então se prostam
Céus e terra O adoram
Que poderoso Deus servimos

Ele é tudo, é tudo para mim
Ele é tudo, é tudo para mim
É meu pai, minha mãe, minha irmã e meu irmão
Ele é tudo para mim

Eu sei que foi o sangue

Eu sei que foi o sangue
Eu sei que foi o sangue pra mim
Eu estava perdido
Ele morreu na cruz
Eu sei que foi o sangue pra mim"
891;QUEM BATE É JESUS CRISTO;;"Se da morte tens horror,
E salvação desejas,
Volta aos braços do Senhor,
Para que salvo tu sejas;
Abre bem teu coração,
E recebe salvação,
Sem nenhuma turbação;
Quem bate é Jesus Cristo.

Deves-Lhe dar abrigo.
Não há nenhum perigo;
Cristo quer só te salvar;
Na mesa, cear contigo.

Já sofreu por ti, na cruz,
Para te dar a vida;
O divino e bom Jesus
As marcas tem das feridas;
Não O vês a soluçar,
E Seu sangue a gotejar?
Não O vais deixar entrar?
Quem bate é Jesus Cristo.

Se tu andas em temor;
Longe do Pai amado,
Quem será teu protetor,
Quando o mal for chegado?
Segue a quem morreu na cruz,
Pois à vida te conduz;
Dar-te-á nas trevas luz,
Quem bate é Jesus Cristo."
892;QUEM DERA HOJE VIR!;;"Vem, outra vez, nosso Salvador;
Quem dera hoje vir!
Para reinar com poder e amor!
Quem dera hoje vir!
Já por Sua Esposa, vem esta vez;
Que O espera em oração;
Fora do mundo de entremez;
Quem dera hoje vir!

Glória, glória, gozo sem fim, trará;
Glória, glória, ao coroar o fiei;
Glória, glória, nos arrebatará;
Glória, glória! Cristo vem Outra vez!

Terminará o poder do mal;
Quem dera hoje ser!
Começará o prazer sem igual;
Quem dera hoje ser!
Todos os mortos em Cristo serão
Arrebatados por seu Senhor;
Quando estas glórias aqui virão?
Quem dera hoje ser!

Em santidade nos deve achar,
Eis quEle pode vir.
Todos, velando, com gozo e paz,
Eis quEle pode vir.
Multiplicados os sinais estão;
No oriente se vê o alvor;
Breve, os crentes subirão;
Quem dera hoje vir!"
893;QUEM IRÁ;;"Eis os milhões, que, em trevas tão medonhas
Jazem perdidos, sem o Salvador!
Quem, lhes irá as novas proclamando,
Que Deus, em Cristo, salva o pecador

[coro]
“Todo poder o Pai me deu,
Na terra como lá no céu!
Ide, pois, anunciar o evangelho,
E eis-me convosco sempre!”

2. Portas abertas, eis por todo o mundo.
Cristãos, erguei-vos. Já avante andai.
Crentes em Cristo, uni as vossas forças,
Da escravidão os povos libertai!

3. “Oh! Vinde a mim” a voz divina clama;
“Vinde!”, clamai em nome de Jesus
Pra nos salvar da maldição eterna,
Seu sangue derramou por nós na cruz.

4. Oh! Deus, apressa o dia tão glorioso,
Em que os remidos todos se unirão.
E em coro excelso, santo, jubiloso,
Quando pra todo sempre, glória a Ti darão!"
894;QUEM OUVIR AS NOVAS;;"Quem ouvir as novas, vá proclamar;
Salvação de graça vinde desfrutar!
Oh que o mundo inteiro ouça anunciar: todo o que quiser é vir

[coro]
Todo o que quiser, venha receber,
Possam todos essa boa nova ouvir
É o Pai celeste que convida assim: todo o que quiser é vir!

Quem quiser agora, venha aceitar;
Eis a porta aberta já podeis entrar!
É Jesus caminho para o céu chegar, todo o que quiser é vir!

Que fiel promessa tens pecador,
Queres tua vida? vem ao Salvador!
Ele a todos fala com mui terno amor, todo o que quiser é vir!"
895;QUEM QUER IR COM CRISTO?;;"Quem quer hoje mesmo a Jesus seguir?
Seu pendão alçando, ao combate ir?
Quem quer, humilhado, sempre O servir,
E obedecê-Lo. Seu querer cumprir?

Quem quer ir com Cristo, quem responderá,
Presto, sem demora, “eu, Senhor, irei”?
Onde for o Mestre, tu também irás?
Quem dirá agora: “eu Te seguirei”?

Quem seguir a Cristo quer, com mui amor,
Dando-Lhe tributo, dando-Lhe louvor;
De Sua nobre causa, sendo defensor,
E na santa vinha, ser trabalhador?

Queres tu segui-Lo, sem vacilação,
E fugir dos braços da vil tentação?
Sempre confiando na Sua proteção,
Por fé desfrutando Sua salvação."
896;QUEM É ESTA?;;"1. Quem é esta, que é formosa como a luz?
Quem é esta, que é pura como o sol?
Quem é esta, que exala tanto amor?
Esta é a noiva do Senhor.

2. Quem é esta que será arrebatada?
Quem é esta que está imaculada?
Quem é esta que seu gosto é como o mel?
É a noiva que um dia vai para o céu.

3. Quem é esta que é qual noiva adornada?
Quem é esta que tem vestes branqueadas?
Quem é esta que é noiva do cordeiro?
Que com sangue foi comprada no madeiro?

4. Quem é esta que abriga os remidos?
Quem é esta que o pecado tem vencido?
Quem é esta que seu gosto é como mel?
É a noiva que tem um lugar no céu."
897;QUEM É QUE VAI;;"Logo o cristão vai deixar a cruz
Lá no céu, lá no céu,
Ter a coroa de glória e luz –
Vais tu? Vou eu? Vais tu? Vou eu?
Vai, sim, de Cristo o semblante ver,
Suas palavras ouvir, e ter
Gozo de celestial prazer?
Vais tu? Vou eu? Vais tu? Vou eu?

Quem vai ainda querer entrar
Lá no céu? Lá no céu?
Pois se dirá: ‘Não há mais lugar.’
Vais tu? Vou eu? Vais tu? Vou eu?
Quem vai parar na miséria atroz,
Sem mais ouvir a celeste voz?
Vai, por desgraça, qualquer de nós?
Vais Tu? Vou eu? Vais tu? Vou eu?

Quem vai ter parte na adoração,
Lá no céu? Lá no céu?
Que os redimidos a Deus darão?
Vais tu? Vou eu? Vais tu? Vou eu?
Quem, com o coro celestial,
Parte terá no louvor real,
Livre de todo o poder do mal?
Vais tu? Vou eu? Vais tu? Vou eu?"
898;QUERIDO LAR;;"De todas as terras irão chegar um a um! Um a um!
Na eterna mansão para ali gozar sim, um a um!
Vestidos de trajes celestiais,
Bem longe do mundo e dos tristes ais,
Desfrutam com Cristo a perfeita paz,
Gozando uma vida que satisfaz.

No eterno lar, querido lar,
Ei-los entrando um a um!
No eterno lar, no lindo lar, sim, um a um!

Também nós havemos de ali chegar,
Um a um! Um a um!
Da glória dos salvos compartilhar, sim, um a um!
Irão uns entrar nesse lar de além
Sem muito sofrer no viver de aquém.
Mas outros terão que lutar, sofrer,
Porém hão de entrar sem desfalecer.

Humilde, submisso a ti, Senhor,
Todos nós! Todos nós!
Queremos viver sobre o teu favor, sim todos nós!
Contigo almejamos participar
Da vida gloriosa do eterno lar.
Ó tu, que domina a terra e os céus,
Transporta-nos todos no braços teus!"
899;QUERIDO LAR CC. 517;;"De todas as terras irão chegar um a um! Um a um!
Na eterna mansão para ali gozar sim, um a um!
Vestidos de trajes celestiais,
Bem longe do mundo e dos tristes ais,
Desfrutam com Cristo a perfeita paz,
Gozando uma vida que satisfaz.

No eterno lar, querido lar,
Ei-los entrando um a um!
No eterno lar, no lindo lar, sim, um a um!

Também nós havemos de ali chegar,
Um a um! Um a um!
Da glória dos salvos compartilhar, sim, um a um!
Irão uns entrar nesse lar de além
Sem muito sofrer no viver de aquém.
Mas outros terão que lutar, sofrer,
Porém hão de entrar sem desfalecer.

Humilde, submisso a ti, Senhor,
Todos nós! Todos nós!
Queremos viver sobre o teu favor, sim todos nós!
Contigo almejamos participar
Da vida gloriosa do eterno lar.
Ó tu, que domina a terra e os céus,
Transporta-nos todos no braços teus!"
900;QUERO ACORDAR CANTANDO;;"Pode a tristeza durar até ao anoitecer
Mas a alegria ela vem ao amanhecer (BIS)
Quero acordar cantando (TRIS)
E louvando ao meu Senhor !"
901;QUERO O SALVADOR;;"Quero o Salvador comigo;
Só com ele eu posso andar;
Quero conhecê-lo perto,
No seu braço descansar.

Quero o Salvador comigo,
Pois tão fraca é minha fé;
Sua voz me dá conforto,
Quando me vacila o pé.

Quero o Salvador comigo,
Dia a dia em meu viver,
Na tristeza, no trabalho,
No conflito e no prazer.

Quero o Salvador comigo,
Sábio guia e Bom Pastor,
Té passar além da morte,
Longe do perigo e dor.

Confiado no Senhor,
Consolado em seu amor,
Seguirei no meu caminho,
Sem tristeza e sem temor."
902;QUERO O SALVADOR COMIGO;;"1. Quero o Salvador comigo.
Eu sem Ele não posso andar.
Quero conhece-lo perto,
No seu braço descansar.

[coro]
Confiando no Senhor,
Consolado em seu amor,
Seguirei o meu caminho,
Sem tristeza e sem temor.

2. Quero o Salvador comigo,
Porque fraca é minha fé.
Sua voz me dá conforto,
Quando vacilar meu pé.

3. Quero o Salvador comigo,
Dia a dia em que viver.
Pela luz e entre as sombras,
No conflito e no prazer.

4. Quero o Salvador comigo,
Sábio guia e bom Pastor.
Até passar além da morte,
Longe do perigo e dor."
903;QUERO SER UM CRISTÃO;;"Quero oh Deus ser um cristão,
De coração, de coração,
Quero oh Deus ser um cristão, de coração
De coração, de coração
Quero oh Deus ser um cristão, de coração

Quero oh Deus ser mais humilde,
De coração, de coração
Quero oh Deus ser mais humilde de coração.
De coração, de coração,
Quero oh Deus ser mais Humilde de Coração.

Quero parecer com cristão,
De coração, de coração
Quero parecer com Cristo de coração.
De coração, de coração
Quero parecer com Cristo de coração."
904;Quão bom e quão maravilho é;E;"Quão bom e quão maravilhoso é
Que os irmãos vivam em união
Quão bom e quão maravilhoso é
Que os irmãos vivam em união

Aperte a mão do seu irmão, E de um sorriso pra ele (2X)"
905;QUÃO GLORIOSO;;"1. Quão glorioso cristão é pensares
Na cidade que não há igual,
Onde os muros são de puro jaspe,
E as ruas de ouro e cristal;
Pensa como será glorioso
Ver-se a triunfal multidão,
Que cantando aguarda a chegada
Dos que vencem a tribulação.

2. Pensa como será glorioso
Ver o rio da vida e luz,
Cujas margens juncadas de lírios
São a glória do nosso Jesus
Haverá lá perpétua aurora,
Pois Deus mesmo alumiará;
E o cordeiro com sua esposa,
Noite e dia resplandecerá

3. Pensa na celestial melodia
Que a terra encherá, de Beulá;
E das harpas a doce harmonia
Ao passar o Jordão se ouvirá.
Mesmo em dores que levem a morte,
Sê constante, não voltes atrás,
Tua herança, tua eterna sorte,
É Jesus, o fiel, O veraz.

4. Se glorioso é pensar nas grandezas,
Nos prazeres que acodem aqui,
Qual será desfrutar as riquezas
Que esperam os salvos ali?
Os encantos do mundo não podem
Ofuscar essa glória dalém;
Não almeja viver oh amigo
Nessa formosa Jerusalém?"
906;QUÃO GRANDE ÉS TU;;"1. Senhor, meu Deus, quando eu maravilhado
Fico a pensar nas obras de Tuas mãos;
No céu azul de estrelas pontilhado,
O Teu poder mostrando a criação.

[coro]
Então minh’alma canta a Ti Senhor:
Quão grande és Tu, quão grande és Tu.
Então minh’alma canta a Ti Senhor:
Quão grande és Tu, quão grande és Tu.

2. Quando contemplo as matas e florestas,
O passaredo alegre ouço a cantar,
Olhando os montes, vales e campinas,
Em tudo vejo o Teu poder sem par.

3. Quando eu medito em Teu amor, tão grande,
Teu filho dando ao mundo pra salvar;
Na cruz vertendo Seu precioso sangue,
Minh’alma pôde assim purificar.

4. E quando enfim Jesus vier em glória,
E ao lar celeste então me transportar,
Adorarei, prostrado, e para sempre,
Quão grande és Tu, meu Deus hei de cantar."
907;RASGOU-SE O VÉU;;"Rasgou-se o véu, franca ficou a entrada:
Confiança temos, para ali entrar,
Onde a divina glória revelada,
Outrora, não podíamos mirar;
Por Cristo, entrando, nada ali tememos;
A glória brilha, sem nos ofuscar;
Na luz estamos e permanecemos
Firmes, tranqüilos, sem mais vacilar.

Contigo ali, Senhor, nos encontramos,
Pois nos levaste já ao santo Pai,
Em cuja graça aceitos, sempre estamos,
Em cujo amor tão grande nos atrai
A Ti, ó Filho – em Ti, ó bem amado!
E só em Ti temos aceitação;
E quem, no sangue estando já lavado,
Isento está da eterna perdição.

Ó Deus, a Ti de coração louvamos,
Pois de Ti nos quiseste aproximar,
Quando separados de Ti ficamos,
Por Tua lei divina, violar,
Teus santos seguidores, consagrados,
No sangue do bendito Salvador,
O culto e adoração Te apresentamos,
Porque nos chamaste, ó bom Senhor!"
908;REALIDADE;;"Ouvi o Salvador dizer:
“Vem descansar em mim,
E nos meus braços podes ter
Consolação sem fim.”
Então eu vim e lhe entreguei
Meu triste coração;
Abrigo, paz e gozo achei,
Achei consolação.

Ouvi o Salvador dizer:
“De graça eu sempre dou
As águas vivas. Vem beber:
Da vida a fonte eu sou.”
Vim a Jesus e me prostrei
Às águas e bebi;
Jamais a sede sentirei,
Estando sempre aqui.

Ouvi o Salvador dizer:
“A luz do mundo sou;
Oh, vinde a mim! A quem vier
A luz da vida dou.”
Vim a Jesus e nele achei
O sol que brilha em mim;
E nessa luz eu andarei
Até da vida o fim."
909;REALIZAÇÃO;;"1. Jesus, agora, sim, eu sei.
Quão grande é Teu amor;
Pois salvação em Ti achei,
Aceita o meu louvor.

[coro]
És tu, Jesus, meu Salvador,
Por Ti eu tenho paz;
Jesus, a Ti louvor darei,
Pois tudo Tu me dás.

2. Descanso nunca conheci,
Inútil sempre sou;
Mas Cristo se lembrou de mim,
De graça me salvou.

3. Comigo, crentes, exaltai
O grande Salvador;
Pois tudo Cristo me supriu,
Embora pecador.

3. Louvor, louvor a Ti darei,
Ó Cristo, meu Senhor;
Profeta, Sacerdote e Rei;
Do mundo o Salvador."
910;RECONCILIAI-VOS;;"Eis a ordem dos céus, do nosso Deus e Pai:
Todo o pecador venha ao Salvador,
Pois não não quer que ninguém se perca! Oh, escutai!
Reconciliai-vos já com Deus!

Eis o mandado que vem dos céus
Aos pecadores perdidos, réus:
Arrependei-vos já!
Reconciliai-vos já
Com o nosso Deus e Pai! (bis)

Vinde a Deus sem receio! Cristo já remiu
Todo pecador por seu grande amor!
Dá perdão aos que crêem; pois ele o garantiu!
Reconciliai-vos já com Deus!

Deus não dá salvação àqueles que não crêem!
Todo pecador tem o seu favor
Quando humilde e contrito a Jesus Cristo vem!
Reconciliai-vos já com Deus!"
911;RECONHECIMENTO;;"Até a cruz o meu Jesus foi por mim,
foi por mim, foi por mim;
até a cruz o meu Jesus foi por mim;
minha alma pra salvar!"
912;REDENTOR;;"Vive para interceder
E nas lutas me valer;
Vive pra me sustentar
E do mal me resguardar.

Deus me livra de temor,
Minorando a minha dor;
A tristeza me desfaz,
Dá-me gozo, vida e paz.

Vive! Hosanas eu lhe dou!
Vive Reina! E salvos eu sou!
Vivo nele, o Redentor,
Sempre firme em seu amor!"
913;REDENTOR ONIPOTENTE;;"Redentor onipotente,
Poderoso Salvador,
Advogado onisciente
É Jesus, meu bom Senhor.

Ó Amante da minh’alma,
Tu és tudo para mim!
Tudo quanto eu careço
Acho, Jesus, só em Ti.

Um abrigo sempre perto,
Para todo o pecador;
Um refúgio sempre aberto,
É Jesus. meu Salvador.

Água viva! pão da vida!
Doce sombra no calor,
Que ao descanso nos convida.
É Jesus, meu Salvador!

Ó Cordeiro imaculado,
Que Seu sangue derramou,
Meus pecados expiando,
A minh’alma resgatou.

Fundamento inabalável!
Rocha firme e secular!
Infalível! Imutável!
Quem mo poderá tirar?

O caminho que, seguro,
Sempre para o céu conduz,
Quem a Cristo pronto segue,
Quem tomar a sua cruz."
914;REDENÇÃO;;"1. Meu pecado resgatado
Foi na cruz, por Teu amor;
E da morte, triste sorte,
Me livraste Tu, Senhor.

[coro]
Vem! Inflama viva chama
Em meu peito, vem sem fim!
Eu Te adoro, e Te imploro;
Ó Jesus, habita em mim.

2. Se hesitante, vacilante,
Ouço a voz do tentador
Tu me guias, me auxilias
E me tornas vencedor.

3. Redimida, só tem vida
A minh’alma em Teu amor;
Com apreço, reconheço
Quanto devo a Ti, Senhor!"
915;REFÚGIO;;"Meu divino Protetor.
Quero em ti me refugiar;
Pois a ondas de terror
Ameaçam me tragar!
Quase estou a perecer!
Dá-me a tua proteção;
Pois guardado em teu poder
Não receio o furacão.

Outro amparo não achei;
Sem alento venho a ti;
Se me negas morrerei;
Voz da morte eu já ouvi.
Eu confio em teu amor
E na tua compaixão;
És meu forte defensor;
Não me largue a tua mão.

Tudo o que eu desejo dás,
Cristo meu, e ainda mais;
Dás-me força e tua paz,
Sempre tu comigo vais.
O teu nome santo é
E eu injusto e fraco sou;
Ponho em ti a minha fé,
Sei que em ti seguro estou.

Graça imensa em ti se achou
Para tudo perdoar;
Sangue teu se derramou,
Nele quero me salvar,
Fonte tu de todo bem,
Dá-me sempre de beber!
Conforta minha alma vem;
Queiras sempre me valer."
916;REFÚGIO VERDADEIRO;;"1. Seguro estou não tenho temor do mal,
Sim, guardado pela fé em meu Jesus,
Não posso duvidar desse amor leal;
Ele em Seu caminho sempre me conduz.
Não me deixará, mas me abrigará,
Do pecado vil me vem livrar.
A Sua graça não me recusará;
Sim Jesus é quem me pode Sustentar.

[coro]
No poder de Cristo, o Mestre
Minha vida salva está!
Do perigo que cercá-la,
Ele poderá livrá-la
Seu poder eterno sempre a susterá.

2. Abrigo eterno tenho no Salvador,
Ele esconde a minha vida em Seu poder;
Eu recear não posso do malfeitor
Que procura pertinaz me enfraquecer.
Confiado então nessa proteção,
Sigo a Cristo e quero ser fiel
Na minha vida cheio de gratidão
Sim a meu Senhor e Rei Emanuel.

3. Perigo algum me pode chegar aqui
Cristo meu Senhor jamais me deixará
Comigo vai constante e me chama a Si,
Dirigindo minha vida sempre está
Nunca o deixarei, mas fiel serei
Sempre firme, cheio de fervor.
A Cristo Redentor, meu Senhor e Rei
Eu me entregarei firmado em Seu amor."
917;REI DA GLÓRIA;;"A Jesus, o Rei da glória,
hinos de louvor cantai;
aos seus pés humildemente,
seu poder, pois, exaltai.
Perdoados, resgatados,
sua glória proclamai!

Seu perdão e sua graça
aos perdidos dispensou;
tão paciente e mui bondoso
aos rebeldes se mostrou;
libertou-os, transformou-os,
dos castigos os salvou!

Nossas tentações conhece,
pois Satã o quis vencer;
triunfante, Cristo agora
aos tentados quer valer.
Poderoso e tão bondoso,
ele pode socorrer!

Contemplando sua face,
ó remidos, O adorai!
Dedicados, consagrados,
sua fama publicai.
Oh! louvai-O, exaltai-O,
seu amor anunciai!"
918;REI EXCELSO;;"Cantai que o Salvador chegou; acolha a terra o Rei!
Leais nações, a Ele só, contentes vos rendei,
Contentes vos rendei; oh sim, contentes vos rendei!

Ao mundo o gozo proclamai, do reino de Jesus!
Ó terra e mar, e céus cantai, a resplendente luz,
A resplendente luz; a grande e resplendente luz!

Pecados, dores, morte já, vencidos Dele são,
A paz Jesus concederá; em régia profusão,
Em régia profusão; oh sim em régia profusão.

Verdade e amor são Sua lei, os povos acharão,
Que é justo e bom, o excelso Rei, e Lhe obedecerão,
E Lhe obedecerão; sim todos Lhe obedecerão!"
919;REINO CONTRA REINO;;"1. Densas nuvens já no horizonte
Escurecendo o azul do céu
Recordai do sermão do monte
Quando o mestre doutrinava os Seus

[coro]
Peste, fome, rumos de guerra
Reino contra reino a lutar
Este evangelho em toda a terra
É mister agora anunciar

2. Como no dilúvio antigamente
Comem, bebem, sem em Deus pensar;
Mas o castigo vem de repente,
Quando a arca de Deus se fechar

3. Em Jesus se cumpre a profecia
O amor de muitos esfriará
Mas quem vive alerta e vigia
Da tribulação escapará.

4. Dos sinais falai aos perdidos
Que Jesus vai se manifestar
Destas coisas sede apercebidos
Este é o tempo de vigiar e orar."
920;REINO UNIVERSAL;;"Ó línguas, povos e nações,
Louvor a Cristo celebrai;
Em alta voz, ó corações,
O Nome de Jesus cantai!
Misericórdia divinal,
Justiça eterna, eterno amor,
De litoral a litoral
Apregoai com todo ardor.

Com reverência, com fervor,
O incenso do louvor levai;
Sinceros, gratos ao Senhor,
Oh, vinde, alegres, e exultai!
Com todo ardor, oh, exaltai!
A Cristo, autor da redenção;
Em toda língua proclamai
Que reino Dele os povos são."
921;RENDENÇÃO;;"Nós iremos com Cristo Jesus gozar
Uma vida de eterno prazer e amor,
Onde nunca perigo qualquer há de entrar,
Vida gloriosa na graça do Redentor!

Salvos por Jesus, cantaremos nós no céu:
Glória, glória, paz, salvação do Senhor!
Eis que todos, anjos e santos, sem véu,
Hemos de o ver coroado Rei e do céu Senhor.

Todos nós, os remidos, com gratidão,
Juntos, num regozijo eternal com Deus,
Louvaremos a quem nos deu tal salvação!
Sim, ao Cordeiro de Deus e Senhor dos céus.

Oh, que grande verdade, que grande luz!
Paz, favor, redenção, alegria, amor,
Tudo, tudo nos vem, pela morte na cruz,
Desse Cordeiro de Deus, divinal Senhor.

Pela fé no Senhor recebemos paz,
Dom gracioso de Cristo Jesus, o Rei.
Deu-nos, pois, salvação, que é completa e veraz!
Oh, sim, livrou-nos do justo rigor da lei!

Tão alegres seremos na vida ali,
Pois veremos Jesus que na cruz venceu!
Provas ele nos deu já, por ter vindo aqui,
Oh, que ditosa esperança do povo seu!

Trad.: Manuel Avelino de Souza (1886-1962)"
922;RESGATE;;"Pendurado no madeiro,
Ó Jesus, quiseste assim
Abolir meu cativeiro
Pelo teu amor sem fim!
O teu sangue foi vertido;
Expiraste, ó meu Jesus,
E ficou por ti cumprido
Meu resgate sobre a cruz.

Neste sangue que verteste
Purifica-me, Senhor;
Foi por mim que tu morreste.
Sê propício ao pecador!
Sê propício ao desgraçado,
Sob a dor da maldição;
Desse abismo do pecado
Salva-me com tua mão.

‘Vinde a mim’, Jesus convida,
Com seu manso coração;
Já da fé na chama brilha
O penhor da salvação.
Ei-lo ali na cruz pregado;
Chama a todo pecador
A limpar o seu pecado,
Nesse sangue expiador."
923;RESOLUÇÃO;;"Jesus, Senhor, me chego a ti;
Oh, dá-me alívio mesmo aqui!
O teu favor estende a mim;
Aceita um pecador!

As minhas culpas grandes são;
Mas tu, que não morreste em vão,
Me podes conceder perdão;
Aceita um pecador!

Eu nada posso merecer,
Tu vês-me prestes a morrer;
Jesus, a ti me vou render;
Aceita um pecador!

Sim, venho agora, Redentor;
Só tu, Jesus, és meu Senhor;
Oh, vem salvar-me em teu amor;
Aceita um pecador!

Eu venho como estou;
Eu venho como estou;
Porque Jesus por mim morreu,
Eu venho como estou."
924;RESPLANDEÇAM NOSSAS LUZES;;"1. Nas tormentas desta vida
Perto está a salvação.
Aos incautos navegantes
Quem trará a salvação?

[coro]
Resplandeçam nossas luzes
Através do escuro mar!
Pois nas trevas do pecado
Almas podem naufragar!

2. Sempre brilha, em graça imensa,
Rico amor do eterno Deus;
Toca a nós mostrar o rumo
Na viagem para os céus!

3. Nuvens de paixão mundana
Obscurecem-lhe o sol!
Ergue o grito de perigo!
Alça luzes ao farol!

4. Os errantes, insensatos,
Guia ao porto divinal!
Em Jesus há vero abrigo
Do furor do temporal.

5. Noite eterna se aproxima!
Negro e denso o seu horror!
Clama, avisa aos infelizes,
Insta-os ao Salvador!"
925;RESSURGIU;;"1. Cristo já ressuscitou; aleluia!
Sobre a morte triunfou; aleluia!
Tudo consumado está; aleluia!
Salvação de graça dá; aleluia!
Uma vez na cruz sofreu; aleluia!

2. Uma vez na cruz sofreu; aleluia!
Uma vez por nós morreu; aleluia!
Mas agora vivo está; aleluia!
E pra sempre reinará, aleluia!

3. Gratos hinos entoai; aleluia!
A Jesus, o grande Rei; aleluia!
Pois à morte quis baixar; aleluia!
Pecadores pra salvar, aleluia!"
926;RESSURREIÇÃO;;"1. Eis morto o Salvador, na sepultura!
Mas com poder, vigor, ressuscitou

[coro]
Da sepultura saiu!
Com triunfo e glória ressurgiu!
Ressurgiu vencendo a morte e seu poder;
Pode agora a todos vida conceder!
Ressurgiu, ressurgiu!
Aleluia ressurgiu!

2. Tomaram precaução, com seu sepulcro;
Mas tudo foi em vão, para o reter.

3. A morte conquistou, com grande glória
Oh! Graças! Alcançou, vida eternal."
927;REVELA A NÓS SENHOR;;"Jesus, meu Rei, Mestre e Senhor,
O Teu amor revela a mim,
Enquanto eu aqui viver,
Até eu ver da vida o fim.

Revela a nós, Senhor Jesus, meu Salvador,
As maravilhas mil do Teu divino amor;
E com veraz louvor, fervente gratidão;
Eleva a TI, Jesus Senhor, o nosso coração.

As bênçãos mil do Teu amor,
Qual esplendor me cercarão;
O Teu olhar será, Jesus,
A grata luz do coração.

Sorrisos Teus verei brilhar,
Se não andar no mundo vil:
Desfrutarei prazer veraz,
Tempo de paz primaveril.

E, quando for no céu morar,
E descansar dos dias meus,
Feliz viver receberei
De Ti, meu Rei, meu santo Deus!"
928;RICA PROMESSA;;"1. Oh, como é grande e doce a promessa
Do Salvador, Jesus, nosso Rei!
Ao que confia na Sua graça
Ele diz: “ Nunca te deixarei.”

[coro]
Oh, não temas, oh, não temas.
Pois eu contigo sempre serei!
Oh, não temas, oh, não temas
Pois eu nunca te deixarei!

2. Para remir-te dei o meu sangue
Pelo teu nome eu te chamei;
Meu para sempre tu és agora,
Crê pois que nunca te deixarei.

3. Eras indigno, mas escolhi-te;
Não temas, pois eu muito te amei;
Quem dos meus braços pode arrancar-te?
Sempre seguro te guardarei."
929;RIO DA VIDA;;"1. Há um rio Cristalino onde os Santos viverão,
Nasce do divino Trono para gozo Do cristão.

[coro]
Esse gozo Nós teremos,
Por Jesus, O bom Senhor;
Para sempre viveremos
Com o nosso Redentor.

2. Junto as margens Desse rio os Remidos andarão
Sempre a Cristo Ali servindo, com Sincera devoção

3. Nós veremos breve o rio, finda A peregrinação,
E louvores sempre Ternos nossos Lábios cantarão."
930;ROCHA ETERNA;;"1. Rocha eterna, foi na cruz.
Que morreste Tu, Jesus;
Vem de ti um sangue tal
Que me limpa todo mal:
Traz as bênçãos do perdão
Gozo, paz e salvação.

2. Nem trabalho, nem penar
Pode o pecador salvar;
Só tu podes, bom Jesus,
Dar-me vida, paz e luz.
Peço-te perdão, Senhor,
Pois confio em teu amor.

3. Eis que vem a morte atrás
Desta vida tão fugaz;
Quando eu ao meu lar subir.
E teu rosto em glória vir,
Rocha eterna, que prazer
Eu terei em Ti viver!"
931;RUDE CRUZ;;"1. Rude cruz se erigiu,
Dela o dia fugiu como emblema de vergonha e dor.
Mas contemplo esta cruz, porque nela Jesus
Deu a vida por mim pecador.

[coro]
Sim, eu amo a mensagem da cruz.
Até morrer eu a vou proclamar.
Levarei eu também minha cruz,
Até por uma coroa trocar.

2. Desde a glória dos céus,
O cordeiro de Deus,
Ao calvário humilhante baixou.
Essa cruz tem pra mim,
Atrativos sem fim,
Porque nela Jesus me salvou.

3. Nesta cruz padeceu,
E por mim já morreu,
Meu Jesus, para dar-me o perdão.
Eu me alegro na cruz,
Dela vem graça e luz,
Para a minha santificação.

4. Eu aqui com Jesus,
A vergonha da cruz,
Quero sempre levar e sofrer.
Cristo vem me buscar,
E com Ele no lar,
Uma parte da glória hei de ter."
932;RÉGIO HÓSPEDE;;"Tende vós lugar vazio,
Para Cristo, o Salvador.
Ele bate e quer entrada,
Quer salvar-nos em amor.

Dai lugar a Jesus Cristo;
Ide já o convidar,
Para que ache em vós morada
e onde sempre possa estar!

Vós quereis divertimentos,
Amizade e prazer
Menos esse amigo vero,
Que por vós ousou morrer?

Tendes tempo para Cristo,
Logo o buscareis em vão!
Hoje é tempo favorável,
De aceitar a salvação!"
933;RÉGIO HÓSPEDE CC.229;;"Tende vós lugar vazio,
Para Cristo, o Salvador.
Ele bate e quer entrada,
Quer salvar-nos em amor.

Dai lugar a Jesus Cristo;
Ide já o convidar,
Para que ache em vós morada
e onde sempre possa estar!

Vós quereis divertimentos,
Amizade e prazer
Menos esse amigo vero,
Que por vós ousou morrer?

Tendes tempo para Cristo,
Logo o buscareis em vão!
Hoje é tempo favorável,
De aceitar a salvação!"
934;SALVADOR BENIGNO;;"Salvador benigno, atende,
Pois me queres bem!
Vais abençoando a outros,
Salva-me também.

A teus pés estou prostrado,
Sim, em contrição;
Peço-te que me consoles
Este coração.

Já confio no teu sangue,
Busco teu favor;
Que minha alma atribulada
Goze teu amor.

És a fonte de conforto,
De onde a vida vem;
Dá-me alívio mesmo agora,
E perdão também.

Cristo! Cristo!
Que me queres bem!
Vais abençoando a outros,
Salva-me também."
935;SALVAÇÃO;;"Cantai a Cristo Salvador, que tanto nos amou
E para nossa salvação Seu sangue derramou

[coro]
Salvação! salvação!
Que dimana do Filho de Deus
Salvação! salvação!
Aleluia Jesus nosso Deus!

Mirai o amor que é perenal o amor do grande Deus
Tão vasto puro tão veraz perdoa os erros meus

Louvor a Cristo Redentor devemos entoar
E dar a todos conhecer que Cristo quer salvar"
936;SALVAÇÃO PELA FÉ;;"Qualquer que crer, Jesus o diz,
Certo, tem a salvação,
Eu creio em ti, ó meu Senhor,
E, crendo, tenho a salvação!"
937;SALVAÇÃO PERFEITA;;"Livres do medo temos ficado;
Cristo morreu, levando o pecado;
Eis o resgate: o pacto se fez;
Fomos remidos de uma vez!

CORO:
De uma vez! Oh, sim, acredita!
Ó pecador, tens sorte bendita!
Tudo Jesus, por nós, satisfez!
Cristo salvou-nos de uma vez!

Ao malfeitor, que a pena merece,
Vida e perdão Jesus oferece;
Clama por graça, com avidez,
Cristo te acolhe de uma vez!

Graça real! não há mais castigo!
Temos a paz sem medo e perigo!
Veste reais, não triste nudez;
Cristo enriquece de uma vez!

“Filhos de Deus!” favor inaudito!
Deus nos amou em grau infinito!
Nesta clemência não há dobrez;
Há segurança de uma vez!"
938;SALVE, ANO NOVO;;"Grande, Senhor, é tua compaixão,
Alta, veraz, é tua salvação;
No decorrer deste ano que findou
Foi teu amor que nossas vidas conservou.

Com prazer todos nós rendemos-te louvor,
A ti, o nosso Deus e grande Benfeitor.

Grande Pastor, nos meses a correr,
Na retidão queremos nós viver,
Ser-te fiéis na dura provação
E te servir com verdadeira gratidão.

Ano feliz queremos, pois, gozar,
Nosso labor queremos ver vingar;
Faze, Senhor, teu povo progredir,
E ao Salvador sedentas almas atrair.

Olha, Senhor, a terra do Brasil,
Vem conceder-lhe tuas bênçãos mil,
Dando ao país durável proteção;
Atende, pois, ó Mestre, a nossa petição.

Arranjo: Daniel Brink Towner (1850-1919)"
939;SALVO;;"Salvo por Jesus Cristo
Tenho perfeita paz;
A comunhão com Ele
Toda aflição desfaz.
Ele me deu certeza
Da minha salvação,
Que inefável graça,
Enche meu coração.

[CORO]
Salvo por Jesus Cristo tenho perfeita paz;
a comunhão com Ele toda aflição desfaz.

Cristo é a minha vida,
Fonte de doce amor;
Ele me tira a mágoa,
Todo o pesar e a dor.
E se sofrer a prova,
Mui fácil me será;
Quando verter o pranto,
Logo Ele o enxugará.

E passarei a noite com Ele,
Sem temor,
Té que amanheça o dia
De perenal fulgor.
Magnificente e santo
Vê-lo-ei a me fitar,
E na mansão de glória
Vou com Jesus reinar!"
940;SALVO ESTOU;;"Glória a Jesus, sim, ao Filho de Deus,
O bom Salvador que nos veio dos céus!
Estávamos mortos, mas ele chegou
E do pecado nos ressuscitou.

Salvo! Salvo!
Eu salvo das penas eternas já sou!
Salvo! Salvo!
Pela graça de Cristo Jesus salvo estou!

Na corrupção não podia viver,
A vida era assim um constante sofrer,
Até que num dia Jesus me encontrou
E ele minha alma de novo gerou.

Longe de Cristo tão cego eu andei;
Em trevas vivia, perdido, bem sei,
Mas ele com seu grande amor me buscou,
Logo minha alma da morte livrou.

Salvo pra sempre eu agora já sou,
Jesus com seu sangue minha alma lavou.
Louvores pra sempre ao Senhor eu darei.
Ao seu trabalho me consagrarei."
941;SANGUE DE JESUS;;"O sangue tão precioso de Jesus
do pecado purifica;
o sangue de Jesus purifica,
mesmo, mesmo a mim."
942;SANGUE PRECIOSO;;"Oh que tão precioso sangue,
meu Senhor verteu,
Quando para resgatar-nos, padeceu!

Oh que tão precioso sangue,
fala nos de paz,
Tudo quanto a lei exige, satisfaz!

Oh que tão precioso sangue,
traz nos salvação,
Deus por Ele dá aos crentes, o perdão!

Oh que tão precioso sangue,
do meu Salvador,
Pois que a todos manisfestou, Seu amor!

Oh que tão precioso sangue,
que liberta os réus,
Podem ter por ele entrada, lá nos céus!"
943;Santo Espirito;E;"Santo Espírito enche a minha vida
Pois com Cristo eu quero brilhar
Santo Espírito enche a minha vida
Usa-me as almas a salvar
Aleluia, aleluia, Aleluia dou ao Cristo Rei
Aleluia, aleluia, Aleluia dou ao Rei"
944;SANTO ESPÍRITO;;"Santo Espírito enche a minha vida
Pois por Cristo eu quero brilhar
Santo Espírito enche a minha vida
Dá-nos muitas almas a ganhar.
Aleluia, Aleluia,
Aleluia dou ao Cristo rei
Aleluia, Aleluia,
Aleluia dou ao rei."
945;SANTO SANTO;;"Santo! Santo! Santo! Deus onipotente
Cedo de manhã, cantaremos Teu louvor.
Santo! Santo! Santo! Deus Jeová Triúno!
És um só Deus excelso Criador.

Santo! Santo! Santo! Todos os remidos,
Juntos com os anjos, proclamam Teu louvor.
Antes de formar-se o firmamento e a terra,
Eras e sempre és e hás de ser, Senhor.

Santo! Santo! Santo! Nós os pecadores
Não podemos ver Tua glória sem tremor.
Tu somente és santo; não há nenhum outro
Puro e perfeito, excelso Benfeitor.

Santo! Santo! Santo! Deus onipotente!
Tuas obras louvam Teu nome com fervor.
Santo! Santo! Santo! justo e compassivo!
És um só Deus, supremo Criador."
946;SANTO ÉS TU, SENHOR;;"Santo! Santo! Grande eterno Deus,
Com alegria nós Te louvamos.
Rei dos reis e Criador dos céus.
Humilhados Te adoramos;
Honra e glória em Ti miramos,
Pois foi rasgado, na cruz, o véu.

Santo para sempre és Tu, Senhor
Nas batalhas és vencedor!

Adorai-O terra, céu e mar;
Toda a Igreja, seus mensageiros,
Reunidos, vinde suplicar
Dons celestes, pois sois herdeiros
De Deus, e com Jesus coherdeiros
Da glória que jamais vai findar.

Rei doa séc’los, grande eterno Deus!
Tu és veraz e incompreensível,
Criador da terra e dos céus;
És o Ancião invisível,
Habitas na luz inacessível,
Lá morarão os remidos Teus."
947;SANTO, SANTO ÉS TU, SENHOR;;"Santo, santo és Tu, Senhor,
Em Teu louvor eu vou cantar
Com esperança, ó Deus de amor;
Tu me queres consolar;
Eu Te peço, ó meu Jesus,
Só Tu és meu salvador,
Que me faças andar na luz;
Santo és, meu redentor!

Ao meu Jesus eu cantarei
Entrando na feliz Sião;
Oh! Santo, santo, proclamarei
Na minha eternal mansão,
Com os anjos e serafins,
Santo! Sempre vou cantar
Com arcanjos e querubins;
A Jesus eu vou adorar.

Santo, santo, eu cantarei,
Ao meu Jesus, que me salvou,
E só Nele confiarei,
Pois a minh`alma resgatou;
Dá-me o pão do céu pra comer.
O maná celestial,
Pra Teu povo fortalecer,
Com Teu poder vital.

Em Jesus, só hei de buscar,
A Sua força divinal,
Que avante me vai levar,
Para o reino eternal;
Oh! Quão doce é Teu pão,
Que nos dá real vigor
No deserto; consolação,
Que nos enche de fervor."
948;Satisfação;E;"Satisfação é ter a cristo,
Não há melhor prazer já visto
Sou de Jesus, agora eu sinto
Satisfação sem fim.

Sim, paz real,
Sim, gozo na aflição
Achei o segredo
É cristo no coração,

Satisfação é nova vida,
Eu com Jesus em alegria
Sempre cantando a melodia,
Satisfação sem fim.

Satisfação é não ter medo,
Pois meu Jesus, virá bem cedo
Logo, então, eu hei de vê-lo
Satisfação sem fim"
949;SATISFEITO COM CRISTO;;"Oh! ‘stou satisfeito com Cristo,
Porque Ele minh’alma salvou;
E sobre o madeiro, sofrendo,
O Seu grande amor revelou.

Oh! ‘stou satisfeito com Cristo,
Confesso-O por meu Salvador:
Embora de nada ser digno,
Desfruto do Seu grande amor.

Oh! ‘stou satisfeito com Cristo,
De triste, tornei-me feliz,
Ouvindo o Seu santo Evangelho,
E crendo no que Ele me diz.

Oh! ‘stou satisfeito com Cristo,
E sei que vai logo voltar;
Virá com poder glorioso,
A fim de Seu povo levar."
950;SAUDADE;;"1. Da linda pátria estou mui longe
Triste eu estou,
Eu tenho de Jesus saudade;
Quando será que vou?
Passarinhos, belas flores
Querem me encantar.
Oh, vãos terrestres esplendores,
Não quero aqui ficar.

2. Jesus me deu fiel promessa
Vem me buscar;
Meu coração está com pressa,
Eu quero ao céu voar.
Meus pecados são mui grandes,
E culpado sou;
Mas o seu sangue põe-me limpo,
E para a pátria vou.

3. Qual o filho, de seu lar saudoso,
Eu quero ir;
Qual passarinho para o ninho,
Eu quero ao céu subir.
Sua vinda ao mundo é certa,
Quando, não o sei;
Mas Ele me achará alerta,
E para o céu irei."
951;SAUDADES DE SIÃO;;"1. Junto ao rio da Babilônia se assentava,
Lamentava e chorava Israel,
Por Sião, a Sua pátria que deixara
Uma terra que manava leite e mel.

[coro]
“Cantem hinos de Sião” diziam os caldeus,
“Nos alegrem com a sua melodia”.
“Hinos do Senhor aqui em terra estranha,
Não cantamos”, Israel assim dizia.

2. Suas harpas penduradas já estavam,
Nos salgueiros lá no meio de Sião,
E os tiranos que os levavam escravizados,
Lhes pediam que entoassem uma canção.

3. Se eu me esquecer de ti Jerusalém,
Minha destra esqueça-se da sua destreza,
Pois és a cidade do meu grande Rei,
Adornada de esplendor e de beleza."
952;SAUDADES DO LAR;;"1. Vou por este mundo peregrinando
Com muita saudade de meu lar,
Uma cruz pesada em meu ombro levo
Por uma coroa hei de trocar.

[coro]
Tenho saudades de meu lar,
Onde a dor e o pranto não tem lugar,
Subirei ao céu como águia voando
Pra sempre no meu lar vou descansar.

2. Contemplo o sol na força do dia,
Me faz sentir saudades de meu lar,
As flores e as colinas verdejantes,
Me faz sentir saudades de meu lar."
953;SAUDAI EMANUEL;;"Saudamos-te, ó Emanuel!
A ti louvores damos:
De coração, sim, todos nós
a ti nos entregamos.
Em honra a ti, Senhor e Rei,
os anjos cantam lá no céu,
e lá ressoa teu louvor:
Saudai! Saudai! Saudai, saudai Emanuel!

Rei, Emanuel, Emanuel!
Rei, Emanuel, Emanuel!
Sabedoria, poder sem fim,
honras e glória as nações Te deem,
hoje e para sempre!
Rei Emanuel, Emanuel!
Rei Emanuel, Emanuel!
Rei dos reis, e Salvador!
Saudai Emanuel!

Saudamos-te, ó Emanuel!
Os santos te rodeiam;
os reis da terra se erguerão
a proclamar teu reino,
enquanto os filhos já com Deus,
cercando o trono lá nos céus,
entoam hinos imortais:
Saudamos-te, ó Emanuel!
Ó Rei dos reis, eterno!
Venceste as hostes infernais;
tu és onipotente!
Jamais a morte reinará,
nem mal algum dominará.
Eterna glória seja a Ti."
954;SAUDAI JESUS;;"Saudai o nome de Jesus!
Arcanjos, vos prostrai;
Arcanjos, vos prostrai;
Ao Filho do eterno Deus,
Com glória, glória,
Glória, glória,
Com glória, coroai!

Ó escolhida geração
Do bom eterno Pai,
Do bom eterno Pai;
Ao grande autor da salvação,
Com glória, glória,
Glória, glória,
Com glória, coroai!

Ó perdoados, cujo amor
Bem triunfante vai,
Bem triunfante vai,
Ao Deus Varão, Conquistador,
Com glória, glória,
Glória, glória,
Com glória, coroai!

Ó raças, tribos e nações,
Ao Rei dos reis honrai!
Ao Rei dos reis honrai!
A quem quebrou vossos grilhões,
Com glória, glória,
Glória, glória,
Com glória, coroai!"
955;SAUDAÇÃO;;"Saudamo-vos, irmãos em Cristo,
Lembrando do que temos visto;
Nesses anos pelas lutas, tentações,
Foram atendidas nossas petições.
Toda glória seja ao nome do Senhor;
Vinde a ele todos entoar louvor!

Bem alto agora vamos nós cantar,
Que terra e céus virão nos ajudar.
Até aqui Deus mesmo nos guiou,
E com a sua mão nos ajudou.

Um dia tão glorioso temos,
E ao nosso Pai agradecemos;
Pois é ele quem nos dá real prazer
E é fiel em nos guardar e proteger.
Vinde vós, irmãos, conosco a Deus cantar;
Deste gozo vinde, pois, participar!

Alegres hoje jubilemos,
Ao nosso Salvador cantemos;
Ele como filhos seus nos escolheu,
Ricas bênçãos ele já nos concedeu.
Seja ‘Avante!’ O nosso lema triunfal,
Pois seguimos para o lar celestial!"
956;SAUDOSA LEMBRANÇA;;"1. Oh! Que saudosa lembrança,
Tenho de tí, ó Sião,
Terra que eu tanto amo,
Pois és do meu coração
Eu para ti voarei,
Quando o Senhor meu voltar;
Pois Ele foi para o Céu,
Em breve vem me buscar.

[coro]
Sim, eu porfiarei
Por esta terra de além;
E lá terminarei
As muitas lutas de aquém;
Lá está meu bom Senhor,
O qual eu desejo ver;
Ele é tudo p’ra mim,
E sem ele não posso viver.

2. Bela mui bela esperança
Dos que vigiam por ti,
Pois eles recebem força,
Que só se encontram ali
Os que procuram chegar
Ao teu regaço Sião,
Livres serão de pecar
E de toda tentação

3. Diz a sagrada escritura,
Que são formosos os pés
Daqueles que boas novas
Levam para os infiéis;
E, se tão belo é falar,
Dessas grandezas aqui,
Que não será o gozar
A graça que existe ali!"
957;SE CANTO, SE CHORO;;"Há momentos na vida que a gente chora.
Há momentos na vida que a gente sorri
Mas a vida é mais linda que o pôr do sol,
Mesmo com lágrimas o importante é
Conseguir viver.

[coro]
Se canto, se choro.
O meu Jesus conhece bem o meu coração.
Mesmo com lágrimas te louvarei Senhor!
No fim da luta receberei o meu galardão.

Há momentos que tudo parece tão escuro,
Palavra que as vezes ferem nosso coração.
Mas a vida é mais linda que o pôr do sol.
Mesmo com lutas cante a Jesus uma canção."
958;SE CRISTO COMIGO VAI;;"1. Se pelos vales eu, peregrino vou andar
Ou na luz gloriosa de Cristo habitar,
Irei com meu Senhor p’ra onde Ele for,
Confiando na graça do meu Salvador

[coro]
Se Cristo comigo vai, eu irei;
E não temerei, com gozo irei;
Comigo vai;
É grato servir a Jesus, levar a cruz;
Se Cristo comigo vai, eu irei.

2. Se lá para o deserto Jesus me quer mandar,
Levando boas novas de salvação sem par
Eu lidarei, então, com paz no coração.
A Cristo seguindo; sem mais dilação.

3. Será a minha sorte a dura cruz levar
Sua graça e seu poder quero sempre aqui contar.
Contente com Jesus, levando a minha cruz,
Eu falo de Cristo, que é minha luz.

4. Ao Salvador Jesus eu desejo obedecer,
Pois na sua Palavra encontro o meu saber;
Fiel a Deus serei, o mundo vencerei
Jesus vai Comigo não mais temerei."
959;Se esforce toque o Senhor;E;"Se esforce toque o Senhor
Ele está pra passar
Ele não está ocupado
Pra te ouvir chamar

Ele passa bem agora
Tua oração escutar
Se esforce, toque o Senhor
Ele está neste lugar"
960;Se eu morrer (IF I PERISH);E;"Se eu morrer, deixa morrer
Pois eu sei que verei o Rei
Se eu morrer, deixa morrer
Pois eu sei que verei o Rei

Pelas provas,
Perseguições, Tribulações
Serei fiel,
Pois eu sei que verei o Rei"
961;SE HÁ UM RIO HÁ UMA FONTE;;"Se há um rio
Que flui do meu viver,
Há uma fonte
Que não o deixa secar.

Se existem as águas
Que não se acabam aqui
Sim, há um rio
Que corre sem parar."
962;SE MEU CÁLICE TRANSBORDAR DE FÉ;;"Se meu cálice transbordar de fé
Se meu cálice transbordar de fé
Acho graça em orar
Estou sempre a cantar
Se meu cálice transbordar de fé

Se meu cálice transbordar de amor
Se meu cálice transbordar de amor
Acho graça em orar
Estou sempre a cantar
Se meu cálice transbordar de amor.

Se meu cálice transbordar feliz
Se meu cálice transbordar feliz
Acho graça em orar
Estou sempre a cantar
Se meu cálice transbordar feliz.

Se meu cálice transbordar de fé
Se meu cálice transbordar de amor
Acho graça em orar
Estou sempre a cantar
Se meu cálice transbordar feliz."
963;SE O SENHOR É POR NÓS;;"[coro]
Se o Senhor é por nós, quem será contra nós?
Se o Senhor é por nós, quem será contra nós?
Ele é o nosso refúgio e o verdadeiro abrigo.
O Seu Nome é Jesus, o Cristo filho do Deus vivo.

1. Ó não temas meu irmão,
Não temas o perigo.
Se o adversário é grande,
Maior é o que está contigo.
Tu deves sempre lembrar,
Que nunca estás sós.
Se o Senhor é por nós,
Quem será contra nós?

2. Ó não temas meu irmão,
Essa sua enfermidade.
O nosso Jeová Rafa,
É o que te sara de verdade.
Lembre sempre que Jesus,
Está contigo na amargura,
E que já fomos sarados,
Pelas suas pisaduras.

3. Ó não temas meu irmão,
A perseguição ,
Pois quando fazem assim,
É grande o vosso galardão.
Porque antes de você
Já perseguiram a Jesus,
Amando muito mais as trevas,
E aborrecendo a luz."
964;SE TENS VONTADE DE VIVER;;"Se tens vontade de viver
A vida que Cristo ensinou
Alerta irmão, alerta irmão
É grande a tribulação.

De joelho sempre a clamar
Lavado pelo sangue bom
Receberás das mãos de Deus
Uma vitória e um galardão de paz.

E vencerás, e vencerás
Com Jesus Cristo a tribulação
Se colocares em Jesus amado
Coração firmado, tu vencerás."
965;SEGUE-ME;;"1. Escuta a voz do bom Jesus
“Segue-me, vem, segue-me,
Guiar-te-ei à eterna luz;
Segue-me, vem, segue-me
Por ti eu toda lei cumpri,
Por ti o amargo fel bebi;
Por ti a morte já sofri;
Segue-me, vem, segue-me

2. Liberto dos pecados teus,
Segue-me, vem, segue-me
Guiar-te-ei aos altos céus;
Segue-me, vem, segue-me
Oh! Quantas vezes te chamei,
E tu quebraste a minha lei
Mas fiador por ti fiquei;
Segue-me, vem, segue-me

3. Em mim tu podes descansar
Segue-me, vem, segue-me,
Vem teus pecados me entregar
Segue-me, vem, segue-me
Eu sou Teu Deus, teu Salvador;
Eu te amo muito ó pecador;
Oh! Deixa todo o teu temor,
Segue-me, vem, segue-me

4. Sim, meu Jesus Te seguirei,
Seguirei, sim seguirei,
Por Ti eu tudo deixarei
Deixarei, sim deixarei
Mui débil sou e sem valor;
Sem Ti não posso andar Senhor;
Mas enche-me do Teu vigor!
Seguirei, sim, seguirei!”"
966;SEGUINDO A CRISTO;;"Sempre, sempre seguirei a Cristo;
Seja por onde for, eu o seguirei.
Sempre, sempre seguirei a Cristo;
Seja, pois, por onde for eu seguirei."
967;SEGUINDO A JESUS;;"Seguindo a Jesus, Passo a Passo estou
Em cada momento, mui feliz eu sou.
Eu deixo o futuro pra Ele cuidar
Eu quero só hoje, um passo andar

Estreito é o caminho, mas vem me guiar,
Na sombra de Cristo, não temo andar.
Momentos e horas, não vejo passar,
Pois quero só hoje, um passo andar"
968;SEGURA NA MÃO DE DEUS;;"1. Se as águas do mar da vida, quiserem te afogar
Segura na mão de Deus e vai.
Se as tristezas desta vida, quiserem te sufocar,
Segura na mão de Deus e vai.

[coro]
Segura na mão de Deus, segura na mão de Deus
Pois ela, ela te sustentará.
Não temas, segue adiante, e não olhes para trás,
Segura na mão de Deus e vai.

2. Se a jornada é Pesada, e te cansa a caminhada;
Segura na mão de Deus e vai!
Orando, jejuando, confiando e confessando.
Segura na mão de Deus e vai!

3. O Espírito do Senhor sempre te conduzirá;
Segura na mão de Deus e vai!
Jesus Cristo prometeu, que jamais te deixará,
Segura na mão de Deus e vai!"
969;SEGURA NAS MÃOS DE JESUS;;"1. Se as vezes os Problemas da vida Parecem insolúveis
Fazendo até mesmo Em momentos Você a chorar,
Mas quando é um Crente fiel e se Vê neste apuro
Segura nas mãos De Jesus e comece A cantar.

[coro]
Segura nas mãos De Jesus (BIS).
Segura nas mãos De Jesus e Comece a cantar,
Segura nas mãos De Jesus (BIS)
E todas as lutas Da vida você Vencerá.

2. Se as trevas que Cercam agora Parecem intensas
E já não sente coragem mais De caminhar.
Eleve seus olhos Agora com fé Para o alto,
Segura nas mãos De Jesus e Comece a cantar.

3. Um dia bem cedo Eu sei findará Todas as lutas
Espinhos e pedras Pra mim sei que Não haverá.
Porque Cristo Breve mui breve Levará seu povo
Segurando nas Mãos de Jesus Subirei a cantar."
970;SEGURANÇA;;"1. Que segurança, sou de Jesus!
Eu já desfruto o gozo da luz!
Sou por Jesus herdeiro de Deus,
Ele me leva à glória do céus.

[coro]
Canta minh’alma! Canta ao Senhor!
Rende-lhe sempre ardente louvor!
Canta minh’alma! Canta ao Senhor!
Rende-lhe sempre ardente louvor!

2. Ao seu amor me submeti,
E extasiado então me senti!
Anjos descendo trazem dos céus
Ecos da excelsa graça de Deus.

3. Sempre vivendo em Seu grande amor.
Me regozijo em meu Salvador;
Esperançoso vivo na luz,
Oh! Que bondade e amor de Jesus."
971;Segure a imutável mão de Deus;E;"Tempos cheios de mudanças
Nada aqui sustentará
Edifique a eternidade
Segure a imutável mão de Deus

Segure a imutável mão de Deus
Segure a imutável mão de Deus
A esperança é a eternidade
Segure a imutável mão de Deus

Confie somente em Jesus Cristo
Não importa o que vier
Se os amigos abandonam
Dele mais perto quero estar

As riquezas deste mundo
Muito rápido se vão
Ganhe os tesouros eternos
Eles nunca passarão

Quando a jornada terminar
E a Deus fiel manter
Para a casa lá na gloria
A minha alma subira"
972;Segure na mão Imutável de Deus (Hold to God's unchanging Hand);;"O tempo passa tão,
Nada vai permanecer,
Tenha esperanças em coisas eternas,
Segure na mão imutável de Deus.

Segure na mão imutável de Deus
Segure na mão imutável de Deus
Tenha esperanças em coisas eternas
Segure na mão imutável de Deus.
Confie Nele e Ele não te deixará
Mesmo depois que o tempo passar
Se os amigos terrenos o abandonar
Segure na mão imutável de Deus.

Não cobice as coisas deste mundo
Que tão rápido se vão
Busque ganhar tesouros eternos
Pois eles nunca passarão
Quando a jornada aqui terminar
Se a Deus tens sido fiel
Justa e brilhante a casa na glória
Sua alma raptada então verá"
973;SEJA CRENTE;;"Seja crente no seu modo de andar,
Seja crente no seu modo de vestir.
Seja crente no seu modo de falar,
Seja crente no seu modo de agir.

O crente que é crente é temente,
E foge da aparência do mal.
O crente que é crente é valente,
E está a caminho do país celestial.

Seja crente no seu modo de olhar,
Seja crente no seu modo de pensar,
Seja crente no seu modo de viver,
Seja crente para o mal você vencer."
974;SEMEANDO E SEGANDO;;"Semente lançada na terra
Germina e seu fruto produz:
As nossas ações e palavras
Dão ceifa de trevas ou luz.

Que queres, ó jovem, segar?
A morte ou a vida será!
O fruto decerto se colhe
De tudo que se semear.

O Joio do mal espalhado,
Colheita maldita dará;
O trigo do bem semeado,
Colheita de bênçãos trará.

Se, pois, tu semeias na carne,
A morte eternal tu terás;
Porém se no Espírito andares,
Da vida do céu gozarás.

Semente do bem, pois, semeia,
Bondade e palavras de amor;
Feliz tu serás para sempre
Com Cristo Jesus, o Senhor."
975;SEMPRE AVANTE;;"1. Se há desarmonia Em seu viver,
Continue sempre avante
Se parece tudo Um sofrer.
Continue sempre Avante,
Não há alegria Em teu lar;
E os desencontros São constantes.
Mesmo assim tu Não podes parar,
Continue sempre Avante.

[coro]
Siga com Jesus No caminhar,
Ele sempre vai Adiante.
Jesus Cristo Quer te Orientar,
Continue sempre Avante.

2. Quando der Vontade de Parar,
Continue sempre avante
Mesmo com Vontade de Chorar.
Continue sempre Avante.
Um Cristão não Pode recuar,
Em Jesus tem Força bastante;
Com coragem Sempre avançar,
Continue sempre Avante."
976;SEMPRE FIRME;;"Vem dar-me paz ó meu Jesus, dá-me Teu braço ó Cristo,
Vou perecendo longe da cruz, e eu em clamar insisto!

Triste procuro refúgio ao Teu lado,
Volta-me a paz o descanso me vem.
Quando na terra me achar desprezado.
Glória terei noutra pátria de além.

Vem dar-me paz ó meu Jesus, dá-me Teu braço ó Cristo,
Vou perecendo longe da cruz, e eu em clamar insisto!

Quando da morte cercar-me a tristeza,
Finda a jornada do mundo cruel.
Certo terei nesse dia a certeza.
De ir me alegrar sob imenso docel.

Vem dar-me paz ó meu Jesus, dá-me Teu braço ó Cristo,
Vou perecendo longe da cruz, e eu em clamar insisto!

Ira David Sankey (1840-1908)
William Orcutt Cushing (1823-19025)"
977;SEMPRE FIÉIS;;"Sempre fiéis, sim, a Ti nós seremos,
Por tua graça, por teu grande amor!
Sempre fiéis, sim, por Ti lutatemos,
Sob teu pendão, ó Jesus Salvador!

Sempre fiéis, irmãos! Irmãos, sejamos
Sempre fiéis a Cristo Jesus!
Ele por nós prosseguiu té a morte
E libertou-nos, morrendo na cruz!

Por Ti viver, ó bendito Cordeiro,
Quem não deseja, se te conhecer?
Quem que se diga cristão verdadeiro
Não se disponha por Ti a sofrer?

Mas Salvador, se imperfeitos nós somos,
Como podemos deixar de cair,
Se por Ti mesmo guardados não formos?
Quem té a morte te pode seguir?

Sempre fiéis!
Sim, mesmo até à morte!
Sempre fiéis!
Tomemos a cruz!
Eis a divisa que a nos nos pertence,
Os libertados por Cristo Jesus!"
978;SENHOR ME BATIZA;;"1. Senhor eu te peço e Te imploro
Vivo sempre chorando
Senhor vê que eu choro
Manda o Teu fogo
Para enxugar o meu pranto
(BIS) Senhor, Senhor me batiza
Com Teu Espírito Santo.

[coro]
Sim me batiza
Sim me batiza
Com o teu selo da redenção
Para alegrar a minha alma
E aquecer o meu coração.

2. Senhor não me canso
Desta palavra buscar
Vivo sempre clamando
Senhor eu quero ganhar
Manda o Teu Espírito.
Para aquecer o meu canto
Senhor, Senhor me batiza
Com Teu Espírito Santo."
979;Senhor me prepara (Lord Prepared me);C;"Senhor, me prepara pra ser um santuário,
Puro e santo, Fiel e verdadei ro;
Com ação de graças, seguirei vivendo
Um Santuário pro Senhor."
980;SENHOR, EU PRECISO DE TI;;"Eu creio, Senhor, na divina promessa,
Vitórias já tive nas lutas aqui,
Contudo, é mui certo que a gente tropeça:
Por isso, Senhor eu preciso de Ti.

A luz que me guia no escuro caminho,
Fulgura de cima, do sol criador,
Contudo, não posso segui-lo sozinho
Por isso eu preciso de Ti meu Senhor.

Bem sei que nas preces eu posso buscar-Te
Jamais dessa bênção na vida eu descri,
Contudo, é possível que dela me aparte:
Por isso, Senhor, eu preciso de Ti.

Esforços da terra, precário destino,
Empenho dos homens riqueza o que for,
Não valem a bênção do reino divino:
Por isso eu preciso de Ti, meu Senhor."
981;SEPARAÇÃO;;"Deus vos guarde pelo seu poder,
Protegidos e velados,
Desfrutando os seus cuidados,
Deus vos guarde pelo seu poder!

Pelo seu poder e no seu amor,
Até nos encontramos com Jesus!
Pelo seu poder e no seu amor,
Oh! Que Deus vos guarde em sua luz.

Deus vos guarde bem no seu amor,
Consolados e contentes.
Achegados sempre aos crentes,
Deus vos guarde bem no seu amor!

Deus vos guarde do poder do mal
Da ruína, do pecado,
Do temor de todo lado,
Deus vos guarde do poder do mal!

Deus vos guarde para seu louvor,
Para seu Divino gozo,
Seu serviço tão glorioso
Deus vos guarde para seu louvor!"
982;SERVIR ALEGREMENTE;;"Ao Mestre, alegremente,
Irmãos, deveis servir;
Ao Salvador bendito
Obedecer, seguir.
Os céus e a terra toda
Proclamam seu poder;
Milhões alegremente
Observam seu querer.

Ao Mestre, alegremente
Irmãos, deveis servir;
Ao salvador bendito
Obedecer, seguir.

Ao Mestre, alegremente,
Hosanas entoai;
Ao Deus do mundo inteiro,
Prostrados, adorai;
Qual rocha inabalável
O que ordenou nos é,
Eterno, indubitável,
O autor da nossa fé.

Ao Mestre, alegremente,
Na vossa vida honrai,
A fama dele ao mundo
Inteiro anunciai.
Domínio e majestade,
Com honra e com poder,
Um reino sempiterno
Jesus há de exercer."
983;SILÊNCIO;;"1. Esta terra manchada de pecado,
Toda cheia de trevas e religião,
Um triste silêncio haverá,
Pois o povo de Deus dela desaparecerá.

[coro]
Silêncio, silêncio,
Oh que triste silêncio na terra haverá.
Alegremos no Senhor irmãos amados,
Porque muito em breve
Seremos arrebatados.

2. Os irmãos que dormiram no Senhor
Estão esperando por nossa perfeição,
Mas com poder da palavra falada,
Chamaremos os mortos e eles ressuscitarão.

3. Pela fé eu já posso avistar
Aquela cidade onde iremos morar,
Com Jesus nosso amado noivo,
Sobre as ruas de ouro, onde havemos de andar

4. O mundo ficará perguntando:
Onde estão os pregadores sobre a volta do Senhor?
Não ouvimos mais a sua voz. Tudo está em silêncio
Onde está aquele povo?"
984;SIM, EU SEI;;"1. Vinde, todos os pecadores,
A Jesus, o salvador;
Vinde logo, sem temores,
Encontrar o redentor.

[coro]
Sim, eu sei. Oh, eu sei.
Cristo salva o perdido pecador!
Sim, eu sei. Oh, eu sei.
Cristo salva o perdido pecador!

2.Dá aos fracos, fortaleza,
Das montanhas planos faz;
Ao deserto dá beleza,
E aos crentes, luz e paz.

3. Nas fraquezas, ei-Lo perto,
Dominando a força má;
No caminho, guia certo,
E sua graça sempre dá.

4. Tenho gozo mui superno,
Pelo sangue que verteu,
Nem o mundo, nem o inferno,
Tira a vida que me deu.

5. Quando Cristo vier da glória,
A buscar o povo seu,
Contaremos a história,
Do amor de Deus, no céu."
985;SINAL;;"[coro]
Manisfesta em mim o Teu sinal, Senhor
Manisfesta em mim o Teu sinal, Senhor
(BIS) Tu o sabes,
porque estou falando assim
Manisfesta o Teu sinal Senhor em mim.

Jacó no vale de Jaboque,
Grandes lutas teve de travar
Mas no fim desta grande batalha
O sinal teve de ficar.

Exponha o sinal, irmão
Não espere o tempo passar
(BIS) Exponha o sinal, irmão
Senão tu vai ficar."
986;SOB AS ASAS DE DEUS;;"1. Sob as asas de Deus, descansando;
Inda que é noite confiando estou;
Sob as asas me acho abrigado
Fui redimido, de Cristo eu sou.

[coro]
Descansarei, descansarei
Sob suas asas preciosas!
Descansarei, e não temerei
Sob asas tão poderosas!

2. Sob suas asas refúgio eu tenho,
Meu coração pode, então descansar;
E se aflito, a Cristo eu venho,
Perfeito gozo vou Nele encontrar.

3. Sob suas asas, promessa preciosa!
Cristo me livra, me pode guardar;
Bem protegido, nas asas gloriosas,
Paz e alegria eu posso achar!"
987;SOBERANIA;;"Soberania alturas santas voarei,
Jesus um dia me chamou eu aceitei.
Ao seu chamado ajoelhado eu caí,
Ao pé da cruz Jesus meu Rei me perdoou.

Soberania pra todo mundo tu mandava,
Por seus discípulos foi acompanhado.
Por toda parte sempre, sempre seguirei.
Jesus um dia me chamou eu aceitei.

Soberania lá terminarei meu pranto,
Nesta cidade oh! Quão grande és o encanto.
Glorificando todos com palmas nas mãos,
É este povo que vai sair da tribulação.

Soberania a tua igreja subirá,
Em breve um dia a trombeta soará.
Oh! Que tristeza nesta terra ficará,
O fim está perto pois as portas vão fechar."
988;SOBRE AS ONDAS DO MAR;;"1. Oh! Porque duvidar,
Sobre as ondas do mar,
Quando Cristo caminho abriu?
Quando forçado és, contra as ondas lutar,
Seu amor a ti quer revelar.

[coro]
Solta o cabo da nau,
Toma os remos na mão,
E navega com fé em Jesus;
E então tu verás que bonança se faz
Pois com Ele seguro serás.

2. Trevas vêm te assustar,
Tempestades no mar?
Da montanha o Mestre te vê;
E na tribulação
Ele vem socorrer,
Sua mão bem te pode suster.

3. Podes tu recordar,
Maravilhas sem par?
No deserto ao povo fartou;
E o mesmo poder
Ele sempre terá,
Pois não muda e não falhará.

4. Quando pedes mais fé,
Ele ouve ó crê!
Mesmo sendo em tribulação:
Quando a mão de poder
O teu “ego” tirar,
Sobre as ondas poderás andar."
989;SOCORRO DIVINO;;"No meu viver é ajudador
Meu Pai dos céus, meu bom Senhor;
A minha vida toda vê,
E quer fazer-me bem, eu sei.

As minhas lutas Ele vê,
E sempre ajuda por mercê;
Do meu pesar é sabedor,
E logo vem me dar vigor.

Oh, quer-me bem, sim, quer-me bem!
Em compaixão valer-me vem;
Na minha dor e dissabor
Meu Pai vigia com amor.

As culpas e fraquezas vê,
Os erros contra sua lei;
Não tarda a vir com seu perdão
O grande Deus de compaixão.

Vai, pois, buscar, ó meu irmão,
Divina paz em aflição;
De todo mal te livrará
O teu Senhor, que perto está."
990;SOLDADO INFANTIL;;"Sou um soldado de Jesus Cristo,
Na luta insisto e tenho valor;
Eu sou pequeno, mas a meu lado
Vai meu amado Rei, meu Senhor.

Todos marchemos para a peleja,
Tendo em combate trombeta e luz;
Firmes, avante, pois que a vitória
É para a glória do Rei Jesus.

Hostes ferozes dos inimigos,
Eu as persigo e posso vencer;
Luto por Cristo, o Rei poderoso,
Nele acharei a força e poder.

Para o combate vou preparado,
E meu escudo carrego já;
Sua Palavra serve de espada.
Foi-me doada por Deus, Jeová.

Marcho ditoso com estas armas,
Pois a vitória eu alcançarei;
E são e salvo, cheio de vida,
Na santa causa me gastarei."
991;Soldados somos;E;"Soldados somos de Jesus,
E campeões do bem, da luz;
Nos exércitos de Deus,
Batalhamos pelos céus.
Cantando vamos combater,
O vil pecado e seu poder.
A batalha ganha está,
A vitória Deus nos dá.

Breve vamos terminar a batalha aqui;
E pra sempre descansar com Jesus ali.
Todos os que são fiéis ao bom capitão,
Hão de receber lauréis como galardão.

Levai o escudo sim da fé,
Pois a peleja dura é,
Mas promessa temos nós,
De jamais lutarmos sós.
As flechas do mal não temer,
Mas combater até vencer,
Olham os campeões pros céus,
A vitória vem de Deus.

Se alguém cansado se encontrar,
Sem forças para pelejar;
O Senhor, quer te ajudar,
A vitória alcançar.
O mal vencendo avançai,
E hinos a Jesus cantai,
E da salvação falai;
Almas ao Senhor levai"
992;SOMENTE CRER;;"Somente crer, somente crer,
Tudo é possível, somente crer
Somente crer, somente crer,
Tudo é possível, somente crer

Creio Senhor, creio Senhor,
Tudo é possível, creio Senhor.
Creio Senhor, creio Senhor,
Tudo é possível, creio Senhor.

Nada a temer, nada a temer
Tudo é possível, nada a temer.
Nada a temer, nada a temer
Tudo é possível, nada a temer.

Only believe, only believe,
All things are possible,
Only believe, only believe,
All things are possible, only believe."
993;SOMENTE CRISTO;;"Os homens santos e fiéis
Nós sempre respeitamos;
Mas a Jesus, o Rei dos reis,
Humildes adoramos.

Jesus, Jesus é o Salvador,
E nem há outro Mediador;
Foi Ele que por nós morreu,
E vivo está por nós no céu.

A Deus fazemos oração;
Só Ele quer e pode
Valer-nos na tribulação;
Aos seus, Deus sempre acode.

No santo sangue de Jesus
Confia todo crente;
O que Ele fez na dura cruz
Pra sempre é suficiente."
994;SONDA-ME, Ó DEUS;;"1. Sonda-me ó Deus, pois vês meu coração;
Prova-me, ó Pai, Te peço em oração.
De todo mal liberta-me Senhor,
Também da transgressão que oculta for.

2. Vem me limpar dos vis pecados meus,
Conforme prometeste, meu bom Deus.
Faze-me arder e consumir de amor,
Pois quero te magnificar, Senhor.

3. Todo o meu ser, que já não chamo meu,
Quero gasta-lo no serviço teu.
Minhas paixões Tu podes dominar
Ó Santo Deus, vem sempre em mim estar.

4. Lá do alto céu, o avivamento vem,
A começar em mim e indo além.
O teu poder, as bênçãos, teu favor,
Concede aos que são teus, ó Pai de amor."
995;SOSSEGAI;;"1. Mestre, o mar se revolta,
As ondas nos dão pavor,
O céu se reveste de trevas,
Não temos um salvador.
Não se te dá que morramos?
Podes assim dormir,
Se a cada momento nos vemos
Já prestes a submergir?

[coro]
As ondas atendem ao meu mandar,
Sossegai, sossegai,
Seja o encapelado mar,
A ira dos homens, o gênio do mal;
Tais águas não podem a nau tragar;
Que leva o Senhor rei dos céus e mar,
Pois todos ouvem o meu mandar;
Sossegai, sossegai,
Convosco estou para vos salvar, sim sossegai.

2. Mestre, tão grande tristeza
Me quer hoje consumir;
E a dor que perturba a minha alma
Te implora: vem me acudir.
De ondas do mal que me encobrem,
Quem me fará sair?
Pereço, pereço ó Mestre;
Te rogo, vem me acudir.

3. Mestre, tão grande bonança
Eu vejo no céu e mar
O meu coração goza calma
Que não poderá findar.
Fica comigo ó mestre
Dono da terra e céu
E assim chegarei bem seguro
Ao porto destino meu."
996;SOU EU E VOCÊ;;"Jesus nos chamou um dia,
Jesus nos falou que nos salvaria.
E vai nos levar para o céu um dia.
Estou esperando este grande dia.

Sou eu e você, é você e eu
Que vamos morar na glória de Deus.
Sou eu e você, é você e eu
Que vamos morar na glória de Deus.

Riquezas terrenas não podem pagar,
Esta salvação que Jesus nos dá.
Coroa de glória nós teremos lá;
Pelas mãos de Cristo nós vamos ganhar.

A nossa passagem já está comprada
Não é de avião que a noiva é levada!
Pelo Espírito Santo será transportada,
Cristo pagou tudo e não vai cobrar nada."
997;SOU FELIZ;;"[coro]
Sou feliz, com Jesus,
sou feliz com Jesus meu Senhor!

Embora me assalte o cruel satanás,
e ataque com vis tentações;
Ó certo eu estou apesar de de aflições,
Que feliz eu serei com Jesus!

Meus triste pecado por meu Salvador,
foi pago de um modo cabal;
Valeu me o Senhor, oh mercê sem igual,
Sou feliz graças dou a Jesus!

A vinda eu anseio do meu Salvador,
em breve virá me levar;
Ao céu onde vou para sempre morar,
Com remidos na luz do Senhor!

Phillip Paul Bliss (1838-1876)
Horation Gates Spafford (1828-1888)"
998;Sou Feliz Sou Teu (So Glad I’m Yours, Lord);C;"Sou feliz sou Teu, Senhor
Sou feliz sou Teu
Sua misericórdia tem me seguido
Me encontraste
E me libertaste
Tão feliz sou Teu Senhor
Tão feliz sou Teu"
999;SOU PECADOR;;"[Coro]
Sou pecador; dá-me perdão!
Segura minha débil mão!
Conduz meus fracos pés, Senhor,
E louvarei meu Benfeitor!
Eu vivo à luz do teu olhar;
Senhor, quem poderá sondar
A ciência tua e teu poder,
Se é insondável teu saber?

Nas trevas e na clara luz
A mão divina me conduz;
E, se fugindo dela vou,
De teu poder cercado estou.

Criaste-me; por tua mão
Formados os meus membros são;
As maravilhas do Senhor
Excedem muito a meu louvor.

Ó Deus da minha salvação,
Pesquisa, pois, meu coração;
Expurga-me, se houver em mim
Qualquer ofensa contra ti."
1000;SUA GRAÇA ME BASTA;;"Quando me sinto fraco, não tenho mais vigor,
Não vendo mais o brilho do sol, da clara luz;
Jesus está comigo, é meu Consolador;
Ele jamais me deixa, pois sempre me conduz.

Sua graça me basta a mim, a mim,
Sus graça me basta a mim;
Na vida d’aquém, no céu também,
Sua graça me basta a mim.

Quando a tempestade vem contra mim feroz,
Nas trevas navegando com minha embarcação,
Cristo Jesus me anima, ouço a Sua voz;
“Eis que estou contigo, por que temer, então?”

Quando m’atingem os dardos do inimigo audaz,
Que busca com astúcia a vida me tirar,
Eu clamo, então, a Cristo, meu Salvador veraz,
O qual me dá vitória, se nEle eu confiar."
1001;Subindo;E;"Subindo, subindo,
Subindo para o céu eu vou.
Tristeza não vai comigo
Porque Jesus Cristo me salvou:
Joguei a tristeza fora
E com Jesus para o céu eu vou!"
1002;SUBLIME AMOR;;"1. Sublime amor, amor de Deus
Que a lira não traduzirá.
Além do céu do infinito
Maior que o mar, Ele é também,
Ao pecador em aflição
Seu filho Deus doou;
Ao sofredor deu Ele a mão
E perdoou o mal.

[coro]
Sublime amor, amor de Deus
Quão insondável tu és,
Sempre a cantar tão grande amor
Estarão os salvos no céu.

2. Ao sobrevir do tempo o fim
E o grande Rei aqui chegar,
E o homem vil e pecador
Debalde então suplicará;
O amor de Deus será fiel,
Inesgotável, leal
Oh grande Deus não te demores,
Em revelar-nos tal dom.

3. Se o mar em tinta se tornar
E em papel o céu também
E a pena então sempre a correr,
O amor de Deus a descrever.
O descrever tão grande amor,
Ao mar daria o fim
Mas onde pois está o livro
Em que escrever tal amor?"
1003;SUBLIME E GRANDE AMOR;;"Conta-me, sim, de Jesus,
Para na mente, eu gravar
Como foi que padeceu
Na cruz, pra me libertar:
A Sua paixão e morte,
A começar no jardim,
Não houve mais quem tivesse
Um sofrimento assim!

Só amor! Só amor!
Só amor! Sublime e grande amor!

Conta-me como sentiu
A rude morte na cruz,
Suportando a acusação
Dos inimigos da luz;
Conta-me como tem dado
Ao malfeitor Sua paz,
Dizendo: “Hoje, comigo,
No Paraíso estarás”.

Conta-me como chorou,
Falando a Jerusalém;
Profetas fazes morrer,
Quando a ti eles vêm;
Conta-me como inda chora,
Por causa do pecador,
Que não quer Seu Evangelho,
Proclamado com amor.

Conta-me como o Senhor
Um bom testemunho deu.
Satisfazendo a lei,
Quando o cálice bebeu;
Também disse estas palavras,
Com Seu tão profundo amor;
Pai, lhes perdoa a cegueira,
Que é própria do pecador.

Conta-me como, também,
Veio ao povo judeu,
Povo que tanto amou,
Querendo dar-lhe os céus;
Como inda hoje Ele ama
A todo o pecador,
Dando-lhe paz e descanso,
Pelo Evangelho de amor."
1004;SUBLIME GRAÇA;;"Sublime graça no Senhor!
Que a um infeliz salvou!
Eu cego fui, mas vejo já!
Perdido Ele me achou!"
1005;SUBO MORRO E DESÇO MORRO;;"Levarei a minha cruz cantando,
Jesus Cristo vem me ajudar.
Ao chegar ao fim desta jornada,
Para sempre eu vou descansar.

Subo morro e desço morro
Carregando minha cruz.
Mas não deixo de marchar,
Ao encontro de Jesus.

Quando eu subo um morro muito alto,
Minha cruz começa escorregar,
Eu canto um Hino de Louvor.
Jesus Cristo vem me ajudar.

Quando eu vou atravessar o mar
E as ondas vem me cercar
Eu cantando falo com Jesus,
Tira as ondas para eu passar.

Ou com fome ou com sede eu vou.
Carregando a minha cruz pesada
Para receber minha coroa
Que no céu está preparada."
1006;SUBSTITUIÇÃO;;"Morri, na cruz por ti,
morri pra te livrar
Meu sangue sim veri,
e posso te salvar

[coro]
Morri, morri na cruz por ti,
que fazes tu por mim?
Morri, morri na cruz por ti,
que fazes tu por mim?

Aqui vivi por ti,
Com muito dissabor
Sim tudo fiz aqui,
pra ser teu Salvador

Sofrei na cruz por ti,
a fim de te salvar
A vida consegui,
que tu irás gozar

Eu trouxe salvação,
dos altos céus louvor
É livre meu perdão,
sincero meu amor"
1007;SÊ FIEL;;"[coro]
Sê fiel até morte
E eu te darei
A coroa da vida
Sê fiel, sê fiel

Não temas as lutas
Que vem para ti,
Te darei vitória
Sê fiel, sê fiel

Além do sol
Eu tenho um lar
Te darei filho meu
Sê fiel, sê fiel."
1008;SÊ TU MEU GUIA;;"Sê tu meu Guia, ó Cristo; estou medroso
De andar sozinho pela solidão;
Sê tu meu Guia, e o ermo pavoroso
Já não será lugar de escuridão.

Sê tu meu Guia; leva-me a teu lado,
Pois junto a Ti desejo estar, Senhor;
Que por teu braço estando assim firmado
Não hei de tropeçar nem ter temor.

Sê tu meu Guia, em tempo radiante,
Ou na bonança, ou mesmo em temporal;
Sê tu meu Guia, que eu prossiga avante
Sem me afastar do rumo divinal.

Sê tu meu Guia, até que tenha entrada
Na casa paternal, no céu além;
Ali, sem fim, minha alma descansada
Terá contigo seu eterno bem."
1009;SÓ JESUS;;"Eu não almejo mais prazer;
Só Jesus, só Jesus.
Gozo só nele posso ter,
Em Jesus, em Jesus.
Pois a Jesus eu vou seguir,
Toda a minha alma vou abrir
A Jesus, Jesus.

E, se vier perseguição?
Com Jesus, com Jesus.
Ele será o meu quinhão,
Só Jesus, só Jesus.
Nada me poderá faltar;
Quem é que o pode contestar?
Pois prometeu bem me guardar,
Meu Jesus, meu Jesus.

Quando esta vida terminar,
Só Jesus, só Jesus.
Vou em seus braços descançar,
De Jesus, de Jesus.
Dores me podem retalhar,
Ou meus amigos me deixar,
Eu, não obstante, vou cantar:
Só Jesus, só Jesus."
1010;SÓ NO SANGUE;;"[coro]
Oh! que preciosa paz,
que vem da sua cruz,
a qual me dá Jesus
pelo seu precioso sangue!

Vejo a minha salvação
só no seu precioso sangue;
Deus concede-me perdão
só no seu precioso sangue.

Dele vem perfeita paz
pelo seu precioso sangue;
infalível e eficaz
esse tão precioso sangue.

Minha justificação
tenho no precioso sangue.
Gozo traz ao coração
esse tão precioso sangue.

Entrarei no céu enfim
pelo seu precioso sangue;
louvarei então sem fim
esse tão precioso sangue."
1011;SÓ O SENHOR É DEUS;;"[coro]
Só o Senhor É Deus(BIS)
Cantemos com Muita alegria
Dizendo que só O Senhor é Deus.

1. Israel saiu do Egito, foi ordem Que Deus lhe deu
Chegando ao mar Vermelho, todo Israel temeu
Montes altos de Todos os lados, Israel entristeceu
Moisés falou Dizendo,só o Senhor é Deus.

2. Moisés fez uma Oração, Jeová Lhe respondeu,
Por terra Israel Passou, pelo Poder de Deus
Mas o exército de Faraó, porém No mar pereceu
Miriã cantou Dizendo, só o Senhor é Deus.

3. No deserto faltou água,Israel entristeceu
E todos se Revoltaram, Contra o servo De Deus
Moisés fez uma Oração, Jeová Lhe apareceu,
Da rocha brotou Água, Só o Senhor é Deus.

4. Os profetas de Baal, em Holocaustos seus
Clamaram até meio dia, Baal não lhes Respondeu,
Elias fez uma Oração. E o fogo Do céu desceu
Queimando todo Holocausto, Pelo poder de Deus."
1012;SÓ POR JESUS;;"Só por Jesus, só por Jesus, é que nós somos salvos,
Só por Jesus, só por Jesus, é que nós somos salvos.

Oh que graça nos revelou, quando Ele veio ao mundo,
Compaixão sem igual mostrou a todo pecador.
Sim por Sua morte temos vera sorte.

Só por Jesus, só por Jesus, é que nós somos salvos,
Só por Jesus, só por Jesus, é que nós somos salvos.

Nem as lágrimas nem a dor, podem a paz ganhar-nos,
Nossas obras são sem valor, para o perdão comprar.
Sem pagarmos nada, vida nos é dada.

Só por Jesus, só por Jesus, é que nós somos salvos,
Só por Jesus, só por Jesus, é que nós somos salvos.

Confiados em Cristo já, pleno perdão nós temos,
Fez-nos nosso Pai, Deus Jeová, filhos por adoção.
Salvos nEle estamos, glória a Deus rendamos.

Só por Jesus, só por Jesus, é que nós somos salvos,
Só por Jesus, só por Jesus, é que nós somos salvos.

Philip P.Bliss (1838-1876)"
1013;SÓ TEU AMOR;;"1. Na vastidão do céu, na profundeza do mar,
Na beleza da flor, na criança brincar,
Eu procurei sondar, o que de maior existe,
Então eu descobri meu Deus. Só Teu amor
Então eu descobri meu Deus. Só Teu amor.

[coro]
Eu te agradeço Senhor, de todo meu coração.
Louvar-te-ei te exaltarei, por Teu amor
Louvar-te-ei te exaltarei, por Teu amor.

2. O céu, o mar, a flor, gotas de chuvas cair.
O passarinho cantor, uma criança sorrir.
Tudo é belo eu sei, da criação do Senhor.
Porém mais lindo ó grande Deus, é Teu amor
Porém mais lindo ó grande Deus, é Teu amor.

3. Só o teu grande amor, faz minh`alma cantar,
Pois me salvaste Senhor, ó que alegria sem par.
Muito feliz irei, por toda a vida falar,
Das maravilhas deste amor, tão singular
Das maravilhas deste amor, tão singular."
1014;SÓ UM PASSO;;"Mui terna e mui doce do Mestre é a voz,
Chamando-me com amor;
De braços abertos te espero, vem já;
Oh, vem ao teu Redentor!

Cristo me chama, me quer salvar,
É só um passo que tenho de dar;
Quero achegar-me, Senhor, a ti,
Para nunca te abandonar.

‘Tens muitos pecados e vives sem fé’,
Sugere-me o tentador.
‘Eu tudo já fiz’, me segreda outra voz,
‘Confia em teu Salvador’.

‘Mui frágil me sinto, receio cair!’
Com medo ainda aleguei:
‘Ó alma, não temas, pois Cristo te diz:
Eu não te abandonarei.’

O mundo perdido nas trevas está,
Seu gozo é só ilusão,
Amor, vida e paz me concede Jesus,
Sou dele de coração."
1015;SÚPLICA;;"Prometo agora, meu Jesus,
Servir-te com sincero amor;
Concede, pois, que tua luz
Habite em mim, ó Salvador,
E assim os males vencerei;
Não temerei a luta atroz;
A estrada reta trilharei,
Atento sempre à tua voz.

O mundo mau ao meu redor
Afoga-se em profanações;
É mui sutil o tentador,
Terríveis surgem vis paixões;
Sê tu, Jesus, refúgio meu,
Amparo e forte defensor;
Protege e livra o servo teu
Da corrução do enganador.

E se eu me enfraquecer na fé,
Ou me afastar de ti, meu Deus,
Concede-me a real mercê
Do teu amparo lá dos céus.
Desperta-me, se adormecer,
E se fugir, deter-me vem!
Vem repreender-me se eu temer
De praticar em tudo o bem.

Tu prometeste, meu Senhor,
Àquele que em ti confiar,
Cercá-lo de teu grande amor
E lá no céu lhe dar lugar.
Responde, pois, ó meu Senhor,
À minha humilde petição;
Dirige-me com teu favor
Até chegar à redenção."
1016;TAL QUAL ESTOU;;"Tal qual estou eis-me Senhor,
Pois o Teu sangue remidor
Verteste pelo pecador;
Ó Salvador me achego a Ti!

Tal qual estou sem esperar,
Que possa a vida melhorar
Em Ti só quero confiar;
Ó Salvador me achego a Ti!

Tal qual estou e sem poder,
As faltas podes preencher
E tudo quanto me é mister;
Ó Salvador me achego a Ti!

Tal qual estou me aceitarás,
E Tu minha alma limparás
Com Teu amor me cobrirás;
Ó Salvador me achego a Ti!

William B.Bradbury(1816-1868)
Chalotte Elliott (1789-1871)"
1017;TANTOS REMIDOS;;"Tantos remidos vejo nos céus,
Tendo coroas, ricos troféus;
Salvos, mercê de Cristo, já estão;
Sempre felizes eles serão.

Juntos na glória, vivem em luz,
Gozam da santa paz de Jesus;
Belas canções de grato louvor
Cantam, sem fim, a seu Redentor.

Tendo vencido o mundo falaz,
Transes penosos e Satanás,
Foram então morada fazer
Onde só há perfeito prazer.

Fome nem sede nunca terão,
Dores ou mágoas não sofrerão;
Vida perene, vida real
Gozam sem fim, libertos do mal.

Cristo ‘bem-vindo’ aos salvos vai dar,
Nesse tão belo e santo lugar
Aos que em seu sangue limpos estão,
Brancos, mui brancos no coração.

Trad.: William Edwin Entzminger (1859-1930)"
1018;TE AGRADECEMOS;;"Te agradecemos por tua bondade
Glória a Ti, Glória a Ti.
Te agradecemos por tua bondade
Glória a Ti, Senhor Jesus.

Que as nossas almas se alimentem,
Do pão da vida, do pão da vida.
Que as nossas almas se alimentem,
Do pão da vida, que é Jesus."
1019;TEM QUE COMEÇAR PELO ALTAR;;"[coro]
(BIS) Tem que Começar pelo Altar
Fogo santo pode O nosso Deus Mandar
Mas tem que Começar pelo Altar.

1. Se o nosso holocausto Agrada a Deus.
Sua glória vamos Contemplar.
Sobe os louvores Para os céus
E desce fogo Santo No lugar,
No monte Carmelo estava Elias
Para ver fogo Do céu queimar
Mas antes de Tudo ele Queria,
Tem que estar Em ordem o Seu altar

2. Se o altar da Vida está indecente
Como poderá o Fogo queimar.
Se é lenha verde espiritualmente
O muito que faz É fumaçar.
Não importa Nossa posição.
Dentro da igreja Ou no lar.
Aonde estivermos Meus irmãos
Tem que estar Em ordem o Nosso altar."
1020;TEMPO DE SER SANTO;;"Tempo de ser puro tu deves achar,
A sós, sempre orando, com Cristo ficar,
Teus olhos bem fitos em Deus sempre ter,
Na tua conduta provar seu poder

Tempo de ser forte tu deves buscar,
O Mestre seguindo por onde guiar;
No gozo ou tristeza sempre obedecer,
Da fonte divina jamais te esquecer.

Tempo de ser útil tu deves guardar,
Mui calmo nas lutas, em Deus confiar;
Socorre os aflitos, repleto de amor,
Os passos seguindo do teu Salvador."
1021;TEMPO NOVO;;"A ti, ó Deus, louvores altos damos,
Ao ser divino, com intenso ardor!
Concerto divinal aqui firmamos,
Teu culto celebramos com fervor.
Hoje, dedica-se este templo novo,
Marco altaneiro do favor de Deus;
Vem, ó Senhor, contempla aqui teu povo,
Sim, vem abençoá-lo lá dos céus!

Mui fervorosas graças te rendemos
Por esta casa de oração aqui,
Pois nela, ó Deus, o culto a ti daremos,
Ungidos com ardente fé em ti.
Seja teu evangelho aqui pregado
Aos pecadores com tão santo amor,
Que busquem o perdão do seu pecado
Aos pés do nosso amado Redentor!

Oh, todos quantos nesta casa entrarem
Instruam-se de Deus na santa lei!
E possam, Pai, também se consolarem
Atribulados desta tua grei!
Faze que nesta casa sempre habitem
Os teus fiéis em plena comunhão,
Que tuas ricas bênçãos os incitem
A tua casa amar de coração!

Ira David Sankey (1840-1908)"
1022;TERRA DE JESUS;;"1. Deste mundo, Sim, além, há Um país de luz;
Oh! Não queres Ir lá? Oh! Não Queres ir lá?
Onde as trevas Não se vêem, pois Brilha ali Jesus;
Oh! Não queres Ir lá? Oh! Não Queres ir lá?

[coro]
Terra de Jesus, Terra de amor!
Oh! Não queres Ir lá? Oh! Não Queres ir lá?
Onde brilha a luz Do meu Salvador;
Oh! Não queres Ir lá? Oh! Não Queres ir lá?

2. Pelas portas de Fulgor, não pode O mal entrar;
Oh! Não queres Ir lá? Oh não Queres ir lá?
Nem a morte, Luto ou dor, no Céu terão lugar,
Oh! Não queres Ir lá? Oh! não Queres ir lá?

3. Oh! Que divinal Mansão Jesus Nos preparou!
Oh! Não queres Ir lá? Oh! Não Queres ir lá?
Onde todos os Irmãos vão ver Quem os salvou,
Oh! Não queres Ir lá? Oh! Não Queres ir lá?"
1023;TERRA FELIZ;;"1. Eu avisto uma terra feliz,
Onde irei para sempre morar;
Há mansões nesse lindo país,
Que Jesus foi ao céu preparar,

[coro]
Vou morar, vou morar
Nesta terra, celeste porvir.
Vou morar, vou morar
Nesta terra, celeste porvir.

2. Cantarei nesse lindo pais
Belos hinos ao meu Salvador
Pois ali, viverei bem feliz,
Sem tristeza, vexame, sem dor

[coro]
Vou cantar, vou cantar
Nesta terra celeste porvir
Vou cantar, vou cantar
Nesta terra celeste porvir

3. Deixarei este mundo afinal
Para ir a Jesus adorar;
Nessa linda cidade festal,
Mil venturas sem fim vou gozar.

[coro]
Vou gozar, vou gozar
Nesta terra, celeste porvir
Vou gozar, vou gozar
Nesta terra, celeste porvir."
1024;TESTEMUNHOS;;"Eia, crentes destemidos!
Da verdade convencidos,
Para a luta apercebidos,
No combate entrai!
Eis que surgem, aleivosos,
Erros grandes, perniciosos;
Nestes tempos perigosos,
Vossa fé mostrai!
O dever vos chama.
Vosso Deus proclama
A santa lei do Cristo Rei,
Que vosso ardor reclama.
Confessai, pois, resolutos,
Fervorosos, incorruptos,
E com lábios impolutos:
Deus, verdade e fé!

Vós, por Cristo libertados,
Não sejais escravizados!
Os direitos alcançados
Firmes conservai!
Salvação por homens dada,
Paz fingida, paz comprada,
Lei de Deus falsificada,
Tudo rejeitai!
Lei de Deus não muda.
O Senhor ajuda
Ao que a cumprir sem desistir,
E seu preceito estuda.
Avançai, pois, exultando,
Sempre em Cristo confiando,
Vosso testemunho dando:
Deus, verdade e fé!"
1025;TEU CANTINHO;;"Cristo é que nos manda como luz brilhar,
Para o pecador ao céu encaminhar.
É um privilégio que Jesus nos deu;
Tu no teu cantinho e eu no meu.

Cheio o mundo todo está de escuridão.
Mas as nossas luzes trevas desfarão,
Elas são benditas, Cristo no-las deu,
Tu no teu cantinho e eu no meu.

Cada pequenino tem o seu dever
De Jesus amar e sempre obedecer;
Essa luz alcemos, que Jesus nos deu,
Tu no teu cantinho e eu no meu.

Trad.: Emma Morton Ginsburg (1865-1953)"
1026;TEU PILOTO AINDA SOU;;"1. Se a fé por vezes falta,
Quando o sol não posso ver.
A Jesus eu digo humilde;
Oh, vem meu piloto ser.

[coro]
Oh não temas, sou contigo,
Teu piloto até o fim.
Não te importes com o perigo,
Eis a mão, confia em mim.

2. Quando a tentação me envolve,
E não posso a Cristo ver,
Eis que em meio a tempestade;
Ouço o salvador dizer:

3. Quando a alma se abate;
Quando os dias longos são;
Volvo o olhar ao meu piloto,
E este canto escuto então."
1027;TEUS PECADOS;;"Pecador, Deus te chama:
Ouve já a voz dos céus! (bis)
Ele é tão bom quão amável,
Compassível é,
Com ardor te convida,
Com amor, sim, te abriga!
Chega, pois, ao Salvador;
Ouve já a voz de amor!

Desfará tuas culpas;
Delas não se lembra mais! (bis)
“Oh, vinde a mim, vós cansados!”
Diz Jesus, Senhor.
Mau embora tu sejas,
Mau embora tu sejas
Seu descanso te dará
E feliz te tornará!"
1028;Todos devem Saber;E;"Todos devem saber (TRIS)
Quem é Jesus!
Ele é o lírio dos Vales!
A estrela da manhã
O escolhido entre os milhares
Todos devem saber!

Todos devem conhecer (TRIS)
Quem é Jesus!
Ele é o lírio dos Vales!
A estrela da manhã
O escolhido entre os milhares
Todos devem conhecer!"
1029;Todos juntos outra vez;G;"Todos juntos outra vez
Louvando ao Senhor
Todos juntos outra vez
Em união

Algo bom está a caminho
Algo bom Deus tem para nós
Todos juntos outra vez
Louvando ao Senhor"
1030;TOMA-ME AS MÃOS;;"1. Vem Senhor, me guiar
Minha fé sustentar
Fraco estou, débil sou, sem vigor,
Quero as trevas deixar,
Quero a luz alcançar
Pela mão, vem guiar-me Senhor!

2. Se o meu jornadear
Exigir batalhar
Laços mil, Satanás me armar
Socorrer-me, oh! Vem,
Meu Senhor, Salvador!
Pela mão, vem guiar-me Senhor!"
1031;TOMA-ME COMO ESTOU;;"1. Jesus, Senhor me achego a Ti;
Tua ira santa mereci;
Se não me aceitas, ai de mim
Oh! Toma-me como estou.

[coro]
Oh! Toma-me como estou.
Sim toma-me como estou.
Confesso-me réu, mas Cristo morreu
Oh! Toma-me como estou.

2. Culpado estou e sem poder
Perdão Tu podes conceder
Morreste para socorrer
Oh! Toma-me como estou.

3. Nada de bom se acha em mim,
Dos meus esforços breve há fim
Mas salva-me Jesus assim,
Oh! Toma-me como estou.

4. Tu sabes por Teu forte amor
Mudar-me em fiel servidor;
Oh! Serve-Te de mim, Senhor,
Oh! Toma-me como estou."
1032;TORMENTA;;"1. Senhor, Tu vês, que a jornada é longa.
Às vezes faltam forças para prosseguir,
Com Tua mão divina segurando a minha,
Eu vencerei, contigo eu serei feliz.

[coro]
É na tormenta que se pensa num abrigo;
É na tormenta que se pensa num amigo;
É na tormenta, no perigo que se pensa,
No vendaval, Senhor eu quero estar contigo.

2. Se nessa estrada há espinhos cruciantes,
Querendo sempre muitas vezes me impedir;
O Teu amor, o Teu poder, e Tua graça,
Eu vencerei, eu viverei muito feliz."
1033;TRABALHAI E ORAI;;"Eu quero trabalhar pra meu Senhor,
Levando a Palavra com amor;
Quero eu cantar e orar,
E ocupado quero estar,
Sim, na vinha do Senhor.

Trabalhai e orai.
Na seara e na vinha do Senhor;
Meu desejo é orar,
E ocupado quero estar
Sim, na vinha do Senhor.

Eu quero, cada dia, trabalhar;
Escravos do pecado libertar;
Conduzi-los a Jesus,
Nosso guia, nossa luz,
Sim, na vinha do Senhor.

Eu quero ser obreiro de valor,
Confiando no poder do Salvador;
Se quiseres trabalhar,
Acharás também lugar,
Sim, na vinha do Senhor."
1034;Trabalhemos;E;"Trabalhemos, até quando Jesus voltar
Até quando Jesus voltar
Até quando Jesus voltar
E entraremos no lar

Trabalhemos, até quando Jesus voltar
Até quando Jesus voltar
Até quando Jesus voltar
E entraremos no lar"
1035;TRABALHO CRISTÃO;;"Vamos nós trabalhar, somos servos de Deus;
Com o Mestre seguir no caminho dos céus;
Com o seu bom conselho o vigor renovar,
E fazer prontamente o que Cristo mandar!

No labor, com fervor, a seguir a Jesus,
Com esperança e fé e com oração,
Até que volte o Redentor.

Vamos nós trabalhar, os famintos fartar,
Para a fonte os sedentos depressa levar;
Só na cruz do Senhor nossa glória será,
Pois Jesus salvação pela graça nos dá!

Vamos nós trabalhar para Cristo, o Senhor;
Contra o reino das trevas será vencedor;
Ele, então, para sempre exaltado será,
Pois real salvação pela graça nos dá!

Vamos nós trabalhar, ajudados por Deus,
Que coroa real nos dará lá nos céus;
Na mansão dos fiéis o descanso será,
Pois Jesus salvação pela graça nos dá!

Trad.: Manuel Antônio de Menezes (1848-1941)"
1036;TRANSFORMAÇÃO;;"1. Que mudança em mim fez o meu bom Jesus,
Vindo Ele ao meu coração.
Deu-me paz divinal, deu-me gozo e luz,
Entrando no meu coração.

[coro]
Entrando no meu coração
Entrando no meu coração.
Que mudança em mim fez o meu bom Jesus,
Vindo Ele ao meu coração.

2. Eu andava perdido, Jesus me salvou,
Entrando no meu coração.
Meus pecados sem conta, Seu sangue lavou,
Vindo Ele ao meu coração.

3. E agora, do céu, a certeza me deu,
Entrando no meu coração.
Seu Espírito, o selo e penhor concedeu.
Vindo Ele ao meu coração.

4. Pelo vale da morte não temo passar,
Com Ele no meu coração,
A cidade celeste me vai transportar,
O guarda do meu coração."
1037;TRIUNFO;;"Eu triunfarei
pelo sangue de Jesus;
Sim, triunfarei
pela sua cruz."
1038;TU ÉS DIGNO DE LOUVOR;;"Tu és digno de louvor
Tu és digno de louvor
Cantarei ti Senhor
Tu és digno de louvor."
1039;TU ÉS O OLEIRO;;"[coro]
Como Tu queres Senhor sou Teu,
Tu és o oleiro barro sou eu.
Quebra e transforma até que enfim,
Tua vontade cumpra-se em mim.

1. Tu és o oleiro meu bom Senhor,
Eu sou a argila na Tua mão.
Vaso de honra e de louvor,
Faz-me Senhor com Tua unção.

2. Venha moldar-me ó Salvador!
Pela palavra de Teu poder.
Manso e humilde faz-me Senhor.
Cumpra em mim o Teu querer

3. Eu Tua forma quero viver,
Servindo a Ti com fervor.
Pela palavra vem remover,
Tudo que impede o Teu louvor."
1040;TUDO DE GRAÇA;;"A salvação que eu tenho é de graça!
A cura que Jesus me deu é de graça!
E a morada que eu tenho no céu é de graça!
E a passagem para ir ao céu também é de graça!

Foi Jesus quem deu, foi o meu Jesus,
É só pela graça que eu irei morar,
Lá no céu de luz.
Foi Jesus quem deu, foi o meu Jesus,
É só pela graça que eu irei morar,
Lá no céu de luz.

Quem já bebeu da água que Cristo dá.
Tem vida eterna e sede jamais terá.
E esta água é só em Jesus que acha!
Vem meu amigo, Jesus quer te dar de graça."
1041;TUDO EM CRISTO;;"Dantes, trabalhava sempre com temor,
Mas descanso, agora em meu Salvador;
Dantes “esperava”; hoje, “bem o sei”
Que estou salvo em Cristo, meu bendito Rei.

Tudo! Tudo em Cristo’
Que por mim morreu.
Tudo! Tudo em Cristo!
Cristo é todo meu.

Dantes, desejava bênção do Senhor;
Hoje, mais de Cristo, mais de Seu amor!
Não somente a bênção, que tão pronto dá,
Mas Ele mesmo a fonte em quem tudo está.

Dantes, duvidava, era sempre “o eu”:
Hoje, bem conheço Cristo, além do véu,
Sacerdote eterno, lá por mim entrou;
NEle estou completo, nEle aceito sou.

Dantes queria o mundo; hoje, é só Jesus!
Dantes, eram trevas: hoje, é plena luz;
Dantes, o receio, hoje, a doce paz,
Tudo a Cristo deixo, Ele me satisfaz."
1042;TUDO ENTREGAREI;;"1. Tudo ó Cristo, a Ti entrego;
Tudo, sim, por Ti darei!
Resoluto, mas submisso,
Sempre, sempre, seguirei!

[coro]
Tudo entregarei!.
Tudo entregarei!
Sim, por Ti, Jesus bendito,
Tudo deixarei.

2. Tudo ó Cristo, a Ti entrego,
Corpo e alma, eis aqui!
Este mundo mau renego!
Ó Jesus, me aceita a mim.

3. Tudo ó Cristo, a Ti entrego,
Quero ser somente Teu.
Tão submisso à Tua vontade,
Como os anjos lá no céu.

4. Tudo ó Cristo, a Ti entrego,
Oh, eu sinto Teu amor,
Transformar a minha vida,
E meu coração, Senhor.

5. Tudo ó Cristo, a Ti entrego,
Oh, que gozo, meu Senhor!
Paz perfeita, paz completa,
Glória, glória, ao Salvador."
1043;TUDO ESTÁ BEM;;"Pelo amor de Deus bendito,
Vai tudo bem!
Seu amor é infinito:
Tudo está bem!
Esse amor nos tem provado.
Em Seu Filho muito amado,
Que, por nós, foi imolado.
Sim, sim, ‘stá bem!

Cristo, agora, o cetro empunha:
Vai tudo bem!
Quem morreu é quem governa:
Tudo está bem!
Seu amor é imutável,
Seu poder inabalável,
Seu cuidado é incansável,
Sim, sim, ‘stá bem!

A fé canta na tristeza:
Vai tudo bem!
Canta, sim, e com firmeza:
Tudo está bem!
Pois se Deus é quem nos guia,
Ternamente nos vigia,
Com bondade, noite e dia.
Sim, sim, ‘stá bem!

Por caminhos escabrosos,
Vai tudo bem!
Ou por mares tormentosos,
Tudo está bem!
A Jesus tudo obedece;
Sempre o mesmo permanece!
Nem um só dos Seus esquece!
Sim, sim, ‘stá bem!

Quer na vida, quer na morte,
Vai tudo bem!
Quão feliz é nossa sorte!
Tudo está bem!
Pelo sangue resgatados,
E do mundo separados.
Sempre por Jesus guardados.
Sim, sim, ‘stá bem!"
1044;TUDO FELIZ;;"1. Se infeliz nos corre a vida terreal,
Temos de deixá-la um dia
Para irmos logo ao lar celestial
Onde tudo é mui feliz.

[coro]
Vamos ver Jesus ali
Sua santa paz fruir
E com Ele estar, Seu rosto contemplar
Grande gozo desfrutar.

2. Muitos são os males nesta vida aqui;
Temos de deixá-la um dia;
Alegria plena vamos ter ali,
Onde tudo é mui feliz,

3. A vitória ganha que Jesus nos dá,
Temos de deixá-la um dia;
Alegria plena vamos ter ali,
Onde tudo é mui feliz,

4. Todos os remidos se conhecerão,
Sim, ali no céu, um dia;
Na alegria santa sempre viverão
Onde tudo é mui feliz."
1045;TUDO FEZ JESUS;;"Cristo tudo fez completo,
nada por fazer deixou;
vida do mais doce afeto,
ele para nós comprou.
Seu, o feito; nosso, o gozo;
nossa, a vida; sua, a cruz;
seu, o cálice amargoso;
nossa, a dita que produz."
1046;TUDO POR CRISTO;;"Do Salvador bendito
Sempre desejo ser;
Livre do mundo iníguo
Quero também viver.

Quero servir a Cristo,
De prontidão estar;
Útil na paz, na luta,
Pronto pra trabalhar.

Quero ficar com Cristo,
Sempre com ele andar;
Seja na vida ou morte,
Seja no eterno lar.

Queres, pois, aceitar-me
Tal como sou, Senhor?
Venho entregar-me agora;
Sou teu, meu Redentor.

Quero viver pra Cristo,
Tudo lhe dedicar;
Tudo por Cristo, tudo, tudo
Quero renunciar."
1047;TUDO É POSSÍVEL;;"Senhor meu Deus manda fogo de poder
Faz transbordar o coração do que crer.
E aos fracos se faz restabelecer,
E em nós todos faz o fogo acender.

Eu estou crendo é que este templo vai tremer,
Porque o Senhor vai derramar do Seu poder.
Tudo é possível para aquele que crer,
Verás a glória do Senhor aqui descer.

Todo pecado o fogo santo vai queimar,
Com o “Espírito Santo” o Senhor vai batizar.
Os dons perdidos o Senhor vai renovar;
O Pentecostes vai agora começar.

Os desviados o Senhor vai resgatar,
O crente morto o Senhor vai ressuscitar.
Os exaltados o Senhor vai humilhar,
O crente humilde o Senhor vai exaltar.

O pregador por Deus hoje está usado,
A espada santa vai cortar de todo lado.
Gente doente vai sair daqui curado
Pecado oculto pode até ser revelado."
1048;TUMBA ABERTA;;"Há uma tumba aberta em Jerusalém
A testificar da ressurreição
Se ali existe uma tumba vazia
É sinal que um dia outras se abrirão.
Essa tumba aberta em silêncio fala
Que Jesus se foi, e prometeu voltar
Ele agora atua como Advogado
E como arquiteto um lar foi preparar
Ele prometeu é uma grande verdade
Que felicidade daquele que crê
Pois quando tudo, aqui terminar
Ao lado de Cristo ele vai viver.

Cristo vive, Cristo vive
Há uma tumba aberta a testificar
Que Cristo vive.

Há uma tumba aberta em Jerusalém
Sinal de vitória e de redenção
É uma prova viva, de que Cristo vive
E foi para o céu e nos espera então
Isto nos dá força quando vem as lutas
E em toda labuta desta vida aqui
Sentimos gozo, e também alegria
Ao pensar na vida nova do porvir
Quando estivermos ao redor da mesa
Contemplando a face do Senhor
Esquecendo tudo que já foi passado
Desde um simples pranto à mais profunda dor.

Essa tumba aberta em Jerusalém
É a razão de minha fé pois cri
Se aquela tumba ali está vazia
É sinal que um dia outras vão se abrir
E todos os santos que adormeceram
Ao som da trombeta hão de despertar
E todos os eleitos que estiverem vivos
Num piscar de olhos vão se transformar
E depois disso nos reuniremos
E subiremos ao lar de amor
Que grande gozo ao contemplar nas nuvens
A figura amada de nosso Senhor."
1049;TÃO PERTO;;"Oh! vinde a Jesus, chegai-vos,
Chegai-vos ao bom Salvador

Tão perto que ouvis os remidos cantar,
Da graça de Cristo que os veio salvar!
E ainda quereis no pecado viver,
Enquanto o perdão Deus vos quer conceder?

Oh! vinde a Jesus, chegai-vos,
Chegai-vos ao bom Salvador

Morrer sem ser salvo, sem paz, sem Jesus,
Perdidos pra sempre em tormentos, sem Luz!
Oh! considerai ao convite atendei
E sem mais demora a Jesus vos rendei!

Oh! vinde a Jesus, chegai-vos,
Chegai-vos ao bom Salvador

Robert Lowry (1826-1899)
Fanny J.Crosby (1820-1915)"
1050;UM AMIGO ENTRE OS LÍRIOS;;"1. Entre os lírios, no meio dos vales,
Está um amigo que é caro para mim;
Quero segui-lo, isento dos males
Vê-lo no céu, com os anjos, enfim.

[coro]
Meu Salvador Jesus
Ó filho do bom Deus;
Graças por tua luz,
Que veio do céus!
Por mim provaste a cruz,
Por mim morreste Jesus!

2. Hoje Te busco, ó vem revelar-me
A luz divina, onde estás meu Jesus;
Com Teu rebanho, vem já a levar-me
Para o rio que a vida produz.

3. Ouve-me agora, Jesus mui amado;
Deixa-me Teu grande amor desfrutar;
Não mais mescondas Teu rosto adorado,
Pois me chamaste pra me libertar.

4. A voz de Cristo é pra mim mais preciosa,
Que a voz dos anjos; e do sol e a luz
Não tem o brilho da face radiosa
Quando sorri meu amado Jesus."
1051;UM BOM AMIGO;;"Um bom amigo e fiel achei, Jesus meu Salvador
Contar aquilo que fez por mim,
Eu quero sim e com fervor

[coro]
Graça real sem fim mostra Jesus por mim
Gozo me dá alegria sem par que prazer! prazer!

Do mal não deixa de defender, Seguro bem estou
Com forte braço com Seu poder,
Ampara-me contente vou.

E quando necessitado sou, Eu posso recorrer
Ao Seu tesouro celestial,
E bênçãos ricas recolher

Em Cristo todos encontrarão, Amigo sem igual
Amigo que lhes concederá, Felicidade perenal"
1052;UM CÂNTICO NOVO;;"Cantai ao Senhor
Um cântico novo
Cantai ao Senhor
Um cântico novo
Cantai ao Senhor
Um cântico novo
Cantai ao Senhor, cantai ao Senhor.

[coro]
Por que Ele fez?
Ele fez maravilhas
Por que Ele faz?
Ele faz maravilhas
Por que Ele fará?
Ele fará maravilhas

Louvai ao Senhor
Engrandecei o Seu Nome
Louvai ao Senhor
Engrandecei o Seu Nome
Louvai ao Senhor
Engrandecei o Seu Nome
Louvai ao Senhor, louvai ao Senhor."
1053;Um dia desses (Just any day now);D;"Qualquer dia desses, O Senhor Está Vindo,
Vem Retornando, pra ti e pra mim,
Oh, tenho vigiado, tenho esperado,
Qualquer dia desses, verei sua face."
1054;UM GRANDE AMIGO;;"[Coro]
Jesus é meu amigo, meu guia, meu Senhor,
meu protetor, sem outro haver igual.
Por mim sofreu a morte, por mim, um pecador,
e agora, vivo, guarda-me do mal.

Por este grande amigo desejo aqui viver,
com ele ter constante comunhão,
serví-lo fielmente, e assim lhe dar prazer,
ficando sempre a ele em sujeição.
Nos seus caminhos santos espero aqui seguir
e seu amor a todos demonstrar,
porque ele do pecado me veio redimir
e por amor morreu em meu lugar.

A hora vem chegando, a Bíblia no-lo diz,
em que Jesus ao mundo voltará.
Oh! que momento alegre, que dia tão feliz,
o dia em que voltar aqui, será!
Então com ele sempre, nos céus, eu ficarei,
já livre do pecado, mágoa e dor;
o seu amado rosto na glória ali verei,
e gozarei das bênçãos do Senhor."
1055;UM MEIGO SALVADOR;;"Um Salvador meigo eu tenho,
A quem antes não conheci;
Agora, alegre, eu venho
Contando a todos que O vi.

Todos, todos verão,
Todos, todos verão;
Jesus glorioso e bondoso,
Sim, todos, todos verão.

De todos, é o mais formoso,
Imagem da glória de Deus;
Tornou-me alegre e ditoso,
E herdeiro da glória dos céus.

Se os ímpios me armarem cilada.
Na senda que hei de trilhar,
Jesus me dará boa espada,
E os laços eu hei de cortar.

A vida e o amor Tu me deste,
Porque Tu amaste a mim,
Tornou, sim, a glória celeste,
Minha sorte bendita, enfim."
1056;UM PASSO SÓ;;"Um passo só! Um passo só!
Vem, ó pecador,
Com arrependimento,
Tudo lhe confessando!
Um passo só pra Cristo!
Oh, vem sem demorar!

Um passo só pra Cristo!
Das trevas para a luz;
Para inefável gozo,
Ao lado de Jesus.

Um passo só pra Cristo!
Ó vem, decide já!
Com terno amor te espera,
Perdão te outorgará.

Um passo só pra Cristo!
Oh, deixa todo o mal,
As seduções do mundo,
E aceita a paz real!

Um passo só pra Cristo!
Não queiras hesitar;
Pois corre grande risco
Quem mais de demorar.

Um passo só pra Cristo!
Mui breve a morte vem;
Como viver sem ele
Na eternidade, além?

Um passo só pra Cristo!
Oh, clama, pecador:
‘Salva-me, que eu pereço,
Socorre-me, Senhor!’

Um passo dou, para o Senhor,
Para o Salvador,
Com arrependimento
E nele confiando!
O passo dou pra Cristo
Sem mais me demorar!"
1057;UM PENDÃO REAL;;"Um pendão real vos entregou o Rei
A vós, soldados Seus;
Corajosos, pois, em tudo o defendei,
Marchando para os céus.

Com valor! Sem temor!
Por Cristo prontos a sofrer!
Bem alto erguei o Seu pendão,
Firmes sempre, até morrer!

Eis formados já os densos batalhões
Do grande usurpador!
Declarei-vos, hoje, bravos campeões;
Avante sem temor.

Quem receio sente no seu coração,
E fraco se mostrar,
Não receberá o eterno galardão,
Que Cristo tem pra dar.

Pois sejamos, todos, a Jesus leais,
E a Seu real pendão;
Os que na batalha sempre são fiéis,
Com Ele reinarão."
1058;UM POBRE CEGO;;"1. Um pobre cego à beira de uma estrada
Envolto em trapos trevas e desdéns
Pedia esmola de alma angustiada
Veio Jesus e trouxe a luz e o bem.

[coro]
Ao vir Jesus, a tempestade cessa;
Ao vir Jesus, as lágrimas se vão
Ele transforma toda a nossa vida,
Iluminando a negra escuridão.

2. Hoje também o pecador depara,
Em Cristo livramento de aflição,
Em meio a tentação que o destroçara,
Veio Jesus e trouxe a salvação."
1059;UM POUCO MAIS;;"Um pouco mais, e partirei
Para onde não há dor;
Um pouco mais, e viverei
Com Cristo, o Salvador.

Um pouco mais, eu vou saudar
No céu o meu Senhor;
E ali sem fim hei de exaltar
A graça e seu amor.

Um pouco mais, e eu entrarei
No gozo além do véu;
Com os remidos estarei
Pra sempre ali no céu.

Um pouco mais, e encontrarei
Amados e fiéis;
Com eles sempre entoarei
Louvor ao Rei dos reis.

Um pouco mais, e eu ouvirei
A voz do Salvador:
‘Fiel, bom servo, vem entrar
No gozo do Senhor.’

Trad.: William Edwin Entzminger (1859-1930)"
1060;UM POVO FORTE;;"1. Eis que surge um povo forte.
Revestido de poder;
E não teme nem a morte,
Quem a Ele pertencer;
E terá sublime sorte,
Pois com Cristo ao céu vai,
Podes tu também dizer:
“Sou um dos tais?”

[coro]
Um dos tais, um dos tais
Podes tu também dizer:
Sou um dos tais?

2. No cenáculo reunidos,
O poder buscavam então,
Pelo amor de Deus unidos
A clamar em oração;
Eis que um vento é descido
E o fogo do céu cai;
Podes tu dizer também:
“Sou um dos tais?”

3. Este povo destemido:
“São dicípulos de Jesus”
Pelo mundo perseguidos,
Por levar a sua cruz
E agora revestido
Com poder, ao mundo sai;
Podes tu dizer também:
“Sou um dos tais?”

4. Ó não sejas descuidoso
Pra buscar o dom de Deus,
Dom que te fará ditoso,
Dar-te-á visões do céu!
E Jesus maravilhoso
Proclamando aos outros vai
Poderás então dizer:
“Sou um dos tais?”"
1061;UM VASO DE BENÇÃO;;"Quero ser um vaso de benção, sim um vaso escolhido de Deus.
Para as Novas levar aos perdidos, Boas novas que vem lá dos céus.

Faze-me vaso de benção Senhor,
Vaso que leve a mensagem de amor
Eis me submisso, prá Teu serviço, Tudo consagro-Te agora Senhor.

Quero ser um vaso de benção, para todos os dias fazer.
Aos culpados que vivem nas trevas, o perdão de Jesus conhecer.

Faze-me vaso de benção Senhor,
Vaso que leve a mensagem de amor
Eis me submisso, prá Teu serviço, Tudo consagro-Te agora Senhor.

Quero ser um vaso de benção, sim um vaso de benção sem par.
Avisando que crentes em Cristo, jubilosos no céu hão de entrar.

Faze-me vaso de benção Senhor,
Vaso que leve a mensagem de amor
Eis me submisso, prá Teu serviço, Tudo consagro-Te agora Senhor.

Para ser um vaso de benção, é mister uma vida real.
Uma vida de fé e pureza, revestida do amor divinal.

Faze-me vaso de benção Senhor,
Vaso que leve a mensagem de amor
Eis me submisso, prá Teu serviço, Tudo consagro-Te agora Senhor.

Harper G.Smyth (1873-1945)"
1062;UM VASO DE BÊNÇÃO;;"1. Quero ser um vaso de bênção
Sim, um vaso escolhido por Deus,
Para novas levar aos perdidos,
Boas novas que vem lá dos céus.

[coro]
Faze-me um vaso de bênção Senhor,
Vaso que leve a mensagem de amor!
Eis-me submisso pra teu serviço
Tudo consagro-Te agora Senhor!

2. Quero ser um vaso de benção
Para todos os dias fazer
Aos culpados que vivem nas trevas
O perdão de Jesus conhecer.

3. Quero ser um vaso de bênção
Sim, um vaso de benção sem par,
Avisando que crentes em Cristo
Jubilosos no céu hão de entrar.

4. Para ser um vaso de benção
É mister uma vida real,
Uma vida de fé e pureza
Revestida do amor divinal."
1063;UMA FLOR GLORIOSA;;"1. Já achei uma flor gloriosa,
E quem deseja a mesma terá;
A rosa de Saron preciosa
Entre mil mais beleza terá;
No vale de sombra e morte,
Nas alturas de glória e luz,
Está rosa será minha sorte.
Precioso pra mim é Jesus!

[coro]
Precioso pra mim é Jesus!
Precioso pra mim é Jesus
Eu confesso na vida e na morte
Que tudo pra mim é Jesus!

2. Já de muitos foi achada a rosa
E provado o excelente odor,
E o poder desta flor gloriosa
Que dá vida ao vil pecador,
Mui zeloso pela lei foi Saulo
Perseguia o povo de Deus,
Mas transformado foi em um Paulo,
Pois achou ele a rosa do céus,

3. Vai buscar a Jesus precioso,
Vai depressa, a noite já vem,
E, se perdes o amor glorioso,
Será triste pra ti o além;
Esta flor hoje é ofertada
A quem humildemente a buscar,
Será logo da terra tirada,
Para brilhar em outro lugar."
1064;UNIDOS;;"Irmãos fiéis, uni-vos já
Pra trabalhar por nosso Deus,
E combater, com todo ardor,
O rei do mal e os servos seus!

Unidos vamos já, pois Deus conosco está
Em combater o mal! Vitória nos dará!
Firmados no Senhor, lutemos com ardor,
Seguindo sempre a Cristo, o forte Redentor.

Vitória, pois, com Cristo, o Rei,
Os seus fiéis alcançarão;
Em seu poder, os guiará!
Avante, pois, em união!

Ó Salvador, teu reino aqui
Ajuda-nos a promover!
Dá-nos fervor e inspiração
Pra executar o teu querer!

Trad.: Salomão Luiz Ginsburg (1867-1927)"
1065;UNIÃO VITAL;;"Duas vidas, Senhor, se unem num só ser,
Duas almas e dois nobres corações;
Pelo amor e afeição mútua assim viver
Querem, juntos na paz ou nas aflições.

Abençoa, Senhor, esta santa união,
Dando graça e favor; faze-a prosperar
Na alegria, na fé, na consagração:
Que ambos sempre só queiram contigo andar!

Mais um lar que se faz cheio do vigor
Do caráter cristão, base principal
Duma vida feliz numa união de amor,
Que abençoa e mantém a paz conjugal.

Preparaste, Senhor, para o gozo e paz
Do teu povo que habita esta terra aqui,
Essa união tão feliz, que amplas bênçãos traz.
Gratos, pois, entoamos louvor a ti!"
1066;VAI BUSCAR;;"Ouço o clamor do bom Pastor
Pelo deserto abrasador,
Seus cordeirinhos a chamar,
Mui desejoso de os salvar.

Vai buscar! Vai buscar!
Meus cordeirinhos vai buscar!
Vai buscar! Vai buscar!
Para que os possa abençoar.

Quem não deseja auxiliar
Seus cordeirinhos a guardar
E encaminhá-los a Jesus.
Fonte de vida, amor e luz?

Pelo deserto a padecer,
Pelas estradas a morrer,
Seus cordeirinhos vai buscar,
Para que os possa abençoar.

Trad.: Salomão Luiz Ginsburg (1867-1927)"
1067;VAI TUDO BEM;;"1. Pelo amor de Deus bendito,
Vai tudo bem!
Seu amor infinito,
Vai tudo bem!
Esse amor nos tem provado,
Em seu filho muito amado,
Que por nós foi imolado.
Tudo está bem.

2. Cristo conquistou vitória,
Vai tudo bem!
Assentado está na glória,
Vai tudo bem!
Seu amor é imutável,
Seu poder inabalável,
Seu cuidado incansável.
Tudo está bem.

3. Na doença ou na tristeza,
Vai tudo bem!
Proclamamos com certeza:
Vai tudo bem!
Pois se Deus é quem nos guia,
Ternamente nos vigia,
Com bondade noite e dia,
Tudo está bem.

4. Nos caminhos escabrosos,
Vai tudo bem!
Ou por mares tenebrosos,
Vai tudo bem!
A Jesus tudo obedece;
Sempre o mesmo permanece,
Nem um só dos seus esquece.
Tudo está bem!

5. Quer na vida, quer na morte,
Vai tudo bem!
Quão feliz é a nossa sorte!
Vai tudo bem!
Pelo sangue resgatados,
E do mundo separados,
Sendo por Jesus guiados,
Tudo está bem!"
1068;VALOR DE UMA ALMA;;"Irmão você sabe o valor que tem uma alma
Nem todos os recursos humanos poderiam pagar.
O dinheiro, a prata, o ouro, e o mundo inteiro
É pouco demais pro valor de uma alma poder comparar

Irmão o valor de uma alma custou muito caro
É necessário sentirmos por ela imenso amor
Zelando, ensinando, orando e às vezes chorando
Devemos buscar todas as almas
Que Jesus comprou

Irmão quantas vezes tem alma ao teu lado chorando
Sofrendo, gemendo com fardo pesado de dor
Se ela chegar a perecer você é o culpado
Tenhas cuidado porque uma alma tem muito valor.

Irmão você lembra do Ide do Mestre Amado
Não foi um pedido mas ordem que Ele nos deu
Mas como podemos ficar com os braços cruzados
Se Ele de braços abertos por todos morreu."
1069;VAMOS ADORAR;;"Vamos adorar a Deus
Vamos adorar a Deus
Vamos invocar seu nome
Vamos adorar a Deus

Ele veio em minha vida, Em um dia especial
Trocou meu coração, Por um novo coração
E essa é a razão, Porque eu digo que:
Vamos adorar a Deus!"
1070;Vamos encher esta casa de alegria;E;"Vamos encher essa casa de alegria
Vamos cantar e nunca murmurar
Vamos falar de Cristo noite e dia
E na igreja alegria espalhar"
1071;VAMOS À COLHEITA;;"Ceifeiros somos nós fiéis,
Segando para o Rei dos reis
Os frutos prontos pra colher,
Que em derredor se estão a ver.
Assim, ao nosso Salvador
Rendemos preito de louvor,
Ao nosso Mestre, lá no céu,
Que sobre a cruz por nós morreu.

Vamos já obedecer,
Vamos à colheita,
Para, quando anoitecer,
Ver a obra feita.
Pouco tempo ainda há
Breve, breve, breve acabará.

Nós respigamos por Jesus,
Que para os campos nos conduz.
E, se os obreiros poucos são,
Ociosos ficaremos? Não!
Ainda há campo pra ceifar,
Que muito fruto devem dar.
Não ouves Cristo perguntar:
Quem quer por mim ir trabalhar?

As horas vão passando já
O dia breve acabará,
Conosco toma o teu lugar
E por Jesus vem trabalhar!
Por que ocioso esperas lá?
A noite logo chegará.
Tu queres fruto ao céu levar,
Ou folhas só apresentar?"
1072;VAMOS À ESCOLA;;"Vamos, jovens alunos, à escola,
A Palavra de Deus estudar,
Boas-novas ouvirmos de Cristo,
E favores reais alcançar.

Oh, vem, vem, vem, vem,
sim, vem à escola comigo
Ouvir boas-novas dos céus;
Boas coisas ali aprendemos
Da bendita Palavra de Deus.

Vamos, jovens alunos, à escola,
Pois queremos louvar ao Senhor,
Seus conselhos ouvir com respeito,
Que se ensinam ali com amor.

Ó Jesus, sê presente na escola,
Inspirando-nos santo poder,
E que sempre, do estudo aqui feito,
Muito fruto possamos colher.

Trad.: William Edwin Entzminger (1859-1930)"
1073;VAMOS À IGREJA;;"Tenho gozo e alegria celeste
Quando vou adorar ao Senhor
Com os crentes em Cristo, na igreja,
Quando juntos rendemos louvor.

Vamos, crentes em Cristo, à igreja,
Conversar com o nosso bom Deus;
Escutar os seus ricos conselhos,
Recolher ricas bênçãos dos céus.

Com prazer eu aguardo a chegada
Desse dia do meu Salvador;
Nele, pois, a minha alma, contente,
Se derrama em ações de louvor.

Ó meu Mestre divino e amado,
Eu contigo desejo viver;
Tua lei, tua causa e teu povo
Quero sempre abraçar, defender.

Oh, vem, sim, vem à igreja comigo,
Sim, vamos servir ao Senhor,
Pois maior alegria não temos
Do que ter comunhão em amor."
1074;VASO NOVO;;"UM CÂNTICO NOVO

Cantai ao Senhor
Um cântico novo
Cantai ao Senhor
Um cântico novo
Cantai ao Senhor
Um cântico novo
Cantai ao Senhor, cantai ao Senhor.

[coro]
Por que Ele fez?
Ele fez maravilhas
Por que Ele faz?
Ele faz maravilhas
Por que Ele fará?
Ele fará maravilhas

Louvai ao Senhor
Engrandecei o Seu Nome
Louvai ao Senhor
Engrandecei o Seu Nome
Louvai ao Senhor
Engrandecei o Seu Nome
Louvai ao Senhor, louvai ao Senhor."
1075;VEM AGORA;;"Vem, oh vem pecador!.
Vem,vem confiadamente a Jesus o Senhor.

Crendo nEle ficas salvo.

Vem, oh vem pecador!.
Vem,vem confiadamente a Jesus o Senhor.

Deus não quer que tu te percas.

Vem, oh vem pecador!.
Vem,vem confiadamente a Jesus o Senhor.

Cristo pode, sim salvar-te

Vem, oh vem pecador!.
Vem,vem confiadamente a Jesus o Senhor.

O Senhor não te rejeita.

Vem, oh vem pecador!.
Vem,vem confiadamente a Jesus o Senhor.

Ele almeja perdoar-te

Vem, oh vem pecador!.
Vem,vem confiadamente a Jesus o Senhor.

P.Castro"
1076;VEM CEAR;;"1. Cristo já nos preparou,
Um manjar que nos comprou,
E, agora, nos convida a cear,
Com celestial maná,
Que de graças Deus te dá,
Vem, faminto, tua alma saciar

[coro]
“Vem cear”, o mestre chama: ”Vem Cear”
Hoje mesmo tu te podes saciar;
Poucos pães multiplicou,
Água em vinho transformou,
Vem, faminto, a Jesus, “Vem cear”!

2. Eis discípulos a voltar,
Sem os peixes apanhar,
Mas Jesus os manda outra vez partir;
Ao tornar à praia, então,
Vêem no fogo peixe pão,
É Jesus, quem os convida à ceia vir.

3. Quem sedento se achar,
Venha a Cristo, sem tardar,
Pois um vinho sem mistura Ele dá;
E também dá vida, ao pão,
Que nos traz consolação;
Eis que tudo preparado já está.

4. Breve Cristo vai descer,
E a noiva receber
Seu lugar ao lado do Senhor Jesus
Quem a fome suportou,
E a sede já passou,
Lá no céu irá cear em santa luz!"
1077;Vem com Josué lutar em Jericó;Em;"Vem com Josué lutar em Jericó (Jericó, Jericó)
Vem com Josué lutar em Jericó
E as muralhas ruirão

Suba os montes devagar
Que o senhor vai guerrear
Cerquem os muros para mim
Jericó chegou ao fim

As trombetas soarão
Abalando o céu e o chão
Cerquem os muros para mim
Jericó chegou ao fim"
1078;VEM FILHO VEM;;"Tu serás benvindo no celeste lar,
Deus o beijo de perdão, te espera dar!

Oh! se tal convite, tratas com desdém
Triste a tua sorte, vem filho vem!

Tu serás benvindo no celeste lar,
Deus o beijo de perdão, te espera dar!

Eis a porta aberta, sabes para quem?
Para os pecadores, vem filho vem!

Tu serás benvindo no celeste lar,
Deus o beijo de perdão, te espera dar!

Oh! contempla a mesa, que fartura tem
Tus estás faminto, vem filho vem!

Tu serás benvindo no celeste lar,
Deus o beijo de perdão, te espera dar!

Ira David Sankey (1840-1908)
Horatius Bonar (1808-1889)"
1079;VEM INFLAMA;;"[coro]
Vem inflama viva chama,
Em meu peito bem sem fim;
Eu Te adoro sempre imploro:
Ó Jesus habita em mim!

Se hesitante vacilante, ouço a voz do tentador,
Tu me guias me auxilias, e me tornas vencedor.

Redimida só tem vida, a minha alma em Teu amor,
Com apreço, reconheço, quanto devo a Ti Senhor.

Ira David Sankey (1840-1908)
Guilherme Luiz S.Ferreira (1850-1943)"
1080;VEM JÁ;;"Não te demores, amigo!
Por que te delongas assim?
Jesus está pronto a salvar-te.
Não ouves o seu “vinde a mim”?

Que lucrarás, meu amigo,
Deixando isto para amanhã?
As coisas do mundo perecem;
Sem Cristo terás vida vã.

Não te demores, amigo!
O dia da morte já vem!
Depois que deixares o mundo,
Terás de prestar conta além.

Ó meu amigo, decide:
Vem logo a Jesus aceitar!
Despreza teus muitos pecados;
Jesus dá-te graça sem-par.

Vem já, vem já,
Vem, perdido, a Jesus! (bis)"
1081;VEM JÁ, PECADOR;;"Pecador, vê a luz, brilha para ti,
Lá da cruz do Salvador,
Onde a vida deu;
e do lado Seu Corre sangue redentor.

Ó vem Já, como estás!
Vem agora, ao Salvador;
Sua vida deu, tudo padeceu;
Não demores! Vem Já, pecador!

Na escuridão do Jardim orou
Tão aflito meu Senhor;
Quando pranteou, sangue Seu suou,
No Getsêmane em dor!

Vê o Salvador co’as feridas mãos
Te chamando, ó pecador!
Vida eterna têm os que nEle creem
E aceitam o Seu amor.

Vem a Cristo, vem confessando,
já, Teus pecados, e te ouvirá,
E no coração sentirás o perdão,
Pois Jesus te perdoará."
1082;Vem logo doce carruagem;E;"Vem logo doce carruagem
Vem me levar ao doce lar
Vem logo doce carruagem
Vem me levar ao lar

Além do Jordão está o meu lar
Vem logo me buscar
Ali com os anjos quero morar
Vem me levar ao lar

Oh meus irmãos estais-vos prontos
Pra serem levados ao lar
Pois cristo vem logo com seus anjos
Vem nos levar ao lar"
1083;VEM TOCAR EM MIM;;"Mãos ensanguentadas de Jesus
Mãos que foi ferida lá na cruz.
Mãos ensanguentadas de Jesus
Mãos que foi ferida lá na cruz.

Vem tocar em mim
Sim vem tocar em mim
Vem tocar em mim
Sim vem tocar em mim
Vem tocar em mim
Sim vem tocar em mim
Vem tocar em mim
Sim vem tocar em mim

Os meus inimigos se levantam contra mim,
Sorrindo eles aguardam que eu tenha um amargo fim.
Minha alma então implora e está juntinho a Ti,
Por isso eu te peço vem tocar em mim.

Tão grande as minhas lutas chego a chorar enfim.
Parece que Jesus está tão longe de mim.
Pensando então que eu poderei cair,
Eu corro a suplicar vem tocar em mim."
1084;VEM! VISITA!;;"Vem! Visita a tua igreja,
Ó bendito Salvador!
Sem tua graça… ela murcha
Ficará sem vigor.
Vivifica, vivifica,
Nossas almas ó Senhor!
Vivifica, vivifica,
Nossas almas ó Senhor!"
1085;VEM, FILHO PERDIDO;;"1. Vem, filho perdido,
Ó pródigo, vem!
Ruína te espera
Nas trevas além.
Tu, de medo tremendo,
E de fome gemendo.

[coro]
Ó filho perdido,
Vem, pródigo vem!
Vem! Vem! Pródigo vem!

2. Vem, filho perdido
Ó pródigo, vem!
Teu pai te convida
Querendo-te bem!
Vestes há para ornar-te,
Ricos dons, vem fartar-te.

3. Vem, filho perdido
Sim, volta a Jesus!
Bondade infinita
Se avista na cruz.
Em miséria vagando,
Tuas culpas chorando!

4. Ó pródigo, escuta
As vozes de amor!
Oh! Rompe as ciladas
Do vil tentador,
Pois em casa há bastante,
E tu andas errante."
1086;VEM, PECADOR;;"Pois hoje tens o ensejo; vem, pecador!
E tu não tens desejo? Vem, pecador!
Se tu não mais duvidas, vem, pecador!
Sim, urge que decidas! Vem, pecador!"
1087;VEM, VEM A MIM;;"Pecador escuta a voz do Senhor:
“Se estás cansado, ó vem descansar;
Vem, não te detenhas; sem nenhum temor,
Deixa o teu fardo e vem repousar”.

Vem, vem a Mim e descansarás;
Toma o Meu Jugo e Te guiarei;
Sou humilde, manso, dou-Te minha paz;
Ó vem, hoje mesmo, e Te salvarei.

Vem a Deus, faminto, pobre mesmo assim;
Há maná celeste, preparado já;
Grátis é a festa, p’ra ti e p’ra mim,
Cristo te convida, vem e cearás.

Andas desviado, longe do redil?
Deixa de vagar e vem ao bom Pastor;
Pelos montes, vales, há perigos mil?
Volta ao rebanho do teu Salvador.

Crendo tu, em Cristo, salvação terás;
Gozo, paz perfeita, tudo que é mister;
Cristo não despreza, nem rejeitará
Todo o que contrito a Ele vier."
1088;VEM, VISITA TUA IGREJA;;"Vem! Visita a tua igreja,
Ó bendito Salvador!
Sem tua graça ela murcha
Ficará e sem vigor.

Vivifica, vivifica
Nossas almas, ó Senhor!
Vivifica, vivifica
Nossas almas, ó Senhor!

Thomas John Williams (1869-1944)"
1089;VEM, Ó PRÓDIGO;;"Vem, ó pródigo, vem sem tardar, te chama Deus,
Ouve-O chamando, sim, chamando a ti;
Tu, que vagas errante escuta a voz dos céus,
Ó escuta a voz de amor.

Deus espera por ti. perdido, pródigo, vem;
Deus espera por ti, perdido, pródigo, vem

Com paciência e ternura te chama o Senhor,
Ouve-O chamando, sim, chamando a ti;
Vem enquanto te chama o meigo Salvador,
Ó escuta a voz de amor!

Lá na casa do Pai, abundância há de pão;
Ouve-O chamando, sim, chamando a ti;
Já está pronta a mesa com toda a provisão,
Ó escuta a voz de amor!"
1090;VENCENDO VEM JESUS;;"Já refulge a glória eterna de Jesus o Rei dos reis,
Breve os reinos deste mundo seguirão às Suas leis.
Os sinais da Sua vinda mais se mostram cada vez,
Vencendo vem Jesus!

Glória glória aleluia, glória glória aleluia,
Glória, glória aleluia, vencendo vem Jesus!

O clarim que chama os crentes à batalha já soou,
Cristo a frente do Seu povo multidões já conquistou.
O inimigo em retirada seu furor patenteou,
Vencendo vem Jesus!

Glória glória aleluia, glória glória aleluia,
Glória, glória aleluia, vencendo vem Jesus!

Eis que em glória refulgente, sobre as nuvens descerá,
E as nações e os reis da terra com poder governará.
Sim em paz e santidade toda a terra regerá,
Vencendo vem Jesus!

Glória glória aleluia, glória glória aleluia,
Glória, glória aleluia, vencendo vem Jesus!

E por fim entronizado as nações há de julgar,
Todos grandes e pequenos o juiz hão de encarar.
E os remidos triunfantes em fulgor hão de cantar:
Vencido tem Jesus

Glória glória aleluia, glória glória aleluia,
Glória, glória aleluia, vencido tem Jesus!"
1091;VENCENDO VEM JESUS CC.112;;"VENCENDO VEM JESUS

Já refulge a glória eterna de Jesus o Rei dos reis,
Breve os reinos deste mundo seguirão às Suas leis.
Os sinais da Sua vinda mais se mostram cada vez,
Vencendo vem Jesus!

Glória glória aleluia, glória glória aleluia,
Glória, glória aleluia, vencendo vem Jesus!

O clarim que chama os crentes à batalha já soou,
Cristo a frente do Seu povo multidões já conquistou.
O inimigo em retirada seu furor patenteou,
Vencendo vem Jesus!

Glória glória aleluia, glória glória aleluia,
Glória, glória aleluia, vencendo vem Jesus!

Eis que em glória refulgente, sobre as nuvens descerá,
E as nações e os reis da terra com poder governará.
Sim em paz e santidade toda a terra regerá,
Vencendo vem Jesus!

Glória glória aleluia, glória glória aleluia,
Glória, glória aleluia, vencendo vem Jesus!

E por fim entronizado as nações há de julgar,
Todos grandes e pequenos o juiz hão de encarar.
E os remidos triunfantes em fulgor hão de cantar:
Vencido tem Jesus

Glória glória aleluia, glória glória aleluia,
Glória, glória aleluia, vencido tem Jesus!"
1092;VENHA A JESUS;;"Se alguém deseja, venha a Jesus,
Água e pão da vida, Ele te conduz.
A mão Lhe estende, pede-Lhe a luz,
Se alguém deseja, venha.

Se alguém deseja, se alguém deseja,
Venha hoje mesmo receber perdão,
Pois Jesus te chama, ó, não chama em vão,
Se alguém deseja, venha!

Se alguém deseja, paz fruirá;
Cristo que te chama, te libertará;
Com Seus braços santos te abraçará
Se alguém deseja, venha!

Se alguém deseja, não morrerá,
Pois a vida eterna sempre gozará;
Esta é a promessa que Jesus te dá.
Se alguém deseja, venha!"
1093;VENHAM ESCUTAR;;"Desprezado foi o verbo
Por aqueles que criou;
Não obstante, as nossas dores
Ele foi quem as levou;
Foi por esses sofrimentos
Que alcançamos nós a paz;
Sua morte no Calvário
Para nós a vida traz.

Ele foi desamparado
Para termos proteção,
E por nós se fez pecado
Para dar-nos retidão;
Sim, do seu querido Filho
Deus o rosto desviou,
Nessa ocasião solene
Quando Cristo nos salvou.

Para nós tem começado
Novo, refulgente dia;
Em lugar de triste choro,
Desfrutamos alegria;
E provamos hoje as bênçãos
Desse lar além, nos céus,
Onde moraremos juntos
Com Jesus e nosso Deus.

Provações de toda sorte
Não nos devem assustar.
Nem apertos, nem perigos
Nossa fé prejudicar;
Pois que Deus tem prometido
O seu povo proteger;
Por aquele que nos ama
Sempre havemos de vencer.

Venham todos escutar:
Salvação Deus quer-vos dar,
Entregando o Filho amado,
Deus mostrou-nos seu amor,
Seu propósito benigno
De salvar o pecador."
1094;VENTURA;;"Oh, ternura, graça e amor
Me dispensa o Salvador!
Que amor sublime do meu Mestre!
Que ternura, que graça sem-par!

Contente seguir vou seus passos,
Nos trilhos traçados por Deus;
E se me provar na fornalha,
Sejam feitos os desígnos seus.

Veloz se aproxima o seu dia;
Então seu semblante verei.
Assim seu amor e ternura
Eu eternamente gozarei."
1095;VERA PÁSCOA;;"Ó Jesus ó vera páscoa,
Suspirada dos antigos,
Ó Cordeiro eterno e meigo,
Digna-Te assistir aqui!

Bom Jesus, ó pão divino,
Pela fé Te apropriamos,
És nas almas o alimento
Que sustenta o nosso amor!

Bom Jesus ó vinho puro
Fonte de perene gôzo,
Faze que nossa alma viva
Para Ti de Ti em Ti.

Thomas Cairns
Anônimo"
1096;VERDADEIRA FELICIDADE;;"1. Só poderei ser feliz na vida,
Enquanto Deus me puder guiar,
Qual piloto em noite escura,
Livra o barco da fúria do mar.

[coro]
Não importa o que dizem de mim;
Muito mais disseram de Jesus;
Inocente, infalível, impecável;
Mesmo assim o levaram à cruz.

2. Se os tesouros que há neste mundo,
Chegarem todos em minhas mãos,
Não se igualam ao prazer que eu tenho,
De Deus guiar o meu coração.

3. Vem ó Deus reger meu destino,
Que eu possa de Teu nome falar.
Aos milhões que sem Cristo perecem,
Nesta terra e no além mar.

[coro]
Digam o que quiserem de mim,
Eu direi o que sei de Jesus.
Jesus diz: Pecador vem a mim.
Teu perdão eu ganhei sobre a cruz."
1097;VEREI MEU REDENTOR;;"Finda a lida terreal.
Quando já do rio além,
Nessa vida tão gloriosa me encontrar,
Sei que lá meu redentor
Finalmente eu hei de ver.
E com hinos de louvor hei de o saudar.

Hei de ver meu Redentor;
Redimido, junto dele eu hei de estar;
Hei de ver meu Salvador;
Os sinais dos cravos hei de contemplar.

Oh, que enlevo divinal;
O seu rosto a contemplar,
Desde a aurora desse dia perenal;
Como então meu coração
Haverá de o exaltar,
Pela graça e compaixão celestial!

Nessa pátria de esplendor,
Hei de amigos encontrar,
Meus irmãos em Cristo lá hei de rever;
Mas primeiro que os irmãos,
Quando ali no céu chegar,
Meu Jesus é quem eu mais anseio ver.

Pelas portas de Sião,
Com as vestes a brilhar,
Onde a noite e o pranto nunca chegarão,
Lá no lindo céu de luz
Há de Cristo me guiar,
E mui perto, sim, eu hei de vê-lo então."
1098;VIDA ETERNA;;"Oh, vinde ver Jesus, o Salvador!
Da morte eterna salva o pecador;
A todo que confia em seu amor,
Sim, vida eterna dá!

(Estribilho)
Gozo, paz, salvação, vida eterna dá!
Luz, amor e perdão, vida eterna dá!
A todo que confia em seu amor,
Sim, vida eterna dá!

Necessitado fui ter com Jesus,
Minhas fraquezas todas eu lhe expus;
Ele apontou-me para os altos céus,
Pois vida eterna dá.

Das minhas culpas ele me livrou,
Pois que na cruz resgate consumou;
Todo o pecado meu me perdoou,
E vida eterna dá.

Bem sei que nada posso merecer;
Cumpri tão poucas vezes meu dever;
A Cristo, pois, eu vou me submeter,
Pois vida eterna dá."
1099;VIDA NA GRAÇA;;"Jamais houve alguém feliz como o cristão,
o qual alcançou de Deus bênçãos de amor;
e tem verdadeira paz com seu Senhor,
fruindo prazer do céu, graça e perdão.

[coro]
Prazer, alegria, amor,
tudo lhe dá Jesus!
Paz e perdão, favor,
goza na luz!

Terror já não tem de Deus; foge do mal;
na santa presença está; vive na luz,
gozando da redenção feita na cruz;
deseja crescer na fé, firme e leal.

Jesus é seu Mediador; crê no porvir;
da santa Palavra tem força e poder.
Por Cristo deseja então tudo fazer;
a luz da verdade quer sempre expandir."
1100;VIDA POR UM OLHAR;;"1. Terás vida em olhar pra Jesus, Salvador;
Ele diz: Vida Eterna Eu te dou;
Pois então, pecador, considera esse amor;
Vê Jesus que na cruz expirou

[coro]
Vê, vê, viverás!
Terás vida em olhar pra Jesus, Salvador;
Ele diz: Vida em mim acharás!

2. Terás vida em olhar pra Jesus, Salvador;
Sangue seu derramado Ele tem;
Paga está nossa falta; não haja temor;
Por olhar, pecador, vida tem.

3. Terás vida em olhar pra Jesus, Salvador;
Não há choro, remorso, nem dor
Que consiga remir a qualquer pecador:
Só o sangue do bom redentor.

4. Terás vida em olhar pra Jesus, Salvador;
Ele tudo por ti já sofreu.
Deus estende o convite ao maior transgressor:
Vê Jesus que por ti padeceu!

5. Terás vida em olhar pra Jesus, Salvador,
Ele diz: vida eterna Eu te dou.
Nunca perecerás, crendo em Cristo, o Senhor;
Segurança em Jesus gozarás."
1101;VIGIAR E ORAR;;"1. Bem de manhã, embora o céu sereno,
Pareça um dia calmo anunciar,
Vigia e ora; o coração pequeno
Um temporal pode abrigar.

[coro]
Bem de manhã, e sem cessar,
Vigiar e orar.

2. Ao meio dia, e quando os sons da terra
Abafam mais de Deus a voz de amor,
Recorre à oração, evita a guerra
E goza a paz com o Senhor.

3. Do dia ao fim, após os teus lidares
Relembra as bençãos do celeste amor,
E conta a Deus prazeres e pesares,
Depondo em suas mãos a dor.

4. E sem cessar, vigia a cada instante,
Que o inimigo ataca sem cessar,
Só com Jesus em comunhão constante
Pode o mortal ao céu chegar."
1102;VINDE A MIM;;"1. Tua alma está ferida, magoado o coração,
A tristeza já se apoderou de ti,
Escuta meu amigo, Jesus vos fala assim:
Ó cansado e oprimido vinde a mim.

[coro]
Tomai sobre vós meu jugo,
Eu vos aliviarei,
E descanso vossas almas gozarão,
Pois o meu fardo é leve,
Meu jugo é suave,
Paz perfeita vós tereis no coração.

2. Desperta tu que dormes, a fé traz a esperança,
Já raiou o novo dia em teu favor,
Lembra que Deus é amor e Jesus vos fala assim:
Ó cansados e oprimidos vinde a mim.

3. Se creres meu amigo, terás a salvação,
Plena paz inundará teu coração.
Escuta a voz de Cristo, Jesus te fala assim:
Ó cansados e oprimidos vinde a mim."
1103;VINDE ADORAR;;"Oh! vinde adorar, o excelso e bom Deus,
Eterno Senhor da terra e dos céus,
Que reina supremo, envolto na luz,
E que se revela em Cristo Jesus.

Seu grande poder, deveis contemplar,
No brilho do céu, na terra e no mar,
As gotas de orvalho, sim, toda flor
Proclamam constantes Seu grande Autor."
1104;VINDE JÁ;;"Vinde já, vinde já, ao bendito Salvador;
Confiai, pois Ele vos salvará, e a todo pecador.

Oh não cres? oh não cres neste grande imenso bem?
O Senhor Jesus te dará perdão, aceita pois e vem.

Meu Jesus, meu Jesus quero em Ti só confiar;
Eu Te peço só Teu amor e luz, desejo me salvar.

Creio em Ti, creio em Ti; pois Tu és meu Redentor!
Eu a minha grande miséria vi oh vale-me Senhor!.

Meu Senhor, meu Senhor, já conheço o Teu amor;
Graça eu Teu dou ó meu Benfeitor, por todo o Teu favor!

Elisha A.Hoffmann (1839-1929)
Andre Boys Casseis"
1105;VINDE MENINOS;;"1. Vinde meninos, vinde a Jesus!
Ele ganhou-vos bênçãos na cruz!
Os pequeninos Ele conduz;
Óh! Vinde ao Salvador!

[coro]
Que alegria! Sem pecado ou mal
Reunir-nos todos afinal
Juntos na pátria celestial,
Perto do Salvador.

2. Já, sem demora, a todos convém
Ir caminhando à glória de além.
Cristo vos chama, quer vosso bem,
Óh, vinde ao Salvador!

3. Que ama os meninos! Cristo vos diz,
Ele quer dar-vos vida feliz,
Para habitar no lindo país,
Óh! Vinde ao Salvador.

4. Eis a chamada: Vinde hoje a mim!
Outro não há que nos ame assim;
Seu é o amor que nunca tem fim!
Óh! Vinde ao Salvador."
1106;VISÃO DO AMOR;;"1. Um forasteiro Sou aqui no Mundo,
Vivendo os dias A lutar em vão.
Sem esperança Procurei ter paz
E tudo foi Fracasso e Ilusão.

[coro]
Mas houve um Dia em que voltei Meus olhos
Ao céu e tive a Visão do amor,
Mas houve um dia Em que voltei Meus olhos
E vi Jesus, o Amante Salvador.

2. E agora clara Se tornou a Vida
A luz do céu iluminou Meu ser
Eu alcancei Vitória e esperança
E hoje em Cristo, Sinto-me feliz.

[coro]
Consagro a Deus Os dias que me Restam
A todos vou Falar de seu Amor.
Consagro a Deus Os dias que me restam
A todos vou Falar do seu amor."
1107;VITORIOSO;;"Sempre vencendo, mui valoroso,
Cristo Jesus, o Senhor!
Chefe bendito, Chefe glorioso,
Em tudo Ele é vencedor.
Ei-lo supremo, guiando
Com seu poder e valor!
Todos unidos, avante,
Todos seguindo o Senhor!

Não é dos fortes a vitória,
Nem dos que correm melhor!
Mas dos fiéis e sinceros,
Como nos diz o Senhor!

Sempre vencendo, mui valoroso,
Cristo Jesus, o Senhor!
Eis suas hostes inumeráveis,
Vindo com muito valor!
Cristo, que é nosso Monarca
E tem a glória do Pai,
Sempre nos ama e nos guarda,
Sempre conosco Ele vai!

Sempre vencendo, mui valoroso,
Cristo Jesus, o Senhor!
Reis e monarcas, príncipes fortes
Buscam também seu favor.
E humildemente lhe peço
Que me permita lutar
Só ao seu lado, invencível,
Té minha vida findar!

Trad.: Salomão Luiz Ginsburg (1867-1927)"
1108;VITÓRIA;;"1. Depois da luta vem a vitória
E a vitória é coroada
Eu já tenho a minha coroa
Que por Jesus foi preparada.

[coro]
Vitória, vitória, vitória
Nesta estrada cheia de luz
Vitória, vitória, vitória
Eu tenho em Jesus.

2. Neste caminho não estou sozinho
Neste caminho não falta luz
O inimigo vai se recuando
Quem me dirige é o meu Jesus.

3. Neste caminho sou triunfante
Eu sou soldado e não vivo ao léo
O meu tesouro não é daqui
Está com o meu Jesus lá no céu."
1109;VITÓRIA DO REJEITADO;;"Jesus é rejeitado, o mundo não o quer,
recusa com orgulho seu Rei reconhecer;
mas, eis que vem glorioso do seu celeste lar,
para logo com poder aqui reinar!

[coro]
Logo vem o dia eterno
da sua exaltação!
Vem, sim, para o livramento
de toda a criação.
Oh! que canto de vitória então há de soar,
quando Cristo triunfante aqui reinar!

O sol ao meio dia não tem o resplendor
qual há de ter a igreja na vinda do Senhor;
eis que, do Esposo as jóias, a noiva há de ostentar,
quando Cristo triunfante aqui reinar!

Já temos privilégio de pela fé prever
a divinal herança que vamos receber.
A dor e o sofrimento jamais terão lugar,
quando Cristo triunfante aqui reinar!"
1110;Vitória em Jesus (Victory in Jesus);E;"Ouvi da velha historia
Como o salvador veio da gloria
Entregou sua vida no calvário
Pra salvar um pecador
Ouvi da sua agonia
Do seu precioso sangue vertido
Me arrependi dos meus pecados
Recebendo a vitória
Vitoria em Jesus
Meu salvador, pra sempre
Me escolheu e me trouxe
Com seu sangue redentor
Me amou e eu O conheci
Que todo meu amor veio Dele
Me concedeu, Vitoria
Em seu sangue me lavou

Ouvi da Cura Divina
Do seu poder que restaura
Como ele fez, o aleijado andar
e o cego enxergar
Então clamei, Jesus
Vem transformar a minha vida
E Jesus veio e com Ele pude
A vitória alcançar
Ouvi de uma mansão
Que Ele fez pra mim, lá na gloria
Também ouvi, das ruas de ouro
e do mar de cristal
E os anjos cantando
Os Hinos da redenção
E algum dia, cantarei também
O hino da vitória"
1111;VITÓRIA NAS LUTAS;;"Temos por lutas passado,
Umas temíveis, cruéis;
Mas o Senhor tem livrado
Delas seus servos fiéis.
Força e poder nos tem dado;
Ele nos tem sustentado,
Dando-nos sua mão,
Vida de paz, perdão,
Salvação!

Sim, Deus é por nós!
Quem nos vencerá?
Dar-nos-á poder real;
Deus nos guardará
Defender-nos-á,
Livrará do mal;
Vamos, irmãos, cantar,
Nosso Senhor louvar,
Exaltar!

Sim, Deus nos tem prometido
Uma vitória cabal;
Não se tem ele esquecido
Que na palavra real
Ele nos tem protegido,
Tudo nos tem garantido
Graça e favor sem-par,
Sim, todo o bem-estar
Quer nos dar!"
1112;VITÓRIA TE DARÁ;;"1. Levante os olhos, não chores tanto
Jesus te entende e te defende nos dias maus.
Espera em Deus que te dá forças para prosseguir
E no amanhã Cristo Jesus
Vitória te dará.

[coro]
Vitória te dará, vitória te dará.
Levante os olhos, não chores mais.
Jesus aqui está.
Vitória te dará, vitória te dará.
Levante os olhos, porque Jesus
Vitória te dará.

2. Um pouco mais sua aflição é nada
Pois neste mundo, tudo, tudo Deus pode operar.
Porque temer se no futuro irás cantar
Se não for aqui, mas lá no céu
Vitória te dará."
1113;VIVA CRISTO;;"Viva Cristo, eternal riqueza,
Meu escudo, vida e firmeza,
Sua graça – Oh! me faça
Reluzir no Seu amor.

Viva Cristo, rocha já eleita,
A verdade pura e perfeita;
Meu sustento – gran contento,
Que me faz andar na luz.

Viva Cristo, minha eterna sorte;
Meu tesouro é depois da morte;
Me conforta, me exorta
A viver em perfeição.

Viva Cristo, o Senhor da glória,
Que aos crentes sempre dá vitória,
E a vida prometida,
Que, p’ra nós ganhou na cruz.

Viva Cristo, Condutor dos santos!
Viva Cristo, fortemente canto!
Pois me ama e derrama
No meu ser, celeste paz."
1114;VIVIFICA-NOS, SENHOR;;"Manda, oh, manda as ricas chuvas,

Tua bênção, Salvador!

Imploramos, esperamos,

Vivifica-nos, Senhor!"
1115;VIVIFICAÇÃO;;"Eis o mundo tentador
Procurando nos trair!
Sem teu fogo abrasador
Presto estamos a cair.

Quantos que corriam bem
Já não mais Contigo vão!
Outros seguem, mas também
frios, sem amor estão.

Vem agora consumir
Tudo quanto, ó Salvador,
Quer, altivo, resistir
Ao teu brando e doce amor!

[coro]
Vem, oh, vem, Jesus, Senhor,
Nossas almas despertar!
Com teu puro e santo amor,
Vem, oh, vem nos inflamar,
Oh, vem, oh,vem
Nossas almas inflamar!"
1116;VIVO POR FÉ;;"1. Um dia virá outra vez o Senhor,
Ao céu Ele nos levará.
Ali cessarão todo mal e temor,
E Deus tudo dominará.

[coro]
Vivo por fé em meu salvador,
Não temerei, é fiel meu Senhor.
Em toda dor nunca me deixará,
Vivo por fé, Ele me guardará.

2. Sem fé é impossível agradar ao Senhor,
Pois o justo vive da fé.
Os salvos confiam em seu salvador,
Pois sua palavra é fiel.

3. As lutas que vêm para os crentes aqui,
Não há de se comparar.
Com a glória celeste que iremos fluir,
Lá no nosso querido lar."
1117;Voarei;E;"Quando um dia desta vida terminar, eu voarei
Com meu Deus eu vou para o meu lar, eu voarei

Eu voarei
Oh Glória, eu voarei
Quando eu for
Eu darei um grande adeus
Eu voarei

Tem um lar do outro lado
Tem um lar do outro lado
Tem um lar do outro lado
Pra onde eu irei

Será um dia glorioso
Será um dia glorioso
Será um dia glorioso
Quando eu subir

Oh! Eu amo aquele homem Galileu
Que na cruz pagou os pecados meus
Ele me perdoou, um novo ser eu sou
Oh! Eu amo aquele homem Galileu

Sou feliz, por Jesus me salvar
Sou feliz, por Jesus me salvar
Se não fosse por Jesus onde estaria eu
Sou feliz, por Jesus me salvar

Meu Jesus, meu Pai, Senhor e Salvador
Ele é tudo para mim

Ele é tudo, é tudo para mim
Ele é tudo, é tudo para mim
Meu Jesus, meu Pai, Senhor e Salvador
Ele é tudo para mim

Poderoso, Amoroso é Jesus pra mim
Conselheiro, Rei da Paz, meu Deus Ele é
Me salvou, me lavou e me perdoou
Ele é maravilho para mi

Ele é tudo, é tudo para mim
Ele é tudo, é tudo para mim
Meu Jesus, meu Pai, Senhor e Salvador
Ele é tudo para mim"
1118;Você Sabe Porque Sou Feliz, Tá Tudo Bem, Deus É Tão Bom Pra Mim;F;"Você sabe porque sou feliz
Aceitei a Palavra do Senhor
Palavra Falada Revelaaa da
Pelo Profeta de Malaquias 4

Tá tudo bem, tudo bem
Temos ouvido a Mensagem Shalom, tá tudo bem
Mas há um lugar, pra descansar
Entrando além do véu
Então, descansa noivinha, descansa
Tá tudo bem

Deus é tão bom
Deus é tão bom
Deus é tão bom
É tão bom, pra mim
Ele responde oração
Ele responde oração
Ele responde oração
É tão bom, pra mim

Eu O amo tanto
Eu O amo tanto
Eu O aaa mo tanto
E é tão bom, pra mim"
1119;VOLTA JESUS;;"Volta Senhor pro teu povo e venha buscar a tua igreja,
Levar-nos para um lugar novo porque o teu povo
É o que mais deseja!
Pois neste mundo de dor nós
Não queremos mais aqui viver,
A grande falta de amor faz desfalecer.

Volta Jesus, volta Jesus, volta
Volta Jesus, volta Jesus, volta

Se o Senhor demorar a fé de muitos pode sucumbir,
Venha Senhor nos buscar pra nos ajudar
A entrar no porvir,
Pois este clima tão tenso que o teu povo vive,
Hoje é mortal.
A tua volta agora é o essencial!

Sei que quando tu voltares a vida será muito diferente,
E as trevas dissipares e tu dominares poderosamente;
E no teu reino de glória com grande vitória
Tu dominarás!
E terminar a história e o fim será paz."
1120;VOU AO LAR CELESTIAL;;"1. Deste mundo eu não sou,
Vou em busca do meu lar
” Vou com Cristo, aleluia”
A vaidade terminou
Eu não sou deste lugar,
Vou com Cristo aleluia
O caminho é distante
Mas não posso aqui ficar
Vou com Cristo, aleluia
Vou em busca do meu lar.

2. Breve meu barquinho vai;
Pelas águas deslizar;
Vou com Cristo, aleluia
Muito além me espera o Pai,
Lá no porto, além do mar
Vou com Cristo, aleluia,
Este mar é revoltoso, traiçoeiro
E não tem luz
Mas não temo, aleluia
Meu piloto é Jesus.

3. Lá nas praias eternais
Quão lindo é o meu lar
Vou com Cristo, aleluia
Lá o sol nunca jamais
No infinito vai brilhar
Vou com Cristo, aleluia,
Nem de lâmpadas humanas,
Não teremos tosca luz.
Pois na senda mui gloriosa
Jesus Cristo nos conduz."
1121;VOU CONTAR;;"1. Vou contar-vos o que eu penso do meu mestre!
Como dele recebi a luz e paz,
Ele mudou-me eu bem sei completamente,
Como Cristo nenhum outro satisfaz.

[coro]
Sempre cuidará de mim, meu mestre
Com desvelo e compaixão sem fim!
Nenhum outro tira a culpa do pecado,
Oh, como Ele ama a mim!

2. Com a vida toda cheia de pecado,
Na miséria e com dor no coração,
Ele ergueu-me com Seus braços de ternura,
Deu-me gozo, deu-me paz, consolação…

3. Cada dia Ele vem com segurança,
Mais e mais a revelar o Seu amor,
Como anelo compreender completamente
Esse amor tão divinal, restaurador!

4. Meu maior desejo agora é ama-Lo,
Proclamar o que Ele fez pra me salvar,
E cantando esse amor inigualável,
Espero em Deus a minha vida continuar."
1122;VOU À PÁTRIA;;"Vou à pátria, eu, peregrino,
A viver eternamente com Jesus,
Que me marcava feliz destino
No dia quando por mim morreu na cruz.

Vou à pátria, eu, peregrino,
A viver eternamente com Jesus.
Vou à pátria, eu, peregrino,
A viver eternamente com Jesus.

Dor e pena, tristeza e morte
Nunca mais conseguirão ferir-me, lá,
Pois Jesus Cristo será meu norte,
E ao Deus bendito minha alma louvará.

Terra santa, formosa e pura,
Salvo por Jesus, eu cantarei em ti;
Felicidade, paz e doçura,
Terei na glória! Ah, quando irei daqui?"
1123;VOZ DE TERNURA;;"[Coro]
Quer no presente ou no porvir,
nunca na terra ou céu de luz;
Mais doce nota se há de ouvir
que o nome de Jesus.

O cálix cheio de amargor,
Jesus tem esgotado,
Afim de dar ao pecador
perdão do seu pecado.

Por esta grande Salvação,
dê graças todo crente.
É digna de celebração
agora e eternamente.

John Hart Stockton (1813-1877)
William Hunter (1811-1877)"
1124;À PELEJA;;"Sois vós, irmãos, campeões da cruz?
Para a campanha vos alistai;
Ide, briosos, levar a luz;
Cheios de ardor, pelejai!

Oh, com valor, irmãos,
Como leais cristãos,
Pelo Mestre combatendo,
Na peleja entrai!
Oh, com valor, irmãos,
Como leais cristãos,
Pelo Mestre combatendo,
Na peleja entrai!

Quantos procuram vencer o bem
Com sementeiras de joio vil!
São inimigos que com desdém
Movém-nos guerra sutil!

Bem preparados, oh, resisti
Com a Palavra de Deus na mão;
Pra combater contra o mal, segui
Sempre o fiel Capitão!"
1125;ÁGUA VIVA;;"1. Água viva sai do manancial
Que é Cristo O Redentor
Ele traz do céu vida eternal
E converte o pecador.

[coro]
Desta água quem quiser beber
Só a Cristo deve recorrer
Outra água nos fará perecer
Mas a de Jesus nos faz viver.

2. Água viva da fonte de amor
Só Jesus nos pode dar
D`Ele vem perdão para o pecador
Que deseja se salvar.

3. Água viva do trono celestial
Refrigério a todos traz
Outras águas há, mas nenhuma é igual
A do Príncipe da paz"
1126;É AQUI QUE TU FALAS;;"Senhor eu estou aqui mais uma vez
Para o teu nome glorificar
É aqui Senhor que tem a palavra
É aqui Senhor aonde tu fala.
É aqui Senhor que tem a palavra
É aqui Senhor aonde tu fala.

O mundo está confiando no que diz o homem
Mas nós confiamos no que disse Deus
A palavra do Senhor para mim é vida
A palavra do senhor para mim é tudo.
A palavra do Senhor para mim é vida
A palavra do senhor para mim é tudo.

Jesus sempre foi obediente
Ajuda a sua noiva a ser também
Dá-me graça para amar aqueles que me amam
E aqueles que não me amam também.
Dá-me graça para amar aqueles que me amam
E aqueles que não me amam também.

Jesus é a fonte de todo poder
Graça e proteção em ti sempre acho
Tu és dono da nossa vida
Aceite da tua noiva um abraço.
Tu és dono da nossa vida
Aceite da tua noiva um abraço."
1127;É BÊNÇÃO SOBRE BÊNÇÃO;;"1. É bênção sobre bênção.
É bênção sobre bênção
Vivendo cada dia no Senhor

2. É bênção sobre bênção.
É bênção sobre bênção
Vivendo cada dia no Senhor

3. Irmão você também
É uma bênção para mim
Que seria da minha vida sem você
Aperte a minha mão
Sinta o meu coração bater
Eu te amo porque vejo Cristo em você."
1128;É CÉU PARA MIM;;"1. Depois que Cristo me salvou
Em céu o mundo se tornou;
Até no meio do sofrer
É céu a Cristo conhecer.

[coro]
Oh! Aleluia, sim é céu,
É céu fruir perdão aqui,
Em terra ou mar seja onde for
Com meu Jesus é céu pra mim.

2. Pra mim longe era outrora o céu
Mas, quando Cristo me valeu,
Então senti meu coração
Entrar no céu da retidão.

3. Bem pouco importa eu morar
Em alto monte, à beira mar,
Em casa ou gruta, boa ou ruim,
Com Cristo ali é céu pra mim."
1129;É isto que me faz cantar;E;"É isto que me faz cantar (2X)
Dos meus pecados livres estou e para o céu eu vou
É isto que me faz cantar
Ao mundo vou anunciar (2X)
Que Cristo salva o pobre pecador com seu amor
É isto que me faz cantar"
1130;É JESUS QUE NASCE;;"O povo sim coberto, de densas trevas, perto;
Do abismo e não desperto,
Vê surpreso um grande e divinal clarão!

[coro]
É Jesus que nasce, autor da salvação,
Cristo amado a todos traz a redenção,
O coro angelical, num hino triunfal,
Proclama o Cristo com adoração!

Cumprindo as profecias, nos nasce o Rei Messias;
Em horas tão sombrias,
Cada povo em trevas vê o Seu clarão!

Jesus o Rei da glória, humilde em Sua história;
A todos dá vitória,
Vinde ver o Cristo em Sua humilhação!

Oh! nova alegre e boa, no céu azul ressoa;
Que Cristo nos perdoa,
Aceitai-O ó povos, dai-Lhe o coração!"
1131;É JESUS QUEM SALVA;;"Obras não me salvam!
Meus esforços sem cessar
Não me podem transformar,
Nem meus males expiar;
Obras não me salvam!

Foi Jesus que padeceu,
Sobre a cruz por mim morreu;
Por seu sangue que verteu
Pôde assim salvar-me!

Orações não salvam!
Apesar do seu fervor,
Petições não têm valor
Pra salvar o pecador;
Orações não salvam!

É Jesus quem salva!
Ele a obra consumou,
Meus pecados expiou,
Com seu sangue me lavou;
É Jesus quem salva!"
1132;É JESUS, É JESUS;;"1. Nesta vida quem é que de mim cuida bem?
Nos perigos, nas lutas me guarda também
E me ajuda a levar minha cruz
É Jesus, é Jesus, é Jesus.

2. Quando triste no mundo sem consolação
Desprezado sem ter quem me estende sua mão.
Lá do céu um alguém me conduz;
É Jesus, é Jesus, é Jesus.

3. Quando fraco me encontro sem forças até
O inimigo procura roubar minha fé
Sobre mim vem do céu uma luz!
É Jesus, é Jesus, é Jesus."
1133;ÉS TU JESUS MEU SALVADOR;;"Jesus agora sim eu sei, quão grande é Teu amor,
Pois salvação em Ti achei, aceita o meu louvor.

[coro]
És Tu Jesus meu Salvador, por Ti eu tenho paz,
Jesus a Ti louvor darei, pois tudo Tu me dás.

Jamais descanso conheci, inútil sempre sou,
Mas Cristo se lembrou de mim, de graça me salvou!

Comigo crentes exaltai, o grande Salvador
Pois tudo Cristo me supriu, embora pecador.

Louvor, louvor a Ti darei, Ó Cristo meu Senhor,
Profeta, sacerdote e Rei; do mundo Salvador"
1134;Ó CRISTÃO, EIA AVANTE;;"Ó Cristãos, eia avante, eia avante!
Por Jesus e Sua Igreja a lutar;
Co’a Palavra, essa espada flamante,
Vamos, vamos, irmãos, pelejar.

Ó Cristão, sempre avante na lida!
O Evangelho com fé a pregar;
Ao trabalho o Senhor nos convida,
Vamos, pois, com Jesus pelejar.

Ó cristãos, eia avante, eia avante!
Boa nova aos perdidos levar;
Por cidades e vilas adiante,
Salvação vamos nós proclamar.

Ó Cristãos, eia avante, eia avante!
Pois a aurora já vemos raiar,
Desse dia em que Cristo, triunfante.
Neste mundo há de sempre reinar.

Ó cristãos, eia avante, eia avante!
Vexilários da fé vamos ser;
E a vanguarda do exército brilhante
Que gloriosa vitória há de ter!

Ó cristãos, eia avante, eia avante!
Com coragem, sem nada temer;
Com Jesus, divinal comandante,
Nós havemos, irmãos, de vencer."
1135;Ó DESCE FOGO SANTO;;"Espírito, alma e corpo,
Oferto a Ti, Senhor,
Como hóstia verdadeira,
Em oblação de amor.

Eu tudo a Deus consagro
Em Cristo, o vivo altar;
Ó desce, fogo santo,
Do céu vem tu selar!

Sou teu, ó Jesus Cristo!
Teu sangue me comprou;
Eu quero a Tua graça,
Pois de Ti sempre sou.

Espírito divino,
Do Pai a promissão;
Sedenta a alma pede,
A Ti, a santa unção."
1136;Ó MENINOS, VINDE;;"Ó meninos, vinde agora
A Jesus, Salvador,
O qual vos espera;
Quer-vos dar seu amor.

Vinde todos sem demora,
Vinde já sem temer;
Jesus vos aceita
Com imenso prazer.

Ele chama com ternura:
‘Vinde todos a mim,
Gozar no meu seio
Segurança sem fim.’

Sim, Jesus nós, pequeninos,
Pressa temos de vir
A teus braços fortes,
Teu amor possuir."
1137;Ó MINHA ALMA SEM DEMORA;;"Ó minha alma, sem demora
Ergue-te para entoar
Os louvores do teu Cristo
E seu nome celebrar!
Pra remir-te,
Sua vida te quis dar! (bis)

Minha condição tão triste
Conheceu meu Salvador,
E dos céus desceu à terra
Para ser meu Redentor.
Oh, quão grande
É o amor do meu Senhor! (bis)

Condenado justamente,
Que podia eu fazer
Pra livrar-me dessa pena,
O perdão pra merecer?
O seu sangue
Quis Jesus por mim verter! (bis)

De meus crimes carregando,
Lá na cruz, em meu lugar,
Foi Jesus cruscificado
A minha alma pra salvar!
Vinde todos (bis)
Já comigo adorar!"
